{
"type": "FeatureCollection",
"crs": { "type": "name", "properties": { "name": "urn:ogc:def:crs:OGC:1.3:CRS84" } },
"features": [
{ "type": "Feature", "properties": { "shapeName": "Mombasa", "shapeISO": "", "shapeID": "84041B4966396117000", "shapeGroup": "KEN", "shapeType": "ADM1" }, "geometry": { "type": "MultiPolygon", "coordinates": [ [ [ [ 39.642683729, -4.15244292 ], [ 39.649898453, -4.140735871 ], [ 39.654833032, -4.126515261 ], [ 39.662358633, -4.114587182 ], [ 39.663514257, -4.109817552 ], [ 39.672392819, -4.095675226 ], [ 39.674177415, -4.091123317 ], [ 39.673261323, -4.085798083 ], [ 39.674298768, -4.082205097 ], [ 39.672746566, -4.080773455 ], [ 39.66005928, -4.079053898 ], [ 39.652788441, -4.072201844 ], [ 39.650743124, -4.072767362 ], [ 39.646173896, -4.079664785 ], [ 39.646340895, -4.07676327 ], [ 39.648787615, -4.07444282 ], [ 39.641632734, -4.066512552 ], [ 39.641735165, -4.061871924 ], [ 39.638113247, -4.04881042 ], [ 39.637081347, -4.048539736 ], [ 39.636036696, -4.051625285 ], [ 39.637080033, -4.056455364 ], [ 39.629345991, -4.061246805 ], [ 39.620201723, -4.057599092 ], [ 39.612718318, -4.06091844 ], [ 39.614155512, -4.061629898 ], [ 39.618220652, -4.060026822 ], [ 39.620907913, -4.063711077 ], [ 39.61708123, -4.062773399 ], [ 39.613265753, -4.064512536 ], [ 39.611320385, -4.062032027 ], [ 39.608171168, -4.061217459 ], [ 39.605537138, -4.062717348 ], [ 39.601715608, -4.061323963 ], [ 39.598636057, -4.062851048 ], [ 39.592187717, -4.063141342 ], [ 39.592177803, -4.064994942 ], [ 39.594771812, -4.067200703 ], [ 39.590517336, -4.07401072 ], [ 39.58634971, -4.075889304 ], [ 39.587877086, -4.079206511 ], [ 39.58582028, -4.081101514 ], [ 39.584305991, -4.089476264 ], [ 39.587992728, -4.092101762 ], [ 39.588090286, -4.097205705 ], [ 39.592642988, -4.104723216 ], [ 39.591244771, -4.106440053 ], [ 39.587988309, -4.106255135 ], [ 39.588737499, -4.10963125 ], [ 39.583250462, -4.111439641 ], [ 39.582092259, -4.114745406 ], [ 39.581337524, -4.112485995 ], [ 39.575260086, -4.119893595 ], [ 39.579378962, -4.119411745 ], [ 39.582527449, -4.116318812 ], [ 39.585897576, -4.118288011 ], [ 39.591942083, -4.113661691 ], [ 39.595840236, -4.113704544 ], [ 39.600220289, -4.107949671 ], [ 39.598306583, -4.100959273 ], [ 39.600465713, -4.09736841 ], [ 39.605352637, -4.095391088 ], [ 39.606928043, -4.087612349 ], [ 39.60907972, -4.087931875 ], [ 39.610137561, -4.092089657 ], [ 39.613544787, -4.090993248 ], [ 39.612244861, -4.092252253 ], [ 39.628698154, -4.109874884 ], [ 39.632926464, -4.117497962 ], [ 39.637814608, -4.118281003 ], [ 39.636487787, -4.121952117 ], [ 39.632858748, -4.124082021 ], [ 39.630018392, -4.136504659 ], [ 39.626006921, -4.141515614 ], [ 39.642683729, -4.15244292 ] ] ], [ [ [ 39.639515939, -4.037929192 ], [ 39.646170868, -4.048248 ], [ 39.647580779, -4.058754766 ], [ 39.65286961, -4.061036838 ], [ 39.655103338, -4.065326182 ], [ 39.65682757, -4.064407555 ], [ 39.65648435, -4.067664452 ], [ 39.658429194, -4.067951384 ], [ 39.659903542, -4.070265874 ], [ 39.661633972, -4.06933151 ], [ 39.661722803, -4.065780772 ], [ 39.663359095, -4.068802083 ], [ 39.661947445, -4.07216626 ], [ 39.665837888, -4.076493016 ], [ 39.671791322, -4.076704026 ], [ 39.674883028, -4.072294705 ], [ 39.682106694, -4.069223421 ], [ 39.679962618, -4.058208305 ], [ 39.674698541, -4.052253542 ], [ 39.674769527, -4.049474157 ], [ 39.677624357, -4.044852586 ], [ 39.67223926, -4.043903299 ], [ 39.670222682, -4.04105 ], [ 39.669970076, -4.038459959 ], [ 39.674287237, -4.035996621 ], [ 39.674356459, -4.033568953 ], [ 39.669979652, -4.032410136 ], [ 39.665363277, -4.028059679 ], [ 39.660290563, -4.027643452 ], [ 39.651803197, -4.031879726 ], [ 39.648553432, -4.036129763 ], [ 39.642780664, -4.035217611 ], [ 39.639515939, -4.037929192 ] ] ], [ [ [ 39.646172575, -3.950586994 ], [ 39.651123047, -3.953491211 ], [ 39.652282715, -3.957092285 ], [ 39.656046549, -3.956970215 ], [ 39.659042358, -3.952850342 ], [ 39.661682129, -3.953491211 ], [ 39.659118652, -3.957092285 ], [ 39.658081055, -3.961791992 ], [ 39.66229248, -3.964538574 ], [ 39.659210205, -3.969604492 ], [ 39.658828735, -3.97354126 ], [ 39.660629272, -3.976669312 ], [ 39.663299561, -3.976501465 ], [ 39.663879395, -3.980529785 ], [ 39.666152954, -3.978530884 ], [ 39.665985107, -3.984649658 ], [ 39.668884277, -3.989135742 ], [ 39.664260864, -3.992874146 ], [ 39.665283203, -3.997192383 ], [ 39.670013428, -4.000793457 ], [ 39.670715332, -4.004150391 ], [ 39.666442871, -4.010116577 ], [ 39.660186768, -4.011444092 ], [ 39.659484863, -4.013183594 ], [ 39.661193848, -4.019195557 ], [ 39.66607666, -4.022216797 ], [ 39.669921875, -4.020019531 ], [ 39.673187256, -4.02053833 ], [ 39.673583984, -4.017303467 ], [ 39.674545288, -4.017868042 ], [ 39.674682617, -4.02130127 ], [ 39.669921875, -4.023376465 ], [ 39.671463013, -4.02633667 ], [ 39.671203613, -4.029724121 ], [ 39.676086426, -4.029174805 ], [ 39.677124023, -4.03314209 ], [ 39.676605225, -4.036590576 ], [ 39.673095703, -4.040588379 ], [ 39.678710937, -4.040588379 ], [ 39.680999756, -4.041992188 ], [ 39.680549309, -4.05292647 ], [ 39.683103968, -4.05546849 ], [ 39.682837277, -4.058799649 ], [ 39.684399068, -4.061135764 ], [ 39.69284767, -4.061320665 ], [ 39.696273549, -4.060039935 ], [ 39.702900528, -4.055152595 ], [ 39.723566879, -4.023159406 ], [ 39.727892939, -4.021249942 ], [ 39.72987782, -4.01842945 ], [ 39.730309556, -4.015797446 ], [ 39.72687412, -4.012862756 ], [ 39.726125397, -4.008293269 ], [ 39.727294922, -4.005310059 ], [ 39.732208252, -4.001800537 ], [ 39.731201172, -3.996582031 ], [ 39.73248291, -3.994384766 ], [ 39.748718262, -3.975219727 ], [ 39.753692627, -3.966674805 ], [ 39.761474609, -3.961181641 ], [ 39.762252808, -3.959106445 ], [ 39.758117676, -3.956726074 ], [ 39.752502441, -3.957519531 ], [ 39.744293213, -3.955413818 ], [ 39.735900879, -3.949371338 ], [ 39.732086182, -3.952850342 ], [ 39.726928711, -3.954101563 ], [ 39.715087891, -3.95223999 ], [ 39.710067749, -3.948638916 ], [ 39.708236694, -3.951878866 ], [ 39.704284668, -3.948913574 ], [ 39.701446533, -3.952194214 ], [ 39.70098877, -3.95123291 ], [ 39.697814941, -3.952056885 ], [ 39.69128418, -3.94909668 ], [ 39.696472168, -3.948120117 ], [ 39.698913574, -3.950378418 ], [ 39.702087402, -3.949401855 ], [ 39.702011108, -3.947677612 ], [ 39.706481934, -3.948303223 ], [ 39.707702637, -3.947021484 ], [ 39.699890137, -3.944396973 ], [ 39.696014404, -3.933197021 ], [ 39.693481445, -3.932250977 ], [ 39.695800781, -3.93069458 ], [ 39.69720459, -3.924987793 ], [ 39.694091797, -3.922973633 ], [ 39.690270021, -3.923384524 ], [ 39.676044451, -3.9221862 ], [ 39.671560286, -3.919444322 ], [ 39.64287724, -3.925070322 ], [ 39.640171739, -3.929700042 ], [ 39.642230358, -3.930041618 ], [ 39.645852459, -3.935011648 ], [ 39.649792943, -3.935407228 ], [ 39.650663211, -3.938014521 ], [ 39.648378888, -3.940122113 ], [ 39.649900624, -3.941014168 ], [ 39.649773873, -3.943480578 ], [ 39.653478979, -3.944768308 ], [ 39.646172575, -3.950586994 ] ] ], [ [ [ 39.639515939, -4.037929192 ], [ 39.635654262, -4.034026947 ], [ 39.636626638, -4.031632116 ], [ 39.642108184, -4.030490951 ], [ 39.64630462, -4.034765673 ], [ 39.649659669, -4.030542256 ], [ 39.650081745, -4.026829051 ], [ 39.64438262, -4.027404458 ], [ 39.64265498, -4.024938601 ], [ 39.640714123, -4.025036544 ], [ 39.640462457, -4.014413074 ], [ 39.637421946, -4.009709213 ], [ 39.635447902, -3.997635776 ], [ 39.63778979, -3.993932327 ], [ 39.635954485, -3.989766511 ], [ 39.627988136, -3.989126782 ], [ 39.624771031, -3.992726243 ], [ 39.623593044, -3.990719026 ], [ 39.620455211, -3.990611288 ], [ 39.618239219, -3.988150248 ], [ 39.616424031, -3.988260616 ], [ 39.611453929, -3.980528302 ], [ 39.608807571, -3.9826903 ], [ 39.604711913, -3.981487545 ], [ 39.601151557, -3.985901878 ], [ 39.598112462, -3.985049279 ], [ 39.596256402, -3.988262477 ], [ 39.591474984, -3.98989059 ], [ 39.59109454, -3.988826186 ], [ 39.59276466, -3.98663033 ], [ 39.59989646, -3.984074 ], [ 39.602446238, -3.980741778 ], [ 39.608626763, -3.978088954 ], [ 39.607320799, -3.968942558 ], [ 39.608540838, -3.966182107 ], [ 39.603806649, -3.964629838 ], [ 39.604759239, -3.959474149 ], [ 39.607028413, -3.959225933 ], [ 39.606953939, -3.963236491 ], [ 39.609985352, -3.961395264 ], [ 39.612792969, -3.964172363 ], [ 39.615112305, -3.963378906 ], [ 39.617919922, -3.95892334 ], [ 39.619140625, -3.959177653 ], [ 39.618835449, -3.960734049 ], [ 39.614318848, -3.967895508 ], [ 39.616699219, -3.975891113 ], [ 39.62121582, -3.977142334 ], [ 39.628723145, -3.982177734 ], [ 39.634094238, -3.980377197 ], [ 39.639099121, -3.975158691 ], [ 39.64151001, -3.976959229 ], [ 39.645202637, -3.977050781 ], [ 39.647659302, -3.978973389 ], [ 39.648101807, -3.986297607 ], [ 39.656311035, -3.989746094 ], [ 39.660797119, -3.993438721 ], [ 39.660797119, -3.990966797 ], [ 39.66229248, -3.989807129 ], [ 39.661407471, -3.98614502 ], [ 39.655517578, -3.973693848 ], [ 39.656005859, -3.961486816 ], [ 39.654205322, -3.959899902 ], [ 39.648068238, -3.959339794 ], [ 39.640930547, -3.957460963 ], [ 39.627602366, -3.963647394 ], [ 39.621648774, -3.960080132 ], [ 39.622886656, -3.957882154 ], [ 39.621056382, -3.955447867 ], [ 39.618648339, -3.957597861 ], [ 39.613363506, -3.957672183 ], [ 39.610283847, -3.959276434 ], [ 39.608672449, -3.956415194 ], [ 39.602976062, -3.953587374 ], [ 39.599874296, -3.949589741 ], [ 39.58374461, -3.965445251 ], [ 39.583202064, -3.969781792 ], [ 39.569255059, -3.975010653 ], [ 39.568930898, -3.979186653 ], [ 39.57538322, -3.984204865 ], [ 39.569690696, -3.9915507 ], [ 39.567885724, -4.006758523 ], [ 39.564219671, -4.012686416 ], [ 39.567817517, -4.019727983 ], [ 39.573731948, -4.023610195 ], [ 39.583676611, -4.025895445 ], [ 39.586007846, -4.028959982 ], [ 39.583491332, -4.040394696 ], [ 39.585569987, -4.04357162 ], [ 39.591964849, -4.041897132 ], [ 39.602926742, -4.042280078 ], [ 39.61483501, -4.040140565 ], [ 39.619223024, -4.041622769 ], [ 39.620269152, -4.043524069 ], [ 39.625355238, -4.043961224 ], [ 39.629876849, -4.040660701 ], [ 39.6370861, -4.040690561 ], [ 39.639515939, -4.037929192 ] ] ] ] } },
{ "type": "Feature", "properties": { "shapeName": "Kwale", "shapeISO": "", "shapeID": "84041B49371932358008", "shapeGroup": "KEN", "shapeType": "ADM1" }, "geometry": { "type": "MultiPolygon", "coordinates": [ [ [ [ 39.223083496, -4.669006348 ], [ 39.224487305, -4.666320801 ], [ 39.221313477, -4.667724609 ], [ 39.220344103, -4.671690683 ], [ 39.223083496, -4.669006348 ] ] ], [ [ [ 39.224233762, -4.662642706 ], [ 39.227789593, -4.660302817 ], [ 39.222693835, -4.659716845 ], [ 39.221960537, -4.665235916 ], [ 39.224233762, -4.662642706 ] ] ], [ [ [ 39.216674805, -4.660705566 ], [ 39.21472168, -4.66027832 ], [ 39.21472168, -4.662902832 ], [ 39.216674805, -4.660705566 ] ] ], [ [ [ 39.275085449, -4.654418945 ], [ 39.270507813, -4.65447998 ], [ 39.270874023, -4.663085938 ], [ 39.274108887, -4.666625977 ], [ 39.278320313, -4.668395996 ], [ 39.28527832, -4.665893555 ], [ 39.28729248, -4.662780762 ], [ 39.275085449, -4.654418945 ] ] ], [ [ [ 39.216674805, -4.660705566 ], [ 39.219116211, -4.658996582 ], [ 39.219909668, -4.656311035 ], [ 39.219116211, -4.650878906 ], [ 39.215270996, -4.653869629 ], [ 39.216674805, -4.660705566 ] ] ], [ [ [ 39.232299805, -4.647094727 ], [ 39.232299805, -4.650024414 ], [ 39.234130859, -4.647277832 ], [ 39.232299805, -4.647094727 ] ] ], [ [ [ 39.24230957, -4.620300293 ], [ 39.24432373, -4.621520996 ], [ 39.244873047, -4.61920166 ], [ 39.24230957, -4.620300293 ] ] ], [ [ [ 39.289489746, -4.594604492 ], [ 39.287902832, -4.592895508 ], [ 39.286499023, -4.596069336 ], [ 39.289306641, -4.596984863 ], [ 39.291320801, -4.59979248 ], [ 39.291870117, -4.596069336 ], [ 39.289489746, -4.594604492 ] ] ], [ [ [ 39.296508789, -4.576782227 ], [ 39.296081543, -4.579223633 ], [ 39.301879883, -4.589416504 ], [ 39.312316895, -4.57800293 ], [ 39.311706543, -4.571105957 ], [ 39.308121171, -4.56942231 ], [ 39.30291748, -4.570983887 ], [ 39.29888916, -4.572875977 ], [ 39.296508789, -4.576782227 ] ] ], [ [ [ 39.581337524, -4.112485995 ], [ 39.584682446, -4.102731584 ], [ 39.583677774, -4.096787201 ], [ 39.580112461, -4.09152456 ], [ 39.578581821, -4.084828474 ], [ 39.578955176, -4.042549618 ], [ 39.580811696, -4.035753249 ], [ 39.576160383, -4.028965943 ], [ 39.563076008, -4.020754391 ], [ 39.564219671, -4.012686416 ], [ 39.567885724, -4.006758523 ], [ 39.569690696, -3.9915507 ], [ 39.564678672, -3.987672349 ], [ 39.555665342, -3.983982515 ], [ 39.550047722, -3.98594187 ], [ 39.545641875, -3.991305833 ], [ 39.546948614, -3.993727492 ], [ 39.545566087, -3.994929644 ], [ 39.544019701, -3.993263478 ], [ 39.544847205, -3.991342211 ], [ 39.540122024, -3.990117906 ], [ 39.53980145, -3.987206089 ], [ 39.546046235, -3.977455544 ], [ 39.548089977, -3.9671656 ], [ 39.545895079, -3.958681591 ], [ 39.544855594, -3.956827427 ], [ 39.540214507, -3.957578631 ], [ 39.533798983, -3.953798212 ], [ 39.528434752, -3.947837967 ], [ 39.527461054, -3.944594005 ], [ 39.530307757, -3.93463588 ], [ 39.527651779, -3.930393358 ], [ 39.52155457, -3.928234249 ], [ 39.519682793, -3.915034696 ], [ 39.51291312, -3.912132974 ], [ 39.506142584, -3.904912504 ], [ 39.501813429, -3.90434777 ], [ 39.499897476, -3.902195614 ], [ 39.496807101, -3.886603303 ], [ 39.492579477, -3.883448075 ], [ 39.485629517, -3.880969239 ], [ 39.47867582, -3.872351505 ], [ 39.474566122, -3.869386723 ], [ 39.466747258, -3.858817098 ], [ 39.459187027, -3.854819627 ], [ 39.450597056, -3.85334817 ], [ 39.448896883, -3.849637076 ], [ 39.435453033, -3.836533949 ], [ 39.433846242, -3.832119602 ], [ 39.421726621, -3.825857768 ], [ 39.419613367, -3.820462567 ], [ 39.412952445, -3.820155568 ], [ 39.40940689, -3.824245079 ], [ 39.403653463, -3.82100237 ], [ 39.401210789, -3.824996614 ], [ 39.398867213, -3.825609451 ], [ 39.393955703, -3.81814263 ], [ 39.389846432, -3.81713893 ], [ 39.383271219, -3.809072387 ], [ 39.379023806, -3.807531319 ], [ 39.381674835, -3.797181584 ], [ 39.376949316, -3.79315312 ], [ 39.384118404, -3.784580266 ], [ 39.387431585, -3.785056914 ], [ 39.389580302, -3.782194719 ], [ 39.389332564, -3.775313008 ], [ 39.384347074, -3.774622255 ], [ 39.38317624, -3.771045055 ], [ 39.385345611, -3.768828574 ], [ 39.391608969, -3.76757282 ], [ 39.392490242, -3.759970378 ], [ 39.395034633, -3.753275125 ], [ 39.391224745, -3.744713442 ], [ 39.391738926, -3.738961569 ], [ 39.389166061, -3.736751465 ], [ 39.381838039, -3.73975238 ], [ 39.379586814, -3.738963932 ], [ 39.375640846, -3.740413026 ], [ 39.371326099, -3.738412809 ], [ 39.369232521, -3.735506364 ], [ 39.362389034, -3.733391675 ], [ 39.357980242, -3.72819665 ], [ 39.357637711, -3.717486807 ], [ 39.353606414, -3.712206411 ], [ 39.353482242, -3.707998864 ], [ 39.348729117, -3.704642356 ], [ 39.346992164, -3.700471912 ], [ 39.347409265, -3.692496153 ], [ 39.348897933, -3.69143863 ], [ 39.351723124, -3.692091706 ], [ 39.353208312, -3.689178579 ], [ 39.352975847, -3.673724188 ], [ 39.355204722, -3.66867958 ], [ 39.353895199, -3.660540554 ], [ 39.356609094, -3.65373745 ], [ 39.351328445, -3.638790246 ], [ 39.343428125, -3.635074205 ], [ 39.347047164, -3.620942884 ], [ 39.345694959, -3.609585817 ], [ 39.347207226, -3.607260273 ], [ 39.347111695, -3.598533171 ], [ 39.34531879, -3.595499738 ], [ 39.335444094, -3.589769376 ], [ 39.332852873, -3.590345259 ], [ 39.329592652, -3.588664748 ], [ 39.328152138, -3.586100098 ], [ 39.324981111, -3.584524515 ], [ 39.32206698, -3.578710719 ], [ 39.318166424, -3.575031963 ], [ 39.320427508, -3.568461741 ], [ 39.319527617, -3.564684364 ], [ 39.316232212, -3.564346567 ], [ 39.311945358, -3.566752267 ], [ 39.305722472, -3.566311735 ], [ 39.301938518, -3.5691595 ], [ 39.295246102, -3.569462036 ], [ 39.087196319, -3.569599131 ], [ 39.056056946, -3.684526443 ], [ 38.968475319, -3.633464317 ], [ 38.930492383, -3.695812942 ], [ 39.035120007, -3.75830591 ], [ 38.946018195, -3.959537005 ], [ 38.865337351, -3.987338443 ], [ 38.44574546, -4.137970693 ], [ 38.805297852, -4.388793945 ], [ 39.121887207, -4.610717773 ], [ 39.167724609, -4.641296387 ], [ 39.190673828, -4.659301758 ], [ 39.192687988, -4.666320801 ], [ 39.195129395, -4.667175293 ], [ 39.201293945, -4.666015625 ], [ 39.205871582, -4.67590332 ], [ 39.211914063, -4.674926758 ], [ 39.217285156, -4.676879883 ], [ 39.219909668, -4.676391602 ], [ 39.220275879, -4.671813965 ], [ 39.218505859, -4.673583984 ], [ 39.212280273, -4.665527344 ], [ 39.210876465, -4.661499023 ], [ 39.212097168, -4.652587891 ], [ 39.209716797, -4.64642334 ], [ 39.214111328, -4.642578125 ], [ 39.215881348, -4.634216309 ], [ 39.219116211, -4.63269043 ], [ 39.223510742, -4.625305176 ], [ 39.221923828, -4.619873047 ], [ 39.225097656, -4.617919922 ], [ 39.224304199, -4.613769531 ], [ 39.225280762, -4.611206055 ], [ 39.237121582, -4.606201172 ], [ 39.23651123, -4.602172852 ], [ 39.240722656, -4.601928711 ], [ 39.242675781, -4.599487305 ], [ 39.245483398, -4.599975586 ], [ 39.247497559, -4.598693848 ], [ 39.251098633, -4.605285645 ], [ 39.25012207, -4.607727051 ], [ 39.252075195, -4.610107422 ], [ 39.252929688, -4.603271484 ], [ 39.255493164, -4.602294922 ], [ 39.255493164, -4.59942627 ], [ 39.257873535, -4.59777832 ], [ 39.263305664, -4.603210449 ], [ 39.264892578, -4.600891113 ], [ 39.267883301, -4.599975586 ], [ 39.257080078, -4.592773438 ], [ 39.252075195, -4.592102051 ], [ 39.25189209, -4.585876465 ], [ 39.249511719, -4.583190918 ], [ 39.245483398, -4.581970215 ], [ 39.241516113, -4.575195312 ], [ 39.240722656, -4.569702148 ], [ 39.239074707, -4.568481445 ], [ 39.243286133, -4.565795898 ], [ 39.248718262, -4.569396973 ], [ 39.252319336, -4.574584961 ], [ 39.258483887, -4.577392578 ], [ 39.261474609, -4.580627441 ], [ 39.268493652, -4.57800293 ], [ 39.272521973, -4.579406738 ], [ 39.273071289, -4.583190918 ], [ 39.276489258, -4.581298828 ], [ 39.27947998, -4.582885742 ], [ 39.283325195, -4.576599121 ], [ 39.296081543, -4.567382812 ], [ 39.308105469, -4.569274902 ], [ 39.31652832, -4.567321777 ], [ 39.320678711, -4.567871094 ], [ 39.314880371, -4.581420898 ], [ 39.31427002, -4.587890625 ], [ 39.317077637, -4.593688965 ], [ 39.314880371, -4.595581055 ], [ 39.31072998, -4.604919434 ], [ 39.318115234, -4.602905273 ], [ 39.319274902, -4.606506348 ], [ 39.32232666, -4.609191895 ], [ 39.318481445, -4.616882324 ], [ 39.31652832, -4.614074707 ], [ 39.312316895, -4.615905762 ], [ 39.309875488, -4.61932373 ], [ 39.308288574, -4.629516602 ], [ 39.312683105, -4.633789062 ], [ 39.320129395, -4.633789062 ], [ 39.323120117, -4.637695313 ], [ 39.327270508, -4.639587402 ], [ 39.346923828, -4.635803223 ], [ 39.354125977, -4.636779785 ], [ 39.370117188, -4.642883301 ], [ 39.385314941, -4.646484375 ], [ 39.401489258, -4.64440918 ], [ 39.406677246, -4.640869141 ], [ 39.39831543, -4.62322998 ], [ 39.39630127, -4.611999512 ], [ 39.392700195, -4.606079102 ], [ 39.391479492, -4.599975586 ], [ 39.392089844, -4.596923828 ], [ 39.397521973, -4.596923828 ], [ 39.402709961, -4.594970703 ], [ 39.40447998, -4.591003418 ], [ 39.40032959, -4.587585449 ], [ 39.403930664, -4.586914062 ], [ 39.398925781, -4.584228516 ], [ 39.394287109, -4.579223633 ], [ 39.389526367, -4.588012695 ], [ 39.387329102, -4.584899902 ], [ 39.387512207, -4.580993652 ], [ 39.389526367, -4.579711914 ], [ 39.388671875, -4.569824219 ], [ 39.384521484, -4.557495117 ], [ 39.37487793, -4.552978516 ], [ 39.377502441, -4.546691895 ], [ 39.380493164, -4.547607422 ], [ 39.379699707, -4.544372559 ], [ 39.375671387, -4.542602539 ], [ 39.375915527, -4.537780762 ], [ 39.380493164, -4.537902832 ], [ 39.380493164, -4.540771484 ], [ 39.384521484, -4.544311523 ], [ 39.391479492, -4.544921875 ], [ 39.387512207, -4.547790527 ], [ 39.391906738, -4.551269531 ], [ 39.394470215, -4.550292969 ], [ 39.397277832, -4.551574707 ], [ 39.401123047, -4.548278809 ], [ 39.406311035, -4.547607422 ], [ 39.408081055, -4.550292969 ], [ 39.414916992, -4.54309082 ], [ 39.413330078, -4.541320801 ], [ 39.413696289, -4.534423828 ], [ 39.417724609, -4.53137207 ], [ 39.424682617, -4.53692627 ], [ 39.426879883, -4.536376953 ], [ 39.426696777, -4.526672363 ], [ 39.428527832, -4.524169922 ], [ 39.42388916, -4.514709473 ], [ 39.424682617, -4.513000488 ], [ 39.427490234, -4.512390137 ], [ 39.427490234, -4.51550293 ], [ 39.429870605, -4.515686035 ], [ 39.431884766, -4.512390137 ], [ 39.439880371, -4.518798828 ], [ 39.442321777, -4.511474609 ], [ 39.4453125, -4.510375977 ], [ 39.4453125, -4.506469727 ], [ 39.44909668, -4.509277344 ], [ 39.450683594, -4.512695313 ], [ 39.450317383, -4.518127441 ], [ 39.457702637, -4.520080566 ], [ 39.459716797, -4.523071289 ], [ 39.457092285, -4.523620605 ], [ 39.459472656, -4.531188965 ], [ 39.462890625, -4.530090332 ], [ 39.471573693, -4.498101015 ], [ 39.477651219, -4.484712188 ], [ 39.480423258, -4.480088141 ], [ 39.490645149, -4.469908069 ], [ 39.493043201, -4.469994098 ], [ 39.494797233, -4.468372694 ], [ 39.497924737, -4.461965343 ], [ 39.496290788, -4.45292336 ], [ 39.499672197, -4.443549807 ], [ 39.493978764, -4.43997573 ], [ 39.487209972, -4.443717085 ], [ 39.484680176, -4.443286767 ], [ 39.489685059, -4.438892236 ], [ 39.492980957, -4.439014307 ], [ 39.495300293, -4.437000146 ], [ 39.496887207, -4.441699853 ], [ 39.50012207, -4.441089502 ], [ 39.501525879, -4.445606103 ], [ 39.50012207, -4.451587549 ], [ 39.503204346, -4.456256738 ], [ 39.501281738, -4.451099267 ], [ 39.503997803, -4.450092187 ], [ 39.506713867, -4.441211572 ], [ 39.507598877, -4.442737451 ], [ 39.508178711, -4.439624658 ], [ 39.509094238, -4.440112939 ], [ 39.508605957, -4.437793603 ], [ 39.507080078, -4.437915674 ], [ 39.510628094, -4.42871127 ], [ 39.509094238, -4.427661767 ], [ 39.50592041, -4.418201318 ], [ 39.510070801, -4.412341943 ], [ 39.509887695, -4.406787744 ], [ 39.508483887, -4.40520083 ], [ 39.509277344, -4.402393213 ], [ 39.506832762, -4.399934229 ], [ 39.508370643, -4.39816081 ], [ 39.511201245, -4.398144813 ], [ 39.510982486, -4.400226166 ], [ 39.514130288, -4.402682964 ], [ 39.515169666, -4.400911428 ], [ 39.517098161, -4.402107765 ], [ 39.519773854, -4.40027566 ], [ 39.519946639, -4.407543921 ], [ 39.521428901, -4.406653846 ], [ 39.522466125, -4.407579811 ], [ 39.525989816, -4.404428659 ], [ 39.527534407, -4.40622137 ], [ 39.530229156, -4.404572219 ], [ 39.532109798, -4.406001842 ], [ 39.533961728, -4.409874983 ], [ 39.532615849, -4.41306382 ], [ 39.535038431, -4.414621451 ], [ 39.536115134, -4.419976255 ], [ 39.533031456, -4.435789438 ], [ 39.53596978, -4.436302667 ], [ 39.538897814, -4.434483038 ], [ 39.542923489, -4.423737539 ], [ 39.543041926, -4.415303363 ], [ 39.549193491, -4.387703867 ], [ 39.560800353, -4.36072886 ], [ 39.564726731, -4.345066415 ], [ 39.57144536, -4.327494617 ], [ 39.597659497, -4.267802184 ], [ 39.598377299, -4.259734087 ], [ 39.597119812, -4.254871915 ], [ 39.60011867, -4.250420206 ], [ 39.603081412, -4.23499149 ], [ 39.60708969, -4.22657482 ], [ 39.613098535, -4.20281809 ], [ 39.621650958, -4.187763826 ], [ 39.629546051, -4.178003918 ], [ 39.642683729, -4.15244292 ], [ 39.626006921, -4.141515614 ], [ 39.630018392, -4.136504659 ], [ 39.632858748, -4.124082021 ], [ 39.636487787, -4.121952117 ], [ 39.637814608, -4.118281003 ], [ 39.632926464, -4.117497962 ], [ 39.628698154, -4.109874884 ], [ 39.612244861, -4.092252253 ], [ 39.613544787, -4.090993248 ], [ 39.610137561, -4.092089657 ], [ 39.60907972, -4.087931875 ], [ 39.606928043, -4.087612349 ], [ 39.605352637, -4.095391088 ], [ 39.600465713, -4.09736841 ], [ 39.598306583, -4.100959273 ], [ 39.600220289, -4.107949671 ], [ 39.595840236, -4.113704544 ], [ 39.591942083, -4.113661691 ], [ 39.585897576, -4.118288011 ], [ 39.582527449, -4.116318812 ], [ 39.579378962, -4.119411745 ], [ 39.575260086, -4.119893595 ], [ 39.581337524, -4.112485995 ] ] ], [ [ [ 39.381896973, -4.657775879 ], [ 39.364318848, -4.655212402 ], [ 39.359680176, -4.652282715 ], [ 39.352722168, -4.660522461 ], [ 39.351501465, -4.664001465 ], [ 39.352294922, -4.667175293 ], [ 39.368713379, -4.669311523 ], [ 39.386291504, -4.666687012 ], [ 39.397705078, -4.668518066 ], [ 39.399902344, -4.670898437 ], [ 39.402282715, -4.670227051 ], [ 39.403930664, -4.667602539 ], [ 39.399902344, -4.656311035 ], [ 39.396728516, -4.656188965 ], [ 39.394104004, -4.658813477 ], [ 39.390930176, -4.659301758 ], [ 39.381896973, -4.657775879 ] ] ], [ [ [ 39.4296875, -4.577575684 ], [ 39.426696777, -4.575317383 ], [ 39.425109863, -4.577697754 ], [ 39.42767334, -4.583190918 ], [ 39.430114746, -4.58190918 ], [ 39.4296875, -4.577575684 ] ] ], [ [ [ 39.411499023, -4.572509766 ], [ 39.41607666, -4.569091797 ], [ 39.415100098, -4.567016602 ], [ 39.408081055, -4.567871094 ], [ 39.407470703, -4.565429688 ], [ 39.400085449, -4.567626953 ], [ 39.397521973, -4.572998047 ], [ 39.400085449, -4.573669434 ], [ 39.401916504, -4.576904297 ], [ 39.407287598, -4.576904297 ], [ 39.409729004, -4.576416016 ], [ 39.411499023, -4.572509766 ] ] ], [ [ [ 39.399108887, -4.563903809 ], [ 39.401916504, -4.563720703 ], [ 39.399719238, -4.557373047 ], [ 39.397277832, -4.559387207 ], [ 39.399108887, -4.563903809 ] ] ], [ [ [ 39.454528809, -4.5703125 ], [ 39.453674316, -4.559326172 ], [ 39.460876465, -4.551391602 ], [ 39.461914063, -4.536010742 ], [ 39.453308105, -4.531616211 ], [ 39.450927734, -4.533813477 ], [ 39.446899414, -4.542602539 ], [ 39.449279785, -4.547485352 ], [ 39.445129395, -4.558105469 ], [ 39.435119629, -4.555297852 ], [ 39.432495117, -4.551818848 ], [ 39.4296875, -4.556518555 ], [ 39.427490234, -4.5546875 ], [ 39.426330566, -4.55657959 ], [ 39.432495117, -4.563171387 ], [ 39.434692383, -4.575683594 ], [ 39.434509277, -4.582702637 ], [ 39.436523437, -4.587524414 ], [ 39.438903809, -4.588928223 ], [ 39.441711426, -4.588684082 ], [ 39.443481445, -4.583679199 ], [ 39.449523926, -4.58190918 ], [ 39.450683594, -4.576904297 ], [ 39.454528809, -4.5703125 ] ] ], [ [ [ 39.395324707, -4.557006836 ], [ 39.393676758, -4.554504395 ], [ 39.390075684, -4.554626465 ], [ 39.393676758, -4.558776855 ], [ 39.397261176, -4.559384384 ], [ 39.395324707, -4.557006836 ] ] ], [ [ [ 39.390054032, -4.554585441 ], [ 39.387084961, -4.55090332 ], [ 39.386291504, -4.553405762 ], [ 39.390054032, -4.554585441 ] ] ], [ [ [ 39.503204346, -4.456256738 ], [ 39.502288818, -4.457935205 ], [ 39.503692627, -4.458087793 ], [ 39.503204346, -4.456256738 ] ] ] ] } },
{ "type": "Feature", "properties": { "shapeName": "Kilifi", "shapeISO": "", "shapeID": "84041B48657530486511", "shapeGroup": "KEN", "shapeType": "ADM1" }, "geometry": { "type": "Polygon", "coordinates": [ [ [ 39.690270021, -3.923384524 ], [ 39.691588596, -3.920200545 ], [ 39.690065958, -3.918996105 ], [ 39.690784815, -3.914129112 ], [ 39.69250815, -3.911294253 ], [ 39.691256631, -3.905448131 ], [ 39.692996444, -3.906387774 ], [ 39.694439191, -3.913779569 ], [ 39.697310962, -3.916385317 ], [ 39.698840174, -3.915071786 ], [ 39.698629251, -3.912852939 ], [ 39.702279384, -3.909452475 ], [ 39.709328906, -3.90970141 ], [ 39.709109927, -3.898547452 ], [ 39.711866627, -3.897417999 ], [ 39.714057847, -3.898623592 ], [ 39.716208032, -3.893108002 ], [ 39.717408127, -3.894583267 ], [ 39.714927141, -3.903909169 ], [ 39.709600321, -3.912181761 ], [ 39.70429254, -3.917045379 ], [ 39.70344212, -3.921064128 ], [ 39.700683848, -3.922103637 ], [ 39.699959539, -3.924031477 ], [ 39.702141506, -3.924872219 ], [ 39.70385662, -3.933860555 ], [ 39.705510822, -3.934072802 ], [ 39.706651775, -3.931316197 ], [ 39.707912493, -3.933048046 ], [ 39.709053363, -3.938383434 ], [ 39.708183976, -3.942367602 ], [ 39.712630169, -3.947995029 ], [ 39.716641942, -3.949891459 ], [ 39.728248951, -3.951495216 ], [ 39.730676, -3.951334771 ], [ 39.735701423, -3.94742348 ], [ 39.742202111, -3.952989518 ], [ 39.75192351, -3.955855494 ], [ 39.758284073, -3.95091309 ], [ 39.764564262, -3.950942776 ], [ 39.770503399, -3.944649713 ], [ 39.777632262, -3.933013596 ], [ 39.78779732, -3.904026604 ], [ 39.809227935, -3.864679837 ], [ 39.828098468, -3.823622456 ], [ 39.829743796, -3.808134368 ], [ 39.836125758, -3.794501602 ], [ 39.839908705, -3.778567147 ], [ 39.842536027, -3.774590273 ], [ 39.843718732, -3.763437174 ], [ 39.848714241, -3.748844959 ], [ 39.854434126, -3.738099654 ], [ 39.856913182, -3.725095221 ], [ 39.861516829, -3.717676739 ], [ 39.86089555, -3.711623391 ], [ 39.86474093, -3.707364836 ], [ 39.869803064, -3.69622352 ], [ 39.86774245, -3.679148508 ], [ 39.864579671, -3.676778565 ], [ 39.860104382, -3.678444187 ], [ 39.857215716, -3.677140242 ], [ 39.85428218, -3.680219944 ], [ 39.850716615, -3.679990837 ], [ 39.84040879, -3.67527316 ], [ 39.83884945, -3.68152559 ], [ 39.835730787, -3.682739567 ], [ 39.835462682, -3.681732602 ], [ 39.839111188, -3.678155479 ], [ 39.839982389, -3.673742372 ], [ 39.845176436, -3.676498581 ], [ 39.854461658, -3.67843467 ], [ 39.855605613, -3.67650572 ], [ 39.860037755, -3.677671339 ], [ 39.865621558, -3.674676707 ], [ 39.868437254, -3.665440433 ], [ 39.867352219, -3.653326597 ], [ 39.861457103, -3.63941032 ], [ 39.854664933, -3.637410384 ], [ 39.850560363, -3.634616894 ], [ 39.843110746, -3.635492538 ], [ 39.838914486, -3.632372536 ], [ 39.838177647, -3.629747726 ], [ 39.829705524, -3.636290928 ], [ 39.827286855, -3.633970476 ], [ 39.825554608, -3.63809424 ], [ 39.819165755, -3.64571708 ], [ 39.810478344, -3.646054965 ], [ 39.806364731, -3.644443593 ], [ 39.806103307, -3.643020888 ], [ 39.800931944, -3.639726957 ], [ 39.799263784, -3.640872816 ], [ 39.797336104, -3.64021101 ], [ 39.793239623, -3.631241392 ], [ 39.790795442, -3.629275008 ], [ 39.790844773, -3.62611698 ], [ 39.788479433, -3.625313204 ], [ 39.785902317, -3.620749874 ], [ 39.791268161, -3.621030969 ], [ 39.794232573, -3.627830673 ], [ 39.806585545, -3.625153779 ], [ 39.810310648, -3.629510461 ], [ 39.810308925, -3.622087131 ], [ 39.805722592, -3.61846062 ], [ 39.804042695, -3.612330865 ], [ 39.795835139, -3.611862112 ], [ 39.789600951, -3.613216024 ], [ 39.780123559, -3.610898431 ], [ 39.777727442, -3.607469624 ], [ 39.77605774, -3.600574628 ], [ 39.773200121, -3.597117383 ], [ 39.773654069, -3.591624796 ], [ 39.770125503, -3.587955379 ], [ 39.778424624, -3.589336943 ], [ 39.779313114, -3.58631717 ], [ 39.776554631, -3.582509609 ], [ 39.78165597, -3.581426819 ], [ 39.782999798, -3.58459243 ], [ 39.781816942, -3.584877436 ], [ 39.777709765, -3.594768743 ], [ 39.778833891, -3.605831367 ], [ 39.781645621, -3.610324979 ], [ 39.786619486, -3.609620659 ], [ 39.789724684, -3.605985794 ], [ 39.799130535, -3.603753543 ], [ 39.803520798, -3.604970239 ], [ 39.815805956, -3.604884853 ], [ 39.82280395, -3.608878267 ], [ 39.827069848, -3.617716538 ], [ 39.829346515, -3.618242874 ], [ 39.829864605, -3.621456097 ], [ 39.834193953, -3.621850136 ], [ 39.840302507, -3.625077637 ], [ 39.845097119, -3.632451587 ], [ 39.851411416, -3.632152566 ], [ 39.857117683, -3.63517607 ], [ 39.865155183, -3.635518713 ], [ 39.869924415, -3.631901932 ], [ 39.876175527, -3.616642031 ], [ 39.882010274, -3.608359906 ], [ 39.894978226, -3.577718377 ], [ 39.901147649, -3.567024528 ], [ 39.924926506, -3.500363455 ], [ 39.924208995, -3.495696113 ], [ 39.925678911, -3.490785703 ], [ 39.931512937, -3.482158422 ], [ 39.941350534, -3.457889286 ], [ 39.953685197, -3.435343666 ], [ 39.956580554, -3.428525223 ], [ 39.956501553, -3.425346766 ], [ 39.959813283, -3.420746988 ], [ 39.960184566, -3.41669528 ], [ 39.96706357, -3.405846345 ], [ 39.968096179, -3.401926856 ], [ 39.964556073, -3.398890207 ], [ 39.965229927, -3.388970318 ], [ 39.951507606, -3.384655756 ], [ 39.946888196, -3.37733359 ], [ 39.944148743, -3.377799528 ], [ 39.937717709, -3.386732906 ], [ 39.934806849, -3.388069632 ], [ 39.935937216, -3.384446847 ], [ 39.943394893, -3.374442463 ], [ 39.941147087, -3.371818999 ], [ 39.935892798, -3.373369558 ], [ 39.933687676, -3.369973936 ], [ 39.935159265, -3.367714564 ], [ 39.939556561, -3.365595383 ], [ 39.937097119, -3.360643557 ], [ 39.937304016, -3.347258137 ], [ 39.940177546, -3.345331142 ], [ 39.944319152, -3.345655186 ], [ 39.946144575, -3.34649159 ], [ 39.946117914, -3.348303985 ], [ 39.953639126, -3.343814425 ], [ 39.954712633, -3.340090176 ], [ 39.948520477, -3.335686445 ], [ 39.95069707, -3.328977498 ], [ 39.972711102, -3.319295278 ], [ 39.985002501, -3.318647504 ], [ 39.989648232, -3.317004798 ], [ 39.988537028, -3.314203104 ], [ 39.98956614, -3.313666681 ], [ 39.995827449, -3.313241676 ], [ 39.994643424, -3.318033465 ], [ 39.987820033, -3.322765248 ], [ 39.98284766, -3.33115148 ], [ 39.984194435, -3.3353703 ], [ 39.988725684, -3.340553559 ], [ 39.989299265, -3.344725627 ], [ 39.992251251, -3.350093861 ], [ 39.989092027, -3.354929868 ], [ 39.991664543, -3.357999129 ], [ 39.989600891, -3.363119141 ], [ 39.991789043, -3.364687839 ], [ 39.995260456, -3.362051376 ], [ 39.996818659, -3.36410887 ], [ 39.992013538, -3.368484049 ], [ 39.989330255, -3.365922438 ], [ 39.986144055, -3.368411135 ], [ 39.981435139, -3.36649376 ], [ 39.970489519, -3.374985477 ], [ 39.970559926, -3.379847355 ], [ 39.968646524, -3.384986503 ], [ 39.971373244, -3.387221709 ], [ 39.975092192, -3.386676677 ], [ 40.004343796, -3.362393392 ], [ 40.01084805, -3.358771062 ], [ 40.011446969, -3.360933922 ], [ 40.014099896, -3.359468048 ], [ 40.014573571, -3.355221489 ], [ 40.016568661, -3.358105797 ], [ 40.025316863, -3.351961765 ], [ 40.024500268, -3.349925476 ], [ 40.02655888, -3.349902536 ], [ 40.026562723, -3.351987151 ], [ 40.027657048, -3.351496583 ], [ 40.03329945, -3.346212377 ], [ 40.0370717, -3.34555812 ], [ 40.036540739, -3.343516721 ], [ 40.040177342, -3.340054135 ], [ 40.05385493, -3.334062071 ], [ 40.073656075, -3.317267891 ], [ 40.08681202, -3.312314985 ], [ 40.106487085, -3.299946369 ], [ 40.119209269, -3.28871639 ], [ 40.124875394, -3.276862435 ], [ 40.12332154, -3.270851348 ], [ 40.129938656, -3.261906826 ], [ 40.132170564, -3.253011747 ], [ 40.125830955, -3.245635974 ], [ 40.128759862, -3.221700088 ], [ 40.126432424, -3.220878098 ], [ 40.125213936, -3.21444939 ], [ 40.120921755, -3.208267975 ], [ 40.120311743, -3.200175762 ], [ 40.126255993, -3.185663504 ], [ 40.139733493, -3.168911174 ], [ 40.140457046, -3.166150813 ], [ 40.141854774, -3.16661852 ], [ 40.14997537, -3.149863504 ], [ 40.162848665, -3.130898729 ], [ 40.163086576, -3.123963249 ], [ 40.158978962, -3.095997457 ], [ 40.155475403, -3.087385851 ], [ 40.156683907, -3.08148809 ], [ 40.164384368, -3.073656496 ], [ 40.173746738, -3.068839285 ], [ 40.173697139, -3.062415134 ], [ 40.170219415, -3.05745541 ], [ 40.169421759, -3.053110292 ], [ 40.172080977, -3.04343091 ], [ 40.181320959, -3.033485379 ], [ 40.195545177, -3.027983142 ], [ 40.196136477, -3.017396473 ], [ 40.201114641, -3.008749598 ], [ 40.209493173, -3.002650309 ], [ 40.221007368, -3.000349942 ], [ 40.231730151, -2.99038666 ], [ 40.236693707, -2.993376546 ], [ 40.239971483, -2.986182608 ], [ 40.239393241, -2.977865643 ], [ 40.237921431, -2.975823645 ], [ 40.229463345, -2.977651641 ], [ 40.227156649, -2.981676676 ], [ 40.212551024, -2.991231473 ], [ 40.206314097, -2.99135615 ], [ 40.199329978, -2.988486966 ], [ 40.197155325, -2.983340394 ], [ 40.189998141, -2.984287793 ], [ 40.171838751, -2.954263371 ], [ 40.169664868, -2.951699004 ], [ 40.166663365, -2.951246092 ], [ 40.164792055, -2.947925973 ], [ 40.163982845, -2.923646442 ], [ 40.166588766, -2.910845723 ], [ 40.171478374, -2.898397834 ], [ 40.170925723, -2.894891538 ], [ 40.173615876, -2.884901098 ], [ 40.172054238, -2.878773031 ], [ 40.170048566, -2.877231379 ], [ 40.172185963, -2.871745148 ], [ 40.169836914, -2.867109257 ], [ 40.172327874, -2.863487674 ], [ 40.171189382, -2.856895994 ], [ 40.179742322, -2.837704592 ], [ 40.184981723, -2.816765239 ], [ 40.186019031, -2.803230913 ], [ 40.183622455, -2.799189739 ], [ 40.186985405, -2.775907862 ], [ 40.18619816, -2.773831671 ], [ 40.184204619, -2.773917521 ], [ 40.184386271, -2.771325961 ], [ 40.18195925, -2.770726736 ], [ 40.18528818, -2.766858456 ], [ 40.190563492, -2.749994459 ], [ 40.194794196, -2.74178983 ], [ 40.193725613, -2.738146437 ], [ 40.190771745, -2.737349832 ], [ 40.188578854, -2.734828123 ], [ 40.187466511, -2.734414586 ], [ 40.186599484, -2.73720308 ], [ 40.185150204, -2.727166006 ], [ 40.182560029, -2.720956736 ], [ 39.892147071, -2.309112572 ], [ 39.722198508, -2.503008629 ], [ 39.513750039, -2.738821629 ], [ 39.219046558, -3.0692629 ], [ 39.141421138, -3.358785227 ], [ 39.087196319, -3.569599131 ], [ 39.295246102, -3.569462036 ], [ 39.301938518, -3.5691595 ], [ 39.305722472, -3.566311735 ], [ 39.311945358, -3.566752267 ], [ 39.316232212, -3.564346567 ], [ 39.319527617, -3.564684364 ], [ 39.320427508, -3.568461741 ], [ 39.318166424, -3.575031963 ], [ 39.32206698, -3.578710719 ], [ 39.324981111, -3.584524515 ], [ 39.328152138, -3.586100098 ], [ 39.329592652, -3.588664748 ], [ 39.332852873, -3.590345259 ], [ 39.335444094, -3.589769376 ], [ 39.34531879, -3.595499738 ], [ 39.347111695, -3.598533171 ], [ 39.347207226, -3.607260273 ], [ 39.345694959, -3.609585817 ], [ 39.347047164, -3.620942884 ], [ 39.343428125, -3.635074205 ], [ 39.351328445, -3.638790246 ], [ 39.356609094, -3.65373745 ], [ 39.353895199, -3.660540554 ], [ 39.355204722, -3.66867958 ], [ 39.352975847, -3.673724188 ], [ 39.353208312, -3.689178579 ], [ 39.351723124, -3.692091706 ], [ 39.348897933, -3.69143863 ], [ 39.347409265, -3.692496153 ], [ 39.346992164, -3.700471912 ], [ 39.348729117, -3.704642356 ], [ 39.353482242, -3.707998864 ], [ 39.353606414, -3.712206411 ], [ 39.357637711, -3.717486807 ], [ 39.357980242, -3.72819665 ], [ 39.362389034, -3.733391675 ], [ 39.369232521, -3.735506364 ], [ 39.371326099, -3.738412809 ], [ 39.375640846, -3.740413026 ], [ 39.379586814, -3.738963932 ], [ 39.381838039, -3.73975238 ], [ 39.389166061, -3.736751465 ], [ 39.391738926, -3.738961569 ], [ 39.391224745, -3.744713442 ], [ 39.395034633, -3.753275125 ], [ 39.392490242, -3.759970378 ], [ 39.391608969, -3.76757282 ], [ 39.385345611, -3.768828574 ], [ 39.38317624, -3.771045055 ], [ 39.384347074, -3.774622255 ], [ 39.389332564, -3.775313008 ], [ 39.389580302, -3.782194719 ], [ 39.387431585, -3.785056914 ], [ 39.384118404, -3.784580266 ], [ 39.376949316, -3.79315312 ], [ 39.381674835, -3.797181584 ], [ 39.379023806, -3.807531319 ], [ 39.383271219, -3.809072387 ], [ 39.389846432, -3.81713893 ], [ 39.393955703, -3.81814263 ], [ 39.398867213, -3.825609451 ], [ 39.401210789, -3.824996614 ], [ 39.403653463, -3.82100237 ], [ 39.40940689, -3.824245079 ], [ 39.412952445, -3.820155568 ], [ 39.419613367, -3.820462567 ], [ 39.421726621, -3.825857768 ], [ 39.433846242, -3.832119602 ], [ 39.435453033, -3.836533949 ], [ 39.448896883, -3.849637076 ], [ 39.450597056, -3.85334817 ], [ 39.459187027, -3.854819627 ], [ 39.466747258, -3.858817098 ], [ 39.474566122, -3.869386723 ], [ 39.47867582, -3.872351505 ], [ 39.485629517, -3.880969239 ], [ 39.492579477, -3.883448075 ], [ 39.496807101, -3.886603303 ], [ 39.499897476, -3.902195614 ], [ 39.501813429, -3.90434777 ], [ 39.506142584, -3.904912504 ], [ 39.51291312, -3.912132974 ], [ 39.519682793, -3.915034696 ], [ 39.52155457, -3.928234249 ], [ 39.527651779, -3.930393358 ], [ 39.530307757, -3.93463588 ], [ 39.527461054, -3.944594005 ], [ 39.528434752, -3.947837967 ], [ 39.533798983, -3.953798212 ], [ 39.540214507, -3.957578631 ], [ 39.544855594, -3.956827427 ], [ 39.545895079, -3.958681591 ], [ 39.548089977, -3.9671656 ], [ 39.546046235, -3.977455544 ], [ 39.53980145, -3.987206089 ], [ 39.540122024, -3.990117906 ], [ 39.544847205, -3.991342211 ], [ 39.544019701, -3.993263478 ], [ 39.545566087, -3.994929644 ], [ 39.546948614, -3.993727492 ], [ 39.545641875, -3.991305833 ], [ 39.550047722, -3.98594187 ], [ 39.555665342, -3.983982515 ], [ 39.564678672, -3.987672349 ], [ 39.569690696, -3.9915507 ], [ 39.57538322, -3.984204865 ], [ 39.568930898, -3.979186653 ], [ 39.569255059, -3.975010653 ], [ 39.583202064, -3.969781792 ], [ 39.58374461, -3.965445251 ], [ 39.599874296, -3.949589741 ], [ 39.602976062, -3.953587374 ], [ 39.608672449, -3.956415194 ], [ 39.610283847, -3.959276434 ], [ 39.613363506, -3.957672183 ], [ 39.618648339, -3.957597861 ], [ 39.621056382, -3.955447867 ], [ 39.622886656, -3.957882154 ], [ 39.621648774, -3.960080132 ], [ 39.627602366, -3.963647394 ], [ 39.640930547, -3.957460963 ], [ 39.648068238, -3.959339794 ], [ 39.649404591, -3.957580476 ], [ 39.646009168, -3.953439485 ], [ 39.646172575, -3.950586994 ], [ 39.653478979, -3.944768308 ], [ 39.649773873, -3.943480578 ], [ 39.649900624, -3.941014168 ], [ 39.648378888, -3.940122113 ], [ 39.650663211, -3.938014521 ], [ 39.649792943, -3.935407228 ], [ 39.645852459, -3.935011648 ], [ 39.642230358, -3.930041618 ], [ 39.640171739, -3.929700042 ], [ 39.64287724, -3.925070322 ], [ 39.671560286, -3.919444322 ], [ 39.676044451, -3.9221862 ], [ 39.690270021, -3.923384524 ] ] ] } },
{ "type": "Feature", "properties": { "shapeName": "Tana River", "shapeISO": "", "shapeID": "84041B43344583484167", "shapeGroup": "KEN", "shapeType": "ADM1" }, "geometry": { "type": "Polygon", "coordinates": [ [ [ 40.182560029, -2.720956736 ], [ 40.186456914, -2.726765109 ], [ 40.187240285, -2.731275883 ], [ 40.193895395, -2.734376129 ], [ 40.197893482, -2.732437298 ], [ 40.20537183, -2.71886548 ], [ 40.221942213, -2.694395263 ], [ 40.239500076, -2.673634114 ], [ 40.261369127, -2.651692808 ], [ 40.263332043, -2.646490478 ], [ 40.268745116, -2.644894856 ], [ 40.300868296, -2.618865145 ], [ 40.339938877, -2.593106716 ], [ 40.343704802, -2.587688322 ], [ 40.3528182, -2.586355 ], [ 40.369725859, -2.575887004 ], [ 40.385952672, -2.56791544 ], [ 40.44556382, -2.542735994 ], [ 40.489293666, -2.532019926 ], [ 40.518857335, -2.530422878 ], [ 40.521752745, -2.528999555 ], [ 40.513688264, -2.523815246 ], [ 40.512677598, -2.521662733 ], [ 40.513779698, -2.520959457 ], [ 40.521301671, -2.524705204 ], [ 40.522981445, -2.524045311 ], [ 40.524024887, -2.526251763 ], [ 40.53854541, -2.533902857 ], [ 40.551833711, -2.538458726 ], [ 40.557709818, -2.538833842 ], [ 40.572986858, -2.549376885 ], [ 40.594022651, -2.553553448 ], [ 40.598367163, -2.556448991 ], [ 40.608360018, -2.5583851 ], [ 40.624115697, -2.54887771 ], [ 40.645843043, -2.532917499 ], [ 40.666913204, -2.506723975 ], [ 40.685637952, -2.488302673 ], [ 40.704600762, -2.474736493 ], [ 40.736313199, -2.45583126 ], [ 40.663316191, -2.466366838 ], [ 40.443685509, -2.399387254 ], [ 40.442173322, -2.399437033 ], [ 40.445543695, -2.402642076 ], [ 40.445116045, -2.406256762 ], [ 40.442718988, -2.409320957 ], [ 40.435275405, -2.413303493 ], [ 40.432556775, -2.416950775 ], [ 40.425939238, -2.417904657 ], [ 40.425333634, -2.421841462 ], [ 40.412772343, -2.423875013 ], [ 40.40720654, -2.430160347 ], [ 40.402758349, -2.428878211 ], [ 40.399036955, -2.431072379 ], [ 40.390112683, -2.426765532 ], [ 40.385224723, -2.427154812 ], [ 40.38162086, -2.421952509 ], [ 40.371048172, -2.422447145 ], [ 40.367279087, -2.417494004 ], [ 40.357224147, -2.414605315 ], [ 40.348887788, -2.405629399 ], [ 40.348820582, -2.400783426 ], [ 40.346494266, -2.398634977 ], [ 40.253923411, -2.398023379 ], [ 40.250424583, -2.396689719 ], [ 40.250347443, -2.248181861 ], [ 40.212176223, -2.035650819 ], [ 40.205638263, -2.015436554 ], [ 40.196057384, -1.999814454 ], [ 40.197572452, -1.983856795 ], [ 40.187986088, -1.964802065 ], [ 40.186136851, -1.957733924 ], [ 40.189646667, -1.930671798 ], [ 40.187027617, -1.902918059 ], [ 40.188715323, -1.871328973 ], [ 40.18774193, -1.864838153 ], [ 40.182836227, -1.853530247 ], [ 40.166514195, -1.832613622 ], [ 40.162830494, -1.821471215 ], [ 40.162402173, -1.801356635 ], [ 40.159135776, -1.783405329 ], [ 40.157804325, -1.762976346 ], [ 40.160444035, -1.753957021 ], [ 40.16932657, -1.734766216 ], [ 40.170647016, -1.725518867 ], [ 40.168915118, -1.719141558 ], [ 40.16004799, -1.703812618 ], [ 40.157838305, -1.694504403 ], [ 40.159955277, -1.652302944 ], [ 40.15953518, -1.638844059 ], [ 40.156718435, -1.619549811 ], [ 40.152140664, -1.603212091 ], [ 40.146817492, -1.591847137 ], [ 40.13936243, -1.582326466 ], [ 40.124864675, -1.568657297 ], [ 40.116822867, -1.556231997 ], [ 40.108615599, -1.530999837 ], [ 40.10494293, -1.507541215 ], [ 40.092642725, -1.488264491 ], [ 40.0876608, -1.47621953 ], [ 40.084364182, -1.447624985 ], [ 40.062880678, -1.354560397 ], [ 40.060915022, -1.339094991 ], [ 40.050577736, -1.318779673 ], [ 40.049224166, -1.313149015 ], [ 40.04986135, -1.298104819 ], [ 40.056953736, -1.267895399 ], [ 40.05657021, -1.248580397 ], [ 40.053956022, -1.245358866 ], [ 40.050870616, -1.237089335 ], [ 40.038700432, -1.199431744 ], [ 40.010159647, -1.159553335 ], [ 39.996344569, -1.120382006 ], [ 39.968506615, -1.069252856 ], [ 39.946380241, -1.021675272 ], [ 39.934348124, -1.002789164 ], [ 39.938536803, -0.982467413 ], [ 39.937392156, -0.964233082 ], [ 39.925941899, -0.940142129 ], [ 39.919150289, -0.917148776 ], [ 39.912841741, -0.906376241 ], [ 39.905072851, -0.899310886 ], [ 39.90372588, -0.895538677 ], [ 39.903019835, -0.890251678 ], [ 39.905544634, -0.878237902 ], [ 39.903508865, -0.869689384 ], [ 39.903239053, -0.846564334 ], [ 39.901040002, -0.833547974 ], [ 39.890079678, -0.817170084 ], [ 39.883271241, -0.794578084 ], [ 39.879170835, -0.785485241 ], [ 39.862819759, -0.76112365 ], [ 39.862875506, -0.754888178 ], [ 39.867925085, -0.743270944 ], [ 39.867550569, -0.734515959 ], [ 39.865741741, -0.728759709 ], [ 39.858026093, -0.718110882 ], [ 39.857637647, -0.700713788 ], [ 39.856065282, -0.692699247 ], [ 39.843351303, -0.671847991 ], [ 39.841863178, -0.655290491 ], [ 39.836031569, -0.644690506 ], [ 39.822682465, -0.630626942 ], [ 39.821035012, -0.62690949 ], [ 39.819685272, -0.620589334 ], [ 39.821247376, -0.602726782 ], [ 39.817606967, -0.592505048 ], [ 39.809328374, -0.581670609 ], [ 39.773050242, -0.559776886 ], [ 39.757868914, -0.547226216 ], [ 39.746796905, -0.543135031 ], [ 39.729497977, -0.545787157 ], [ 39.72628567, -0.544813967 ], [ 39.726355264, -0.533007891 ], [ 39.722844514, -0.525548266 ], [ 39.717351733, -0.519812047 ], [ 39.709719889, -0.515112078 ], [ 39.704116077, -0.504738734 ], [ 39.69254442, -0.493139297 ], [ 39.633312196, -0.493049939 ], [ 39.632168514, -0.491386077 ], [ 39.630966442, -0.472122103 ], [ 39.632780345, -0.465135231 ], [ 39.636666289, -0.459831314 ], [ 39.626782703, -0.449088179 ], [ 39.626097845, -0.439878974 ], [ 39.626253131, -0.319194582 ], [ 39.617534635, -0.310330796 ], [ 39.599721913, -0.296857958 ], [ 39.587005624, -0.273959815 ], [ 39.578479762, -0.264108872 ], [ 39.563682563, -0.252373357 ], [ 39.550849934, -0.248261648 ], [ 39.54555413, -0.245172458 ], [ 39.532764438, -0.220614678 ], [ 39.526954642, -0.213847487 ], [ 39.509803765, -0.2024118 ], [ 39.48407745, -0.176563868 ], [ 39.471397391, -0.168722674 ], [ 39.44667052, -0.14913724 ], [ 39.431530003, -0.1450883 ], [ 39.408649445, -0.144769549 ], [ 39.402496329, -0.140834613 ], [ 39.38597107, -0.124665802 ], [ 39.362037646, -0.114363489 ], [ 39.335674272, -0.09418824 ], [ 39.326408385, -0.08964524 ], [ 39.31199267, -0.087785114 ], [ 39.29375076, -0.091398051 ], [ 39.260108946, -0.093092738 ], [ 39.22800445, -0.085446489 ], [ 39.196838381, -0.090633427 ], [ 39.18436432, -0.087950553 ], [ 39.169250498, -0.081377504 ], [ 39.157669069, -0.079454739 ], [ 39.148948714, -0.075162116 ], [ 39.139068618, -0.066532242 ], [ 39.110046385, -0.031207552 ], [ 39.097351072, -0.013366427 ], [ 39.090461744, -0.008268927 ], [ 39.081787121, -0.004691739 ], [ 39.070697771, -0.00290324 ], [ 39.04843139, -0.005208689 ], [ 39.039586435, -0.00228998 ], [ 39.027374263, -0.001544239 ], [ 38.995803826, -0.005747427 ], [ 38.972106939, -0.012650864 ], [ 38.961380006, -0.01856774 ], [ 38.944587701, -0.032200177 ], [ 38.937315948, -0.043714036 ], [ 38.916917812, -0.039982678 ], [ 38.910903938, -0.040189238 ], [ 38.900337176, -0.043094866 ], [ 38.882621761, -0.051585302 ], [ 38.86673356, -0.050943803 ], [ 38.857425693, -0.047160845 ], [ 38.834697709, -0.049283427 ], [ 38.822256096, -0.043566554 ], [ 38.800939549, -0.037189286 ], [ 38.792263019, -0.032174551 ], [ 38.776065823, -0.026247146 ], [ 38.760925287, -0.026210333 ], [ 38.748730027, -0.029682099 ], [ 38.7503697, -0.036065228 ], [ 38.752805715, -0.038186983 ], [ 38.751117083, -0.04689322 ], [ 38.759827129, -0.050028141 ], [ 38.764726374, -0.054973961 ], [ 38.759809725, -0.06132335 ], [ 38.759721446, -0.063402714 ], [ 38.766380149, -0.068922617 ], [ 38.75773097, -0.073439182 ], [ 38.749175056, -0.07284128 ], [ 38.743661892, -0.070402294 ], [ 38.738157297, -0.070848416 ], [ 38.728202501, -0.064769917 ], [ 38.712567809, -0.062280445 ], [ 38.706195861, -0.056446765 ], [ 38.695811751, -0.049947849 ], [ 38.690953248, -0.042675616 ], [ 38.688076402, -0.040707762 ], [ 38.685114861, -0.043767218 ], [ 38.684668348, -0.052394981 ], [ 38.682431212, -0.05510237 ], [ 38.676349634, -0.055138089 ], [ 38.668445558, -0.050706309 ], [ 38.655072203, -0.046487081 ], [ 38.651830659, -0.048277944 ], [ 38.648423203, -0.053735842 ], [ 38.63872817, -0.054696512 ], [ 38.634492868, -0.052099955 ], [ 38.625444413, -0.041350751 ], [ 38.610697273, -0.029812088 ], [ 38.607885842, -0.029658313 ], [ 38.603447925, -0.034019056 ], [ 38.598987575, -0.033935759 ], [ 38.592912654, -0.031235094 ], [ 38.587210663, -0.025780135 ], [ 38.579151187, -0.024652901 ], [ 38.568888025, -0.019309181 ], [ 38.563229238, -0.018613645 ], [ 38.55949879, -0.019868753 ], [ 38.553715694, -0.017065959 ], [ 38.547513952, -0.020954373 ], [ 38.541643138, -0.033771675 ], [ 38.540086312, -0.044521107 ], [ 38.536062258, -0.043261951 ], [ 38.530123289, -0.043940494 ], [ 38.53091765, -0.054894249 ], [ 38.525763025, -0.057217975 ], [ 38.52071572, -0.062790396 ], [ 38.518103602, -0.062856801 ], [ 38.510741867, -0.059423454 ], [ 38.505831705, -0.062862764 ], [ 38.499864574, -0.063198843 ], [ 38.491525662, -0.058878159 ], [ 38.488576382, -0.061647219 ], [ 38.486795438, -0.071778783 ], [ 38.482866519, -0.076033528 ], [ 38.471500162, -0.079304671 ], [ 38.464204462, -0.084459204 ], [ 38.457016953, -0.086491768 ], [ 38.452910429, -0.085144573 ], [ 38.437434076, -0.072015638 ], [ 38.43277169, -0.076985805 ], [ 38.426703458, -0.075514791 ], [ 38.419552872, -0.07036484 ], [ 38.591579441, -0.361691183 ], [ 38.677795396, -0.510352131 ], [ 38.806358329, -0.726329687 ], [ 38.961792465, -1.052763043 ], [ 38.999429977, -1.678628703 ], [ 38.996693414, -1.680341456 ], [ 38.994983032, -1.684657632 ], [ 38.990794384, -1.686574718 ], [ 38.988755536, -1.68607633 ], [ 38.987257006, -1.689866427 ], [ 38.979839322, -1.688911928 ], [ 38.978219416, -1.69189385 ], [ 38.972269035, -1.692637558 ], [ 38.963716028, -1.697562541 ], [ 38.957913467, -1.703159118 ], [ 39.007217395, -1.886615875 ], [ 39.013686317, -1.915024661 ], [ 38.999584196, -1.945804368 ], [ 38.796466403, -2.340742111 ], [ 38.789853726, -2.342524526 ], [ 38.788166044, -2.351000361 ], [ 38.783505757, -2.354851722 ], [ 38.770112272, -2.352859793 ], [ 38.766274043, -2.354776795 ], [ 38.76211046, -2.354792484 ], [ 38.756494149, -2.361443097 ], [ 38.753372734, -2.360932931 ], [ 38.751804953, -2.362852727 ], [ 38.748907267, -2.362729118 ], [ 38.74534867, -2.36488219 ], [ 38.738258356, -2.364381551 ], [ 38.733919157, -2.37175852 ], [ 38.733245669, -2.37841851 ], [ 38.726631799, -2.383792402 ], [ 38.72372564, -2.384550691 ], [ 38.722490201, -2.38846753 ], [ 38.717720043, -2.389438012 ], [ 38.715334326, -2.392132952 ], [ 38.715542029, -2.395269825 ], [ 38.70292588, -2.401031272 ], [ 38.703903816, -2.40420338 ], [ 38.695171357, -2.409659858 ], [ 38.690019931, -2.410284977 ], [ 38.68476884, -2.413202476 ], [ 38.661088797, -2.418000142 ], [ 38.643447252, -2.417988188 ], [ 38.637632369, -2.415462536 ], [ 38.633989897, -2.416480121 ], [ 38.631511047, -2.412211188 ], [ 38.626371395, -2.411099003 ], [ 38.623676301, -2.41249759 ], [ 38.849813472, -2.726855882 ], [ 39.075652634, -3.040864855 ], [ 39.079398625, -3.042814551 ], [ 39.081033708, -3.051287824 ], [ 39.086376198, -3.0532866 ], [ 39.088618271, -3.051168844 ], [ 39.088392249, -3.045462955 ], [ 39.089610288, -3.043020647 ], [ 39.105058691, -3.035954658 ], [ 39.113321289, -3.024333227 ], [ 39.128347881, -3.019304268 ], [ 39.130754433, -3.020790749 ], [ 39.131411535, -3.029303927 ], [ 39.134130476, -3.035562462 ], [ 39.133975072, -3.041160865 ], [ 39.136178493, -3.042176814 ], [ 39.14105343, -3.041352369 ], [ 39.143449308, -3.048609708 ], [ 39.150424944, -3.044509183 ], [ 39.152930776, -3.045077355 ], [ 39.163414012, -3.059418433 ], [ 39.164866918, -3.065954797 ], [ 39.169786926, -3.065462208 ], [ 39.174487099, -3.057728149 ], [ 39.176942203, -3.057023892 ], [ 39.179802552, -3.058213641 ], [ 39.182756429, -3.063105168 ], [ 39.197658535, -3.061119781 ], [ 39.205697087, -3.06625456 ], [ 39.218652099, -3.065824788 ], [ 39.219748957, -3.066899457 ], [ 39.219046558, -3.0692629 ], [ 39.513750039, -2.738821629 ], [ 39.722198508, -2.503008629 ], [ 39.892147071, -2.309112572 ], [ 40.182560029, -2.720956736 ] ] ] } },
{ "type": "Feature", "properties": { "shapeName": "Lamu", "shapeISO": "", "shapeID": "84041B59205792954549", "shapeGroup": "KEN", "shapeType": "ADM1" }, "geometry": { "type": "MultiPolygon", "coordinates": [ [ [ [ 40.711303711, -2.298217773 ], [ 40.713500977, -2.303222656 ], [ 40.719909668, -2.305480957 ], [ 40.720092773, -2.299377441 ], [ 40.711486816, -2.295471191 ], [ 40.711303711, -2.298217773 ] ] ], [ [ [ 40.905273438, -2.273986816 ], [ 40.900878906, -2.262878418 ], [ 40.891113281, -2.24822998 ], [ 40.888122559, -2.246276855 ], [ 40.886474609, -2.248718262 ], [ 40.880126953, -2.249511719 ], [ 40.877929688, -2.256286621 ], [ 40.874511719, -2.25390625 ], [ 40.873291016, -2.257202148 ], [ 40.871276855, -2.258483887 ], [ 40.869873047, -2.255493164 ], [ 40.86932373, -2.257995605 ], [ 40.866882324, -2.258728027 ], [ 40.860107422, -2.258178711 ], [ 40.857727051, -2.25982666 ], [ 40.851074219, -2.257507324 ], [ 40.843505859, -2.260009766 ], [ 40.840881348, -2.263671875 ], [ 40.837280273, -2.265197754 ], [ 40.836486816, -2.26940918 ], [ 40.844116211, -2.278808594 ], [ 40.840270996, -2.280517578 ], [ 40.832092285, -2.279602051 ], [ 40.827087402, -2.276611328 ], [ 40.819274902, -2.28338623 ], [ 40.817687988, -2.291625977 ], [ 40.814697266, -2.292785645 ], [ 40.81427002, -2.30480957 ], [ 40.81628418, -2.31237793 ], [ 40.81451416, -2.325622559 ], [ 40.815124512, -2.332702637 ], [ 40.821472168, -2.333129883 ], [ 40.824707031, -2.331176758 ], [ 40.846130371, -2.311523438 ], [ 40.86730957, -2.300109863 ], [ 40.885925293, -2.29510498 ], [ 40.896911621, -2.294799805 ], [ 40.910095215, -2.297912598 ], [ 40.913330078, -2.29699707 ], [ 40.915283203, -2.292907715 ], [ 40.905273438, -2.273986816 ] ] ], [ [ [ 40.975708008, -2.272827148 ], [ 40.987670898, -2.258728027 ], [ 40.984924316, -2.257019043 ], [ 40.984680176, -2.249206543 ], [ 40.975891113, -2.234680176 ], [ 40.974121094, -2.224609375 ], [ 40.967712402, -2.220703125 ], [ 40.965515137, -2.226074219 ], [ 40.969909668, -2.229370117 ], [ 40.972290039, -2.234375 ], [ 40.969116211, -2.240112305 ], [ 40.972473145, -2.249572754 ], [ 40.967285156, -2.251708984 ], [ 40.965087891, -2.256225586 ], [ 40.961914063, -2.258422852 ], [ 40.957885742, -2.257324219 ], [ 40.954711914, -2.251403809 ], [ 40.964294434, -2.242004395 ], [ 40.962097168, -2.239074707 ], [ 40.958129883, -2.237487793 ], [ 40.955688477, -2.233215332 ], [ 40.94708252, -2.232421875 ], [ 40.948913574, -2.235412598 ], [ 40.948486328, -2.23840332 ], [ 40.944885254, -2.239685059 ], [ 40.941711426, -2.246704102 ], [ 40.935913086, -2.254516602 ], [ 40.93951416, -2.257385254 ], [ 40.938903809, -2.260925293 ], [ 40.932128906, -2.256408691 ], [ 40.934509277, -2.242797852 ], [ 40.937683105, -2.239318848 ], [ 40.928100586, -2.236694336 ], [ 40.912719727, -2.224304199 ], [ 40.902893066, -2.22277832 ], [ 40.903503418, -2.237426758 ], [ 40.909729004, -2.254394531 ], [ 40.914916992, -2.259887695 ], [ 40.928527832, -2.280700684 ], [ 40.934875488, -2.283203125 ], [ 40.944885254, -2.280822754 ], [ 40.952880859, -2.286193848 ], [ 40.956726074, -2.285522461 ], [ 40.960327148, -2.281982422 ], [ 40.963500977, -2.281005859 ], [ 40.961486816, -2.288085937 ], [ 40.956298828, -2.29498291 ], [ 40.942504883, -2.293701172 ], [ 40.938720703, -2.29119873 ], [ 40.934509277, -2.290527344 ], [ 40.929077148, -2.293823242 ], [ 40.926513672, -2.290527344 ], [ 40.922729492, -2.295410156 ], [ 40.925292969, -2.299804687 ], [ 40.922912598, -2.301513672 ], [ 40.921508789, -2.29888916 ], [ 40.914123535, -2.304382324 ], [ 40.912475586, -2.308288574 ], [ 40.915283203, -2.315124512 ], [ 40.925109863, -2.319702148 ], [ 40.929077148, -2.319702148 ], [ 40.941711426, -2.317077637 ], [ 40.948486328, -2.314025879 ], [ 40.958496094, -2.305297852 ], [ 40.960510254, -2.297912598 ], [ 40.969299316, -2.288696289 ], [ 40.970092773, -2.281494141 ], [ 40.975708008, -2.272827148 ] ] ], [ [ [ 40.794677734, -2.267028809 ], [ 40.791503906, -2.269104004 ], [ 40.793884277, -2.270202637 ], [ 40.794677734, -2.267028809 ] ] ], [ [ [ 40.794677734, -2.267028809 ], [ 40.801696777, -2.259094238 ], [ 40.797912598, -2.258972168 ], [ 40.794494629, -2.262329102 ], [ 40.794677734, -2.267028809 ] ] ], [ [ [ 40.749084473, -2.258483887 ], [ 40.745117188, -2.257080078 ], [ 40.742126465, -2.2578125 ], [ 40.748291016, -2.262512207 ], [ 40.749084473, -2.258483887 ] ] ], [ [ [ 40.817077637, -2.23638916 ], [ 40.812316895, -2.235229492 ], [ 40.81048584, -2.237304687 ], [ 40.813110352, -2.237976074 ], [ 40.817077637, -2.23638916 ] ] ], [ [ [ 40.982299805, -2.142028809 ], [ 40.978515625, -2.144775391 ], [ 40.976318359, -2.151611328 ], [ 40.979309082, -2.153503418 ], [ 40.987121582, -2.148681641 ], [ 40.989318848, -2.145507812 ], [ 40.98651123, -2.143005371 ], [ 40.982299805, -2.142028809 ] ] ], [ [ [ 40.736313199, -2.45583126 ], [ 40.739929199, -2.453796387 ], [ 40.747070312, -2.452697754 ], [ 40.750671387, -2.450195312 ], [ 40.76751709, -2.451477051 ], [ 40.770324707, -2.448913574 ], [ 40.771484375, -2.4375 ], [ 40.780517578, -2.424682617 ], [ 40.811889648, -2.398620605 ], [ 40.821105957, -2.393005371 ], [ 40.824523926, -2.38861084 ], [ 40.825317383, -2.374511719 ], [ 40.822692871, -2.364990234 ], [ 40.819519043, -2.359313965 ], [ 40.817321777, -2.357421875 ], [ 40.806518555, -2.355285645 ], [ 40.799499512, -2.349487305 ], [ 40.797302246, -2.345825195 ], [ 40.794311523, -2.344116211 ], [ 40.79107666, -2.344421387 ], [ 40.789489746, -2.346984863 ], [ 40.791687012, -2.360778809 ], [ 40.789489746, -2.362609863 ], [ 40.788513184, -2.37121582 ], [ 40.780090332, -2.383605957 ], [ 40.775878906, -2.38482666 ], [ 40.772521973, -2.38269043 ], [ 40.770874023, -2.385925293 ], [ 40.769287109, -2.38269043 ], [ 40.770690918, -2.380187988 ], [ 40.778503418, -2.375915527 ], [ 40.769897461, -2.376098633 ], [ 40.768493652, -2.372009277 ], [ 40.77532959, -2.369812012 ], [ 40.778930664, -2.366027832 ], [ 40.777526855, -2.359680176 ], [ 40.774475098, -2.361877441 ], [ 40.772277832, -2.358825684 ], [ 40.774291992, -2.354309082 ], [ 40.771911621, -2.351196289 ], [ 40.766113281, -2.351501465 ], [ 40.764709473, -2.348083496 ], [ 40.766113281, -2.344726562 ], [ 40.760070801, -2.330078125 ], [ 40.759521484, -2.318908691 ], [ 40.738891602, -2.312011719 ], [ 40.728088379, -2.306274414 ], [ 40.725891113, -2.30871582 ], [ 40.727905273, -2.311828613 ], [ 40.717102051, -2.310913086 ], [ 40.713317871, -2.309875488 ], [ 40.711730957, -2.307495117 ], [ 40.70690918, -2.309997559 ], [ 40.703125, -2.30682373 ], [ 40.706298828, -2.29901123 ], [ 40.705078125, -2.295715332 ], [ 40.694702148, -2.293029785 ], [ 40.69128418, -2.290222168 ], [ 40.695922852, -2.28918457 ], [ 40.701904297, -2.283325195 ], [ 40.705505371, -2.282287598 ], [ 40.712280273, -2.285583496 ], [ 40.707702637, -2.274719238 ], [ 40.713317871, -2.272521973 ], [ 40.716918945, -2.277709961 ], [ 40.722290039, -2.278381348 ], [ 40.727111816, -2.27520752 ], [ 40.730712891, -2.27722168 ], [ 40.736083984, -2.273193359 ], [ 40.739501953, -2.267883301 ], [ 40.735290527, -2.258911133 ], [ 40.728088379, -2.266723633 ], [ 40.723876953, -2.267211914 ], [ 40.721313477, -2.263305664 ], [ 40.715270996, -2.262390137 ], [ 40.708496094, -2.264099121 ], [ 40.705505371, -2.262084961 ], [ 40.704101563, -2.258422852 ], [ 40.717102051, -2.259094238 ], [ 40.721130371, -2.25592041 ], [ 40.723327637, -2.251098633 ], [ 40.726318359, -2.251708984 ], [ 40.727478027, -2.242980957 ], [ 40.726501465, -2.23840332 ], [ 40.716308594, -2.221923828 ], [ 40.715270996, -2.218017578 ], [ 40.719116211, -2.219177246 ], [ 40.724121094, -2.227478027 ], [ 40.726501465, -2.229125977 ], [ 40.728088379, -2.225708008 ], [ 40.730285645, -2.22668457 ], [ 40.729309082, -2.23248291 ], [ 40.731872559, -2.239196777 ], [ 40.736083984, -2.239685059 ], [ 40.742919922, -2.245117188 ], [ 40.746276855, -2.245117188 ], [ 40.745727539, -2.234619141 ], [ 40.747497559, -2.231872559 ], [ 40.749694824, -2.248901367 ], [ 40.752319336, -2.248474121 ], [ 40.753295898, -2.252075195 ], [ 40.762084961, -2.255310059 ], [ 40.765075684, -2.25189209 ], [ 40.764709473, -2.247680664 ], [ 40.767883301, -2.245910645 ], [ 40.770080566, -2.2421875 ], [ 40.772521973, -2.250793457 ], [ 40.775695801, -2.251403809 ], [ 40.775695801, -2.247497559 ], [ 40.778320312, -2.247619629 ], [ 40.780517578, -2.252197266 ], [ 40.780700684, -2.260314941 ], [ 40.783874512, -2.261413574 ], [ 40.799682617, -2.24621582 ], [ 40.795715332, -2.240112305 ], [ 40.791320801, -2.240112305 ], [ 40.79309082, -2.235778809 ], [ 40.796508789, -2.233520508 ], [ 40.800109863, -2.233520508 ], [ 40.801330566, -2.237609863 ], [ 40.804077148, -2.237609863 ], [ 40.816711426, -2.230285645 ], [ 40.824890137, -2.229980469 ], [ 40.828918457, -2.228210449 ], [ 40.840270996, -2.232299805 ], [ 40.839294434, -2.234985352 ], [ 40.833129883, -2.239501953 ], [ 40.831115723, -2.243408203 ], [ 40.852111816, -2.234008789 ], [ 40.855712891, -2.234680176 ], [ 40.858703613, -2.237182617 ], [ 40.868103027, -2.234313965 ], [ 40.861083984, -2.232910156 ], [ 40.866699219, -2.228027344 ], [ 40.867675781, -2.224975586 ], [ 40.870910645, -2.225891113 ], [ 40.878112793, -2.222290039 ], [ 40.860107422, -2.213012695 ], [ 40.870117187, -2.212219238 ], [ 40.879516602, -2.213317871 ], [ 40.878295898, -2.203918457 ], [ 40.874084473, -2.204284668 ], [ 40.869689941, -2.202392578 ], [ 40.872070313, -2.199890137 ], [ 40.882507324, -2.195129395 ], [ 40.88269043, -2.188476562 ], [ 40.886291504, -2.18762207 ], [ 40.88848877, -2.189880371 ], [ 40.887878418, -2.198120117 ], [ 40.885681152, -2.200378418 ], [ 40.887695313, -2.203613281 ], [ 40.891296387, -2.200927734 ], [ 40.895324707, -2.202697754 ], [ 40.898925781, -2.200500488 ], [ 40.902282715, -2.203186035 ], [ 40.901489258, -2.210510254 ], [ 40.90447998, -2.213317871 ], [ 40.918884277, -2.221008301 ], [ 40.923095703, -2.222412109 ], [ 40.926330566, -2.221313477 ], [ 40.920288086, -2.213378906 ], [ 40.915893555, -2.184509277 ], [ 40.91809082, -2.160400391 ], [ 40.91607666, -2.157226562 ], [ 40.916870117, -2.149902344 ], [ 40.912719727, -2.143493652 ], [ 40.910888672, -2.129516602 ], [ 40.91229248, -2.108886719 ], [ 40.911682129, -2.091186523 ], [ 40.904296875, -2.079223633 ], [ 40.89831543, -2.082214355 ], [ 40.899475098, -2.073486328 ], [ 40.896911621, -2.071899414 ], [ 40.893310547, -2.073181152 ], [ 40.888671875, -2.072387695 ], [ 40.883117676, -2.076904297 ], [ 40.879516602, -2.077087402 ], [ 40.877075195, -2.074401855 ], [ 40.883483887, -2.070678711 ], [ 40.885070801, -2.065979004 ], [ 40.883300781, -2.064208984 ], [ 40.872680664, -2.072570801 ], [ 40.869689941, -2.076721191 ], [ 40.867492676, -2.072998047 ], [ 40.856079102, -2.073425293 ], [ 40.854309082, -2.071105957 ], [ 40.86529541, -2.068725586 ], [ 40.873718262, -2.065124512 ], [ 40.880493164, -2.056213379 ], [ 40.885070801, -2.056213379 ], [ 40.891906738, -2.06262207 ], [ 40.893493652, -2.059020996 ], [ 40.889282227, -2.051513672 ], [ 40.884094238, -2.050598145 ], [ 40.881103516, -2.047912598 ], [ 40.874328613, -2.046691895 ], [ 40.879272461, -2.041809082 ], [ 40.88269043, -2.041992187 ], [ 40.881896973, -2.035217285 ], [ 40.885681152, -2.036010742 ], [ 40.899108887, -2.046875 ], [ 40.900878906, -2.044128418 ], [ 40.90032959, -2.028808594 ], [ 40.902893066, -2.016784668 ], [ 40.897705078, -2.010620117 ], [ 40.892272949, -2.011291504 ], [ 40.889526367, -2.015625 ], [ 40.886474609, -2.015319824 ], [ 40.88269043, -2.017822266 ], [ 40.878112793, -2.018310547 ], [ 40.874511719, -2.015014648 ], [ 40.870117187, -2.01361084 ], [ 40.865722656, -2.015319824 ], [ 40.862915039, -2.020812988 ], [ 40.85949707, -2.022399902 ], [ 40.856872559, -2.019592285 ], [ 40.848510742, -2.016723633 ], [ 40.841674805, -2.020080566 ], [ 40.838684082, -2.018493652 ], [ 40.82989502, -2.018615723 ], [ 40.833496094, -2.015319824 ], [ 40.838928223, -2.015380859 ], [ 40.846130371, -2.01159668 ], [ 40.858886719, -2.010986328 ], [ 40.865905762, -2.005981445 ], [ 40.869689941, -2.007324219 ], [ 40.873291016, -2.005615234 ], [ 40.872924805, -2.002685547 ], [ 40.870483398, -2.000488281 ], [ 40.863098145, -1.999328613 ], [ 40.854309082, -1.992370605 ], [ 40.846679688, -1.990600586 ], [ 40.848327637, -1.988098145 ], [ 40.835693359, -1.979309082 ], [ 40.830078125, -1.97857666 ], [ 40.826721191, -1.98059082 ], [ 40.823486328, -1.980224609 ], [ 40.813903809, -1.975280762 ], [ 40.806274414, -1.974609375 ], [ 40.811279297, -1.969299316 ], [ 40.794494629, -1.963806152 ], [ 40.789123535, -1.959716797 ], [ 40.787719727, -1.956298828 ], [ 40.784729004, -1.955810547 ], [ 40.784484863, -1.952392578 ], [ 40.778503418, -1.948181152 ], [ 40.761108398, -1.941864014 ], [ 40.764526367, -1.94152832 ], [ 40.766296387, -1.938598633 ], [ 40.768127441, -1.941101074 ], [ 40.775512695, -1.94317627 ], [ 40.779724121, -1.940612793 ], [ 40.780090332, -1.943725586 ], [ 40.783691406, -1.945007324 ], [ 40.797302246, -1.946411133 ], [ 40.797119141, -1.949890137 ], [ 40.802490234, -1.953186035 ], [ 40.80670166, -1.951599121 ], [ 40.81451416, -1.956420898 ], [ 40.824523926, -1.956176758 ], [ 40.829528809, -1.959777832 ], [ 40.833129883, -1.960021973 ], [ 40.836914063, -1.958618164 ], [ 40.834716797, -1.948120117 ], [ 40.831298828, -1.941711426 ], [ 40.834472656, -1.941711426 ], [ 40.836120605, -1.945007324 ], [ 40.842102051, -1.947875977 ], [ 40.842895508, -1.953308105 ], [ 40.846313477, -1.957824707 ], [ 40.847290039, -1.962585449 ], [ 40.845275879, -1.967285156 ], [ 40.847900391, -1.969604492 ], [ 40.856506348, -1.971191406 ], [ 40.856689453, -1.968322754 ], [ 40.859130859, -1.966796875 ], [ 40.85949707, -1.959228516 ], [ 40.862487793, -1.959106445 ], [ 40.865905762, -1.96472168 ], [ 40.866088867, -1.971313477 ], [ 40.869689941, -1.97088623 ], [ 40.865112305, -1.977905273 ], [ 40.868896484, -1.989074707 ], [ 40.875671387, -1.991210937 ], [ 40.886474609, -1.989807129 ], [ 40.887695313, -1.986083984 ], [ 40.89251709, -1.984802246 ], [ 40.890075684, -1.989318848 ], [ 40.897888184, -1.99017334 ], [ 40.905273438, -1.993286133 ], [ 40.911071777, -2.000488281 ], [ 40.918518066, -2.006103516 ], [ 40.921325684, -2.010498047 ], [ 40.925476074, -2.012207031 ], [ 40.928710938, -2.011169434 ], [ 40.929321289, -2.00579834 ], [ 40.933105469, -2.002624512 ], [ 40.946289063, -1.998718262 ], [ 40.947875977, -1.995178223 ], [ 40.951293945, -1.993103027 ], [ 40.958679199, -1.984313965 ], [ 40.954284668, -1.974304199 ], [ 40.954711914, -1.971191406 ], [ 40.960876465, -1.961791992 ], [ 40.958312988, -1.958496094 ], [ 40.953491211, -1.957702637 ], [ 40.953491211, -1.950195312 ], [ 40.951721191, -1.943115234 ], [ 40.958679199, -1.932922363 ], [ 40.966918945, -1.927978516 ], [ 40.967529297, -1.924926758 ], [ 40.973083496, -1.927978516 ], [ 40.976318359, -1.925415039 ], [ 40.978271484, -1.920593262 ], [ 40.973510742, -1.915527344 ], [ 40.971679687, -1.911193848 ], [ 40.975524902, -1.913208008 ], [ 40.983703613, -1.909118652 ], [ 40.993286133, -1.893310547 ], [ 40.996887207, -1.896606445 ], [ 40.999084473, -1.893493652 ], [ 41.003112793, -1.894287109 ], [ 41.009277344, -1.891723633 ], [ 41.012695312, -1.886108398 ], [ 41.023498535, -1.878417969 ], [ 41.024902344, -1.870422363 ], [ 41.026672363, -1.867919922 ], [ 41.02947998, -1.867004395 ], [ 41.032470703, -1.868896484 ], [ 41.037475586, -1.880615234 ], [ 41.032897949, -1.889709473 ], [ 41.028503418, -1.891296387 ], [ 41.010925293, -1.906005859 ], [ 41.000671387, -1.908081055 ], [ 40.99810791, -1.912597656 ], [ 40.997680664, -1.916503906 ], [ 40.989685059, -1.92199707 ], [ 40.986083984, -1.929992676 ], [ 40.975891113, -1.941711426 ], [ 40.975097656, -1.945617676 ], [ 40.971496582, -1.94732666 ], [ 40.972473145, -1.952209473 ], [ 40.979492188, -1.959228516 ], [ 40.977905273, -1.963012695 ], [ 40.977478027, -1.982299805 ], [ 40.975280762, -1.984313965 ], [ 40.971496582, -1.993408203 ], [ 40.971679687, -1.996398926 ], [ 40.97467041, -2.000305176 ], [ 40.989074707, -2.010070801 ], [ 40.988098145, -2.013122559 ], [ 40.983703613, -2.014282227 ], [ 40.983093262, -2.018615723 ], [ 40.988891602, -2.023803711 ], [ 40.988891602, -2.027587891 ], [ 40.992492676, -2.035400391 ], [ 41.007324219, -2.031005859 ], [ 41.00970459, -2.034729004 ], [ 41.006896973, -2.042297363 ], [ 41.010925293, -2.046813965 ], [ 41.014526367, -2.047790527 ], [ 41.020324707, -2.043395996 ], [ 41.022888184, -2.037902832 ], [ 41.029724121, -2.042419434 ], [ 41.036499023, -2.031921387 ], [ 41.036682129, -2.027709961 ], [ 41.044128418, -2.023803711 ], [ 41.042480469, -2.017211914 ], [ 41.049499512, -2.013793945 ], [ 41.052124023, -2.010375977 ], [ 41.051879883, -2.007202148 ], [ 41.0546875, -2.00567627 ], [ 41.05847168, -2.006408691 ], [ 41.063720703, -2.00189209 ], [ 41.06072998, -1.999511719 ], [ 41.056518555, -1.999328613 ], [ 41.053283691, -1.997192383 ], [ 41.052124023, -1.986328125 ], [ 41.054504395, -1.981872559 ], [ 41.068725586, -1.97442627 ], [ 41.074279785, -1.968994141 ], [ 41.077697754, -1.967285156 ], [ 41.080871582, -1.968322754 ], [ 41.08807373, -1.967285156 ], [ 41.089477539, -1.963928223 ], [ 41.097900391, -1.962524414 ], [ 41.09967041, -1.969116211 ], [ 41.102111816, -1.971618652 ], [ 41.104675293, -1.964172363 ], [ 41.10748291, -1.961975098 ], [ 41.110473633, -1.965087891 ], [ 41.114074707, -1.960998535 ], [ 41.118530273, -1.961120605 ], [ 41.123291016, -1.957397461 ], [ 41.126525879, -1.953613281 ], [ 41.127929688, -1.948974609 ], [ 41.129089355, -1.951599121 ], [ 41.135498047, -1.949584961 ], [ 41.146728516, -1.93762207 ], [ 41.143676758, -1.935424805 ], [ 41.144714355, -1.931884766 ], [ 41.151672363, -1.929992676 ], [ 41.154724121, -1.927185059 ], [ 41.155700684, -1.92388916 ], [ 41.159912109, -1.924926758 ], [ 41.162109375, -1.920227051 ], [ 41.170288086, -1.916015625 ], [ 41.174682617, -1.910522461 ], [ 41.178527832, -1.909912109 ], [ 41.183288574, -1.90032959 ], [ 41.190124512, -1.899291992 ], [ 41.197875977, -1.894287109 ], [ 41.201721191, -1.893920898 ], [ 41.201904297, -1.897216797 ], [ 41.205078125, -1.898803711 ], [ 41.200317383, -1.905700684 ], [ 41.200317383, -1.909301758 ], [ 41.207885742, -1.903198242 ], [ 41.215698242, -1.902099609 ], [ 41.217102051, -1.911682129 ], [ 41.219726563, -1.91027832 ], [ 41.217895508, -1.917907715 ], [ 41.221496582, -1.918518066 ], [ 41.225097656, -1.917297363 ], [ 41.224121094, -1.913879395 ], [ 41.228881836, -1.913024902 ], [ 41.230895996, -1.915283203 ], [ 41.232299805, -1.926208496 ], [ 41.230895996, -1.929077148 ], [ 41.224914551, -1.932983398 ], [ 41.223327637, -1.937683105 ], [ 41.219909668, -1.9375 ], [ 41.216491699, -1.940185547 ], [ 41.217285156, -1.943908691 ], [ 41.22052002, -1.945495605 ], [ 41.218078613, -1.949401855 ], [ 41.228088379, -1.952514648 ], [ 41.227722168, -1.948486328 ], [ 41.231506348, -1.944702148 ], [ 41.232299805, -1.940673828 ], [ 41.236694336, -1.939086914 ], [ 41.237915039, -1.935791016 ], [ 41.240478516, -1.934814453 ], [ 41.243713379, -1.93939209 ], [ 41.246276855, -1.9375 ], [ 41.253295898, -1.939880371 ], [ 41.259094238, -1.939819336 ], [ 41.258483887, -1.942810059 ], [ 41.260498047, -1.945922852 ], [ 41.260314941, -1.949584961 ], [ 41.256896973, -1.947998047 ], [ 41.25390625, -1.950012207 ], [ 41.253723145, -1.95300293 ], [ 41.256530762, -1.955993652 ], [ 41.260314941, -1.953125 ], [ 41.260498047, -1.956481934 ], [ 41.254882813, -1.963684082 ], [ 41.256286621, -1.981384277 ], [ 41.260070801, -1.979797363 ], [ 41.266113281, -1.973083496 ], [ 41.272521973, -1.969177246 ], [ 41.276672363, -1.959594727 ], [ 41.27947998, -1.95690918 ], [ 41.283081055, -1.954711914 ], [ 41.290283203, -1.954711914 ], [ 41.292480469, -1.950317383 ], [ 41.299499512, -1.946716309 ], [ 41.301330566, -1.94342041 ], [ 41.300109863, -1.939880371 ], [ 41.301513672, -1.936706543 ], [ 41.310913086, -1.924987793 ], [ 41.313293457, -1.918823242 ], [ 41.319091797, -1.913024902 ], [ 41.326721191, -1.911987305 ], [ 41.333496094, -1.898681641 ], [ 41.33807373, -1.893005371 ], [ 41.35369873, -1.878112793 ], [ 41.363525391, -1.872009277 ], [ 41.36529541, -1.86730957 ], [ 41.362670898, -1.865905762 ], [ 41.359313965, -1.867492676 ], [ 41.355285645, -1.866882324 ], [ 41.351074219, -1.862426758 ], [ 41.347290039, -1.86151123 ], [ 41.348876953, -1.858581543 ], [ 41.352722168, -1.856994629 ], [ 41.356506348, -1.857727051 ], [ 41.359924316, -1.864074707 ], [ 41.363196276, -1.865138995 ], [ 41.370910645, -1.853820801 ], [ 41.368713379, -1.851989746 ], [ 41.372070313, -1.846618652 ], [ 41.392700195, -1.827697754 ], [ 41.393676758, -1.823486328 ], [ 41.398681641, -1.819519043 ], [ 41.397705078, -1.811706543 ], [ 41.40032959, -1.807128906 ], [ 41.40612793, -1.801574707 ], [ 41.413696289, -1.797180176 ], [ 41.446899414, -1.760009766 ], [ 41.451477051, -1.752685547 ], [ 41.462890625, -1.74420166 ], [ 41.492126465, -1.700683594 ], [ 41.524291992, -1.671691895 ], [ 41.531311035, -1.661315918 ], [ 41.509703655, -1.661916289 ], [ 41.163526455, -1.691898845 ], [ 40.892704026, -1.716317021 ], [ 40.740708482, -1.790498235 ], [ 40.735717773, -1.794799805 ], [ 40.714405468, -1.802944497 ], [ 40.500272451, -1.90669865 ], [ 40.403330019, -1.947262322 ], [ 40.217626064, -2.034310906 ], [ 40.212176223, -2.035650819 ], [ 40.250347443, -2.248181861 ], [ 40.250424583, -2.396689719 ], [ 40.253923411, -2.398023379 ], [ 40.346494266, -2.398634977 ], [ 40.348820582, -2.400783426 ], [ 40.348887788, -2.405629399 ], [ 40.357224147, -2.414605315 ], [ 40.367279087, -2.417494004 ], [ 40.371048172, -2.422447145 ], [ 40.38162086, -2.421952509 ], [ 40.385224723, -2.427154812 ], [ 40.390112683, -2.426765532 ], [ 40.399036955, -2.431072379 ], [ 40.402758349, -2.428878211 ], [ 40.40720654, -2.430160347 ], [ 40.412772343, -2.423875013 ], [ 40.425333634, -2.421841462 ], [ 40.425939238, -2.417904657 ], [ 40.432556775, -2.416950775 ], [ 40.435275405, -2.413303493 ], [ 40.442718988, -2.409320957 ], [ 40.445116045, -2.406256762 ], [ 40.445543695, -2.402642076 ], [ 40.442173322, -2.399437033 ], [ 40.443685509, -2.399387254 ], [ 40.663316191, -2.466366838 ], [ 40.736313199, -2.45583126 ] ] ], [ [ [ 40.93572998, -2.010620117 ], [ 40.931518555, -2.012817383 ], [ 40.935302734, -2.013427734 ], [ 40.93572998, -2.010620117 ] ] ], [ [ [ 41.024108887, -2.14440918 ], [ 41.026489258, -2.141418457 ], [ 41.022094727, -2.13861084 ], [ 41.019470215, -2.141601562 ], [ 41.024108887, -2.14440918 ] ] ], [ [ [ 41.079528809, -2.1328125 ], [ 41.078491211, -2.136108398 ], [ 41.082092285, -2.135070801 ], [ 41.079528809, -2.1328125 ] ] ], [ [ [ 41.132324219, -2.095092773 ], [ 41.125671387, -2.104614258 ], [ 41.126708984, -2.108276367 ], [ 41.140319824, -2.11529541 ], [ 41.152099609, -2.114624023 ], [ 41.153930664, -2.110412598 ], [ 41.151306152, -2.108276367 ], [ 41.15032959, -2.105285645 ], [ 41.145874023, -2.103881836 ], [ 41.140075684, -2.106506348 ], [ 41.136108398, -2.104309082 ], [ 41.132324219, -2.095092773 ] ] ], [ [ [ 41.103515625, -2.05267334 ], [ 41.097106934, -2.053405762 ], [ 41.096923828, -2.056213379 ], [ 41.085876465, -2.054626465 ], [ 41.084472656, -2.051086426 ], [ 41.082092285, -2.05871582 ], [ 41.078125, -2.063476563 ], [ 41.08190918, -2.068115234 ], [ 41.079101563, -2.074523926 ], [ 41.073730469, -2.08001709 ], [ 41.059692383, -2.085205078 ], [ 41.061523437, -2.091796875 ], [ 41.045471191, -2.086425781 ], [ 41.039672852, -2.091003418 ], [ 41.029724121, -2.094177246 ], [ 41.018920898, -2.101989746 ], [ 41.006896973, -2.098510742 ], [ 41.004272461, -2.100585937 ], [ 41.003295898, -2.104614258 ], [ 41.004089355, -2.11517334 ], [ 40.997924805, -2.112976074 ], [ 40.995117188, -2.110290527 ], [ 40.99407959, -2.102294922 ], [ 40.99029541, -2.101013184 ], [ 40.975524902, -2.105529785 ], [ 40.971679687, -2.108215332 ], [ 40.969909668, -2.116088867 ], [ 40.983276367, -2.120178223 ], [ 40.985107422, -2.133483887 ], [ 40.992492676, -2.136474609 ], [ 40.995727539, -2.139526367 ], [ 41.000671387, -2.140625 ], [ 41.008300781, -2.140808105 ], [ 41.014892578, -2.138977051 ], [ 41.015075684, -2.135070801 ], [ 41.006713867, -2.12902832 ], [ 41.00970459, -2.125793457 ], [ 41.014709473, -2.125610352 ], [ 41.022521973, -2.122497559 ], [ 41.026672363, -2.119873047 ], [ 41.031494141, -2.11340332 ], [ 41.039489746, -2.110900879 ], [ 41.052124023, -2.111572266 ], [ 41.053283691, -2.121704102 ], [ 41.05670166, -2.122619629 ], [ 41.051879883, -2.134216309 ], [ 41.056518555, -2.13659668 ], [ 41.074890137, -2.129699707 ], [ 41.073303223, -2.127197266 ], [ 41.069274902, -2.126586914 ], [ 41.071716309, -2.123413086 ], [ 41.07611084, -2.122619629 ], [ 41.079101563, -2.120300293 ], [ 41.07611084, -2.118408203 ], [ 41.07611084, -2.114929199 ], [ 41.079711914, -2.114990234 ], [ 41.084716797, -2.119506836 ], [ 41.083312988, -2.122314453 ], [ 41.083312988, -2.129211426 ], [ 41.084716797, -2.132019043 ], [ 41.08807373, -2.133178711 ], [ 41.087280273, -2.13659668 ], [ 41.093322754, -2.140197754 ], [ 41.107910156, -2.13848877 ], [ 41.113098145, -2.132995605 ], [ 41.111083984, -2.12890625 ], [ 41.105712891, -2.124206543 ], [ 41.107910156, -2.11340332 ], [ 41.105529785, -2.111206055 ], [ 41.105895996, -2.107910156 ], [ 41.103515625, -2.105529785 ], [ 41.097900391, -2.103515625 ], [ 41.094482422, -2.09967041 ], [ 41.106506348, -2.087585449 ], [ 41.108886719, -2.083190918 ], [ 41.112304687, -2.080322266 ], [ 41.115478516, -2.080200195 ], [ 41.13092041, -2.082580566 ], [ 41.135314941, -2.084228516 ], [ 41.137695312, -2.086791992 ], [ 41.139892578, -2.09588623 ], [ 41.144714355, -2.096618652 ], [ 41.150085449, -2.092712402 ], [ 41.150878906, -2.097106934 ], [ 41.157287598, -2.092224121 ], [ 41.163085937, -2.079711914 ], [ 41.162475586, -2.076782227 ], [ 41.159729004, -2.073913574 ], [ 41.145874023, -2.069824219 ], [ 41.138671875, -2.065185547 ], [ 41.138671875, -2.068725586 ], [ 41.140686035, -2.071899414 ], [ 41.137512207, -2.073791504 ], [ 41.119506836, -2.05859375 ], [ 41.109313965, -2.059204102 ], [ 41.103515625, -2.05267334 ] ] ], [ [ [ 41.132324219, -2.095092773 ], [ 41.134887695, -2.093811035 ], [ 41.132080078, -2.09161377 ], [ 41.132324219, -2.095092773 ] ] ], [ [ [ 41.109680176, -2.05090332 ], [ 41.108276367, -2.053894043 ], [ 41.111694336, -2.056213379 ], [ 41.112487793, -2.05291748 ], [ 41.109680176, -2.05090332 ] ] ], [ [ [ 41.103515625, -2.05267334 ], [ 41.106079102, -2.052429199 ], [ 41.105529785, -2.049926758 ], [ 41.103881836, -2.049377441 ], [ 41.102722168, -2.050720215 ], [ 41.103515625, -2.05267334 ] ] ], [ [ [ 41.202880859, -2.00982666 ], [ 41.204284668, -2.012512207 ], [ 41.214294434, -2.01550293 ], [ 41.213500977, -2.011413574 ], [ 41.208679199, -2.006591797 ], [ 41.20489502, -2.006408691 ], [ 41.202880859, -2.00982666 ] ] ], [ [ [ 41.261901855, -2.01361084 ], [ 41.25970459, -2.019714355 ], [ 41.253479004, -2.027893066 ], [ 41.25592041, -2.029907227 ], [ 41.267272949, -2.013793945 ], [ 41.277893066, -2.00390625 ], [ 41.287902832, -1.991516113 ], [ 41.291687012, -1.984008789 ], [ 41.299926758, -1.976989746 ], [ 41.296081543, -1.973083496 ], [ 41.284484863, -1.986572266 ], [ 41.282714844, -1.99041748 ], [ 41.273681641, -1.998718262 ], [ 41.261901855, -2.01361084 ] ] ] ] } },
{ "type": "Feature", "properties": { "shapeName": "Taita Taveta", "shapeISO": "", "shapeID": "84041B20805422820943", "shapeGroup": "KEN", "shapeType": "ADM1" }, "geometry": { "type": "Polygon", "coordinates": [ [ [ 39.087196319, -3.569599131 ], [ 39.141421138, -3.358785227 ], [ 39.219046558, -3.0692629 ], [ 39.219748957, -3.066899457 ], [ 39.218652099, -3.065824788 ], [ 39.205697087, -3.06625456 ], [ 39.197658535, -3.061119781 ], [ 39.182756429, -3.063105168 ], [ 39.179802552, -3.058213641 ], [ 39.176942203, -3.057023892 ], [ 39.174487099, -3.057728149 ], [ 39.169786926, -3.065462208 ], [ 39.164866918, -3.065954797 ], [ 39.163414012, -3.059418433 ], [ 39.152930776, -3.045077355 ], [ 39.150424944, -3.044509183 ], [ 39.143449308, -3.048609708 ], [ 39.14105343, -3.041352369 ], [ 39.136178493, -3.042176814 ], [ 39.133975072, -3.041160865 ], [ 39.134130476, -3.035562462 ], [ 39.131411535, -3.029303927 ], [ 39.130754433, -3.020790749 ], [ 39.128347881, -3.019304268 ], [ 39.113321289, -3.024333227 ], [ 39.105058691, -3.035954658 ], [ 39.089610288, -3.043020647 ], [ 39.088392249, -3.045462955 ], [ 39.088618271, -3.051168844 ], [ 39.086376198, -3.0532866 ], [ 39.081033708, -3.051287824 ], [ 39.079398625, -3.042814551 ], [ 39.075652634, -3.040864855 ], [ 39.062386346, -3.041031246 ], [ 39.053874609, -3.033293288 ], [ 39.045922907, -3.031287649 ], [ 39.044472208, -3.02766174 ], [ 39.045404151, -3.021099022 ], [ 39.036952657, -3.024996747 ], [ 39.025530269, -3.020646033 ], [ 39.018534395, -3.024497268 ], [ 39.014056149, -3.025309549 ], [ 38.99204509, -3.025709271 ], [ 38.989329598, -3.02717528 ], [ 38.985576247, -3.03361593 ], [ 38.976208693, -3.03931594 ], [ 38.952421567, -3.038460919 ], [ 38.937182649, -3.034402215 ], [ 38.931938775, -3.039944678 ], [ 38.925292416, -3.039752304 ], [ 38.918344646, -3.04250469 ], [ 38.912363894, -3.04298574 ], [ 38.902575647, -3.042153023 ], [ 38.898877569, -3.03818409 ], [ 38.892972755, -3.037816757 ], [ 38.862516706, -3.057386413 ], [ 38.847412467, -3.06077082 ], [ 38.845297975, -3.055463872 ], [ 38.841121678, -3.053505606 ], [ 38.835730566, -3.059480738 ], [ 38.826292474, -3.060637419 ], [ 38.819406871, -3.067196237 ], [ 38.803596716, -3.068238376 ], [ 38.798922461, -3.066271967 ], [ 38.798035014, -3.060673796 ], [ 38.801138317, -3.057876654 ], [ 38.808169944, -3.059148004 ], [ 38.80994604, -3.055155096 ], [ 38.808243448, -3.05255511 ], [ 38.798796544, -3.051777656 ], [ 38.788869745, -3.04762781 ], [ 38.778738465, -3.047766568 ], [ 38.775540835, -3.044002183 ], [ 38.773095049, -3.043310295 ], [ 38.768023816, -3.043237735 ], [ 38.758196831, -3.046712903 ], [ 38.74434851, -3.043258854 ], [ 38.733733499, -3.042279044 ], [ 38.724078494, -3.036885436 ], [ 38.707758799, -3.031555917 ], [ 38.694644483, -3.035520248 ], [ 38.682078848, -3.034988846 ], [ 38.665478328, -3.039317031 ], [ 38.662969802, -3.035933034 ], [ 38.660990868, -3.028619166 ], [ 38.653889517, -3.025111717 ], [ 38.650739515, -3.019998762 ], [ 38.643118952, -3.012911454 ], [ 38.635485759, -3.010816418 ], [ 38.629085378, -3.011871063 ], [ 38.625151433, -3.009950019 ], [ 38.617236851, -3.009787012 ], [ 38.613515274, -3.007220291 ], [ 38.608421713, -3.006514717 ], [ 38.606144353, -3.00402637 ], [ 38.609178531, -2.996502156 ], [ 38.608335646, -2.994704221 ], [ 38.602101428, -2.99855795 ], [ 38.594611652, -2.999172132 ], [ 38.583475743, -2.98732701 ], [ 38.55879273, -2.985818553 ], [ 38.550300803, -2.980512522 ], [ 38.543854715, -2.979600369 ], [ 38.53804779, -2.973508352 ], [ 38.530698133, -2.975928443 ], [ 38.525146479, -2.973995049 ], [ 38.519542932, -2.974786629 ], [ 38.514423053, -2.978879297 ], [ 38.513580206, -2.983435942 ], [ 38.508382793, -2.982444539 ], [ 38.49296613, -2.98396487 ], [ 38.48907835, -2.977806757 ], [ 38.476806634, -2.985564707 ], [ 38.468442924, -2.984917375 ], [ 38.466857896, -2.988108661 ], [ 38.463750889, -2.987835574 ], [ 38.459995371, -2.991851286 ], [ 38.458236933, -2.991148408 ], [ 38.448196888, -2.972017347 ], [ 38.431370738, -2.95708221 ], [ 38.420417777, -2.944193179 ], [ 38.408938053, -2.927321242 ], [ 38.405097956, -2.925670512 ], [ 38.398059369, -2.927084424 ], [ 38.391880036, -2.925480251 ], [ 38.361467348, -2.897640566 ], [ 38.338083278, -2.864646668 ], [ 38.318729392, -2.832720755 ], [ 38.301063523, -2.814720631 ], [ 38.278846267, -2.782269445 ], [ 38.258339513, -2.758089559 ], [ 38.246849064, -2.747695443 ], [ 38.184032604, -2.702638366 ], [ 38.167115206, -2.693378112 ], [ 38.162502303, -2.693029635 ], [ 38.161137711, -2.679587404 ], [ 38.157107544, -2.688717798 ], [ 38.157526158, -2.693366638 ], [ 38.153258193, -2.698034502 ], [ 38.128246941, -2.698381046 ], [ 38.12314633, -2.703759552 ], [ 38.118218464, -2.705190688 ], [ 38.116457071, -2.711522642 ], [ 38.114959198, -2.71268853 ], [ 38.102229563, -2.718006895 ], [ 38.100130814, -2.720448761 ], [ 37.974414823, -2.787388935 ], [ 37.937362439, -2.770810602 ], [ 37.917873383, -2.868433672 ], [ 37.894382462, -2.885697128 ], [ 37.870356152, -3.078695023 ], [ 37.854475899, -3.080026465 ], [ 37.853508001, -3.179256816 ], [ 37.849240625, -3.181141067 ], [ 37.847949748, -3.184004005 ], [ 37.838715159, -3.187099618 ], [ 37.833199778, -3.186841781 ], [ 37.82795142, -3.17953326 ], [ 37.822432706, -3.175368156 ], [ 37.819396964, -3.174912737 ], [ 37.815814648, -3.170656807 ], [ 37.804390278, -3.167497492 ], [ 37.802751162, -3.169161848 ], [ 37.799308455, -3.169493815 ], [ 37.794276295, -3.173853797 ], [ 37.791675568, -3.171160452 ], [ 37.692071442, -3.175103272 ], [ 37.690757758, -3.175145128 ], [ 37.711116787, -3.307542318 ], [ 37.710542912, -3.314899862 ], [ 37.704442489, -3.319388649 ], [ 37.700428213, -3.324436483 ], [ 37.691821558, -3.324528853 ], [ 37.688478999, -3.319997035 ], [ 37.684974691, -3.320685129 ], [ 37.684501631, -3.348507632 ], [ 37.680141475, -3.354117881 ], [ 37.663223225, -3.356092693 ], [ 37.618133571, -3.400296195 ], [ 37.584388756, -3.438088443 ], [ 37.584800339, -3.459839054 ], [ 37.591984439, -3.458930082 ], [ 37.595824907, -3.456816754 ], [ 37.603794728, -3.45854537 ], [ 37.608260672, -3.461551862 ], [ 37.617117576, -3.459204198 ], [ 37.618927008, -3.463043818 ], [ 37.623732895, -3.465268934 ], [ 37.625417733, -3.484177004 ], [ 37.624151861, -3.485865321 ], [ 37.620262132, -3.486596895 ], [ 37.61688232, -3.49390663 ], [ 37.612209794, -3.494765883 ], [ 37.611979504, -3.499346898 ], [ 37.606222627, -3.50341787 ], [ 37.607079831, -3.508123196 ], [ 37.604941833, -3.511042788 ], [ 37.603328712, -3.517638162 ], [ 37.606885914, -3.521310214 ], [ 37.61887828, -3.523992362 ], [ 37.622354984, -3.521538661 ], [ 37.62892913, -3.521114193 ], [ 37.633262612, -3.518020881 ], [ 37.642966036, -3.516978364 ], [ 37.662946694, -3.503273973 ], [ 37.667361568, -3.504261578 ], [ 37.673034662, -3.503121505 ], [ 37.676799537, -3.510016719 ], [ 37.681433273, -3.512492487 ], [ 37.683851246, -3.511921823 ], [ 37.687082319, -3.515047442 ], [ 37.688287207, -3.518996001 ], [ 37.695634851, -3.526209981 ], [ 37.719242077, -3.529133847 ], [ 37.727433886, -3.537882063 ], [ 37.74313753, -3.541682709 ], [ 37.746730789, -3.54926399 ], [ 37.748177508, -3.563107662 ], [ 37.750890606, -3.569766162 ], [ 37.752454521, -3.572414984 ], [ 37.756104408, -3.569091136 ], [ 37.759273851, -3.571416463 ], [ 37.760206004, -3.586189346 ], [ 37.759001404, -3.5896586 ], [ 37.761515659, -3.588165252 ], [ 37.763870078, -3.582623725 ], [ 37.764168233, -3.574237653 ], [ 37.762582493, -3.570381397 ], [ 37.763883972, -3.569095979 ], [ 37.768794158, -3.579824969 ], [ 37.769876134, -3.587427855 ], [ 37.772856408, -3.591527965 ], [ 37.775664174, -3.60775797 ], [ 37.775020529, -3.611965254 ], [ 37.780034053, -3.621645696 ], [ 37.783403369, -3.632888648 ], [ 37.783985084, -3.645851376 ], [ 37.778816972, -3.64559745 ], [ 37.773305177, -3.641030185 ], [ 37.772450478, -3.642105352 ], [ 37.784961696, -3.674422754 ], [ 38.058487174, -3.866179222 ], [ 38.44574546, -4.137970693 ], [ 38.865337351, -3.987338443 ], [ 38.946018195, -3.959537005 ], [ 39.035120007, -3.75830591 ], [ 38.930492383, -3.695812942 ], [ 38.968475319, -3.633464317 ], [ 39.056056946, -3.684526443 ], [ 39.087196319, -3.569599131 ] ] ] } },
{ "type": "Feature", "properties": { "shapeName": "Garissa", "shapeISO": "", "shapeID": "84041B68521891022803", "shapeGroup": "KEN", "shapeType": "ADM1" }, "geometry": { "type": "Polygon", "coordinates": [ [ [ 40.212176223, -2.035650819 ], [ 40.217626064, -2.034310906 ], [ 40.403330019, -1.947262322 ], [ 40.500272451, -1.90669865 ], [ 40.714405468, -1.802944497 ], [ 40.735717773, -1.794799805 ], [ 40.740708482, -1.790498235 ], [ 40.892704026, -1.716317021 ], [ 41.163526455, -1.691898845 ], [ 41.509703655, -1.661916289 ], [ 41.562439726, -1.657420053 ], [ 41.562239726, -1.597220053 ], [ 41.219639726, -1.136420053 ], [ 40.993050256, -0.828945485 ], [ 40.993100774, -0.330769747 ], [ 40.993140762, 0.002531423 ], [ 40.992447174, 0.463301085 ], [ 40.979347174, 0.453051085 ], [ 40.961247174, 0.446701085 ], [ 40.945647174, 0.436001085 ], [ 40.932647174, 0.431201085 ], [ 40.919647174, 0.423751085 ], [ 40.885947174, 0.391251085 ], [ 40.858047174, 0.375951085 ], [ 40.841947174, 0.370251085 ], [ 40.818497174, 0.365751085 ], [ 40.772347174, 0.353651085 ], [ 40.750047174, 0.341751085 ], [ 40.736747174, 0.326251085 ], [ 40.716447174, 0.320151085 ], [ 40.711847174, 0.314851085 ], [ 40.703881865, 0.29335719 ], [ 40.695347174, 0.278401085 ], [ 40.684347174, 0.271351085 ], [ 40.683847174, 0.262351085 ], [ 40.681947174, 0.257651085 ], [ 40.646497174, 0.231201085 ], [ 40.634947174, 0.232551085 ], [ 40.611397174, 0.232151085 ], [ 40.604683134, 0.225538745 ], [ 40.597947174, 0.226301085 ], [ 40.595447174, 0.225351085 ], [ 40.587347174, 0.215651085 ], [ 40.585447174, 0.215251085 ], [ 40.576747174, 0.217701085 ], [ 40.572947174, 0.215551085 ], [ 40.563764096, 0.215942259 ], [ 40.541847174, 0.226301085 ], [ 40.533541478, 0.226628647 ], [ 40.524722186, 0.222198715 ], [ 40.520497174, 0.213651085 ], [ 40.513147174, 0.208051085 ], [ 40.506905436, 0.193483054 ], [ 40.504297174, 0.192501085 ], [ 40.496247174, 0.197151085 ], [ 40.491784714, 0.19522924 ], [ 40.483847174, 0.188551085 ], [ 40.475347174, 0.186151085 ], [ 40.452647174, 0.185301085 ], [ 40.426447174, 0.190051085 ], [ 40.419047174, 0.188901085 ], [ 40.408347174, 0.184101085 ], [ 40.402247174, 0.183601085 ], [ 40.396447174, 0.185051085 ], [ 40.377647174, 0.195951085 ], [ 40.361047174, 0.198401085 ], [ 40.331547174, 0.199251085 ], [ 40.299747174, 0.219651085 ], [ 40.281047174, 0.228851085 ], [ 40.259547174, 0.237301085 ], [ 40.238147174, 0.249601085 ], [ 40.214347174, 0.269401085 ], [ 40.180947174, 0.307451085 ], [ 40.161497174, 0.325801085 ], [ 40.153547174, 0.331101085 ], [ 40.143047174, 0.334801085 ], [ 40.129947174, 0.342001085 ], [ 40.098197174, 0.366051085 ], [ 40.057997174, 0.393601085 ], [ 40.048047174, 0.396651085 ], [ 40.013397174, 0.399251085 ], [ 39.983947174, 0.408251085 ], [ 39.965547174, 0.416901085 ], [ 39.947847174, 0.427701085 ], [ 39.904163208, 0.463262168 ], [ 39.895153585, 0.462262168 ], [ 39.888768629, 0.463921198 ], [ 39.877763208, 0.459562168 ], [ 39.874363208, 0.459562168 ], [ 39.870963208, 0.460762168 ], [ 39.865763208, 0.466162168 ], [ 39.856038939, 0.470929868 ], [ 39.851413208, 0.477662168 ], [ 39.840063208, 0.479062168 ], [ 39.836162565, 0.481294467 ], [ 39.82714669, 0.479711312 ], [ 39.820263208, 0.483662168 ], [ 39.810663208, 0.485062168 ], [ 39.800443903, 0.484524994 ], [ 39.795563208, 0.488262168 ], [ 39.783763208, 0.491062168 ], [ 39.778234338, 0.495176603 ], [ 39.774753585, 0.495770746 ], [ 39.770603788, 0.502902203 ], [ 39.763663208, 0.507062168 ], [ 39.761913208, 0.512012168 ], [ 39.756963208, 0.512862168 ], [ 39.745909909, 0.518099224 ], [ 39.740263208, 0.523162168 ], [ 39.735913208, 0.523162168 ], [ 39.732863208, 0.525362168 ], [ 39.723349571, 0.543294595 ], [ 39.719863208, 0.546562168 ], [ 39.717963208, 0.545612168 ], [ 39.716113208, 0.550562168 ], [ 39.710613208, 0.557762168 ], [ 39.701911667, 0.565022714 ], [ 39.698013208, 0.572512168 ], [ 39.689413208, 0.578812168 ], [ 39.684793267, 0.587529729 ], [ 39.675763742, 0.59812329 ], [ 39.672913208, 0.605112168 ], [ 39.663863208, 0.615162168 ], [ 39.662313208, 0.620162168 ], [ 39.654263208, 0.631262168 ], [ 39.645763208, 0.656862168 ], [ 39.634863208, 0.667062168 ], [ 39.627363208, 0.669762168 ], [ 39.623590329, 0.677145489 ], [ 39.613763208, 0.684362168 ], [ 39.609725811, 0.691810292 ], [ 39.606263208, 0.694212168 ], [ 39.600498052, 0.702501064 ], [ 39.596817652, 0.711840568 ], [ 39.587363208, 0.719762168 ], [ 39.575463208, 0.740862168 ], [ 39.563963208, 0.755762168 ], [ 39.561363208, 0.762312168 ], [ 39.560953585, 0.770170746 ], [ 39.554263208, 0.781462168 ], [ 39.543563208, 0.821412168 ], [ 39.533163208, 0.853462168 ], [ 39.519963208, 0.886862168 ], [ 39.497863208, 0.933912168 ], [ 39.493208836, 0.959953535 ], [ 39.490363208, 0.965962168 ], [ 39.479463208, 0.980812168 ], [ 39.465763208, 0.988562168 ], [ 39.461921811, 0.995885165 ], [ 39.457456127, 0.990578012 ], [ 39.454477932, 0.989156438 ], [ 39.395672338, 0.968451114 ], [ 39.361260424, 0.953948779 ], [ 39.313597176, 0.924772075 ], [ 39.267786104, 0.875945228 ], [ 39.249557534, 0.859640865 ], [ 39.237070216, 0.844155692 ], [ 39.224660177, 0.817763853 ], [ 39.215737727, 0.805604633 ], [ 39.207766344, 0.798566313 ], [ 39.200473308, 0.789470088 ], [ 39.180563134, 0.751749675 ], [ 39.177587866, 0.743649631 ], [ 39.175495611, 0.727485418 ], [ 39.177762459, 0.725566179 ], [ 39.173879676, 0.719721811 ], [ 39.167547794, 0.718810878 ], [ 39.163930716, 0.714051425 ], [ 39.147838496, 0.706003217 ], [ 39.143381744, 0.697933171 ], [ 39.142169485, 0.691177668 ], [ 39.13494178, 0.690823078 ], [ 39.132133484, 0.688315272 ], [ 39.125423431, 0.688387394 ], [ 39.122894424, 0.690401675 ], [ 39.114169546, 0.691263729 ], [ 39.102473522, 0.689375641 ], [ 39.09840249, 0.686416795 ], [ 39.098869324, 0.681748509 ], [ 39.097278595, 0.680233061 ], [ 39.090600473, 0.681570948 ], [ 39.0839519, 0.676933634 ], [ 39.078250414, 0.679066054 ], [ 39.072235108, 0.678575576 ], [ 39.066093676, 0.68307667 ], [ 39.062335304, 0.683059707 ], [ 39.058110131, 0.685726139 ], [ 39.053669416, 0.686088584 ], [ 39.049178926, 0.683964567 ], [ 39.046299915, 0.677595286 ], [ 39.037771917, 0.672952346 ], [ 39.035049691, 0.667117562 ], [ 39.031770555, 0.665322849 ], [ 39.026876003, 0.664966294 ], [ 39.022232056, 0.65512073 ], [ 39.024054619, 0.650477927 ], [ 39.023504818, 0.645641819 ], [ 39.020865798, 0.641553883 ], [ 39.013995166, 0.640949371 ], [ 39.012078896, 0.635708818 ], [ 39.012455573, 0.628171657 ], [ 39.010190666, 0.625220906 ], [ 39.002035457, 0.624638764 ], [ 38.993074578, 0.626462972 ], [ 38.985971187, 0.6262547 ], [ 38.980171759, 0.622756688 ], [ 38.976701585, 0.622523191 ], [ 38.961385955, 0.624574824 ], [ 38.95157743, 0.628350181 ], [ 38.946457677, 0.626491578 ], [ 38.940750799, 0.628409499 ], [ 38.935818163, 0.625149252 ], [ 38.925380584, 0.606848888 ], [ 38.911239261, 0.599842408 ], [ 38.907583312, 0.600258537 ], [ 38.902202862, 0.59722506 ], [ 38.896540702, 0.598365629 ], [ 38.891594826, 0.596036757 ], [ 38.88325446, 0.597122653 ], [ 38.874950409, 0.595515013 ], [ 38.871124268, 0.60114336 ], [ 38.857746798, 0.599371643 ], [ 38.838921115, 0.587152835 ], [ 38.831937191, 0.585745469 ], [ 38.824894544, 0.581257002 ], [ 38.821002866, 0.575633486 ], [ 38.815811855, 0.571320479 ], [ 38.808573754, 0.55952899 ], [ 38.807460305, 0.554977391 ], [ 38.800983429, 0.549619615 ], [ 38.799065084, 0.544451915 ], [ 38.791594091, 0.541217428 ], [ 38.783862296, 0.527324942 ], [ 38.775454616, 0.519835143 ], [ 38.767446335, 0.517196042 ], [ 38.765864777, 0.51342622 ], [ 38.764038224, 0.512911482 ], [ 38.755910111, 0.516407531 ], [ 38.753284454, 0.523569167 ], [ 38.74987165, 0.525102062 ], [ 38.743282881, 0.524729037 ], [ 38.735034814, 0.520169172 ], [ 38.723200037, 0.526071198 ], [ 38.720185245, 0.523468798 ], [ 38.720267135, 0.517077997 ], [ 38.72196579, 0.513394296 ], [ 38.720882416, 0.51252836 ], [ 38.708384872, 0.514256911 ], [ 38.705886109, 0.509366443 ], [ 38.702630839, 0.507754894 ], [ 38.691627865, 0.511700032 ], [ 38.678083015, 0.509636346 ], [ 38.661563873, 0.510724306 ], [ 38.658762636, 0.508053923 ], [ 38.665888625, 0.501596035 ], [ 38.672569244, 0.50007907 ], [ 38.676982393, 0.494958311 ], [ 38.679846428, 0.473580032 ], [ 38.690221183, 0.447351901 ], [ 38.757226308, 0.183811826 ], [ 38.756992976, 0.17141322 ], [ 38.738449097, 0.15139208 ], [ 38.734672546, 0.149073688 ], [ 38.732182503, 0.138201617 ], [ 38.732208252, 0.125723273 ], [ 38.729834239, 0.119288258 ], [ 38.731804848, 0.098704338 ], [ 38.728567759, 0.086005901 ], [ 38.730265299, 0.073491998 ], [ 38.72902298, 0.066486582 ], [ 38.730562846, 0.048894265 ], [ 38.740069071, 0.014499315 ], [ 38.737628937, 0.004020054 ], [ 38.741233826, -0.001399727 ], [ 38.743794441, -0.002842105 ], [ 38.742383957, -0.007921583 ], [ 38.743156433, -0.010123854 ], [ 38.741695404, -0.012606978 ], [ 38.748483658, -0.019602571 ], [ 38.747554779, -0.023409694 ], [ 38.749404907, -0.026226142 ], [ 38.748730027, -0.029682099 ], [ 38.760925287, -0.026210333 ], [ 38.776065823, -0.026247146 ], [ 38.792263019, -0.032174551 ], [ 38.800939549, -0.037189286 ], [ 38.822256096, -0.043566554 ], [ 38.834697709, -0.049283427 ], [ 38.857425693, -0.047160845 ], [ 38.86673356, -0.050943803 ], [ 38.882621761, -0.051585302 ], [ 38.900337176, -0.043094866 ], [ 38.910903938, -0.040189238 ], [ 38.916917812, -0.039982678 ], [ 38.937315948, -0.043714036 ], [ 38.944587701, -0.032200177 ], [ 38.961380006, -0.01856774 ], [ 38.972106939, -0.012650864 ], [ 38.995803826, -0.005747427 ], [ 39.027374263, -0.001544239 ], [ 39.039586435, -0.00228998 ], [ 39.04843139, -0.005208689 ], [ 39.070697771, -0.00290324 ], [ 39.081787121, -0.004691739 ], [ 39.090461744, -0.008268927 ], [ 39.097351072, -0.013366427 ], [ 39.110046385, -0.031207552 ], [ 39.139068618, -0.066532242 ], [ 39.148948714, -0.075162116 ], [ 39.157669069, -0.079454739 ], [ 39.169250498, -0.081377504 ], [ 39.18436432, -0.087950553 ], [ 39.196838381, -0.090633427 ], [ 39.22800445, -0.085446489 ], [ 39.260108946, -0.093092738 ], [ 39.29375076, -0.091398051 ], [ 39.31199267, -0.087785114 ], [ 39.326408385, -0.08964524 ], [ 39.335674272, -0.09418824 ], [ 39.362037646, -0.114363489 ], [ 39.38597107, -0.124665802 ], [ 39.402496329, -0.140834613 ], [ 39.408649445, -0.144769549 ], [ 39.431530003, -0.1450883 ], [ 39.44667052, -0.14913724 ], [ 39.471397391, -0.168722674 ], [ 39.48407745, -0.176563868 ], [ 39.509803765, -0.2024118 ], [ 39.526954642, -0.213847487 ], [ 39.532764438, -0.220614678 ], [ 39.54555413, -0.245172458 ], [ 39.550849934, -0.248261648 ], [ 39.563682563, -0.252373357 ], [ 39.578479762, -0.264108872 ], [ 39.587005624, -0.273959815 ], [ 39.599721913, -0.296857958 ], [ 39.617534635, -0.310330796 ], [ 39.626253131, -0.319194582 ], [ 39.626097845, -0.439878974 ], [ 39.626782703, -0.449088179 ], [ 39.636666289, -0.459831314 ], [ 39.632780345, -0.465135231 ], [ 39.630966442, -0.472122103 ], [ 39.632168514, -0.491386077 ], [ 39.633312196, -0.493049939 ], [ 39.69254442, -0.493139297 ], [ 39.704116077, -0.504738734 ], [ 39.709719889, -0.515112078 ], [ 39.717351733, -0.519812047 ], [ 39.722844514, -0.525548266 ], [ 39.726355264, -0.533007891 ], [ 39.72628567, -0.544813967 ], [ 39.729497977, -0.545787157 ], [ 39.746796905, -0.543135031 ], [ 39.757868914, -0.547226216 ], [ 39.773050242, -0.559776886 ], [ 39.809328374, -0.581670609 ], [ 39.817606967, -0.592505048 ], [ 39.821247376, -0.602726782 ], [ 39.819685272, -0.620589334 ], [ 39.821035012, -0.62690949 ], [ 39.822682465, -0.630626942 ], [ 39.836031569, -0.644690506 ], [ 39.841863178, -0.655290491 ], [ 39.843351303, -0.671847991 ], [ 39.856065282, -0.692699247 ], [ 39.857637647, -0.700713788 ], [ 39.858026093, -0.718110882 ], [ 39.865741741, -0.728759709 ], [ 39.867550569, -0.734515959 ], [ 39.867925085, -0.743270944 ], [ 39.862875506, -0.754888178 ], [ 39.862819759, -0.76112365 ], [ 39.879170835, -0.785485241 ], [ 39.883271241, -0.794578084 ], [ 39.890079678, -0.817170084 ], [ 39.901040002, -0.833547974 ], [ 39.903239053, -0.846564334 ], [ 39.903508865, -0.869689384 ], [ 39.905544634, -0.878237902 ], [ 39.903019835, -0.890251678 ], [ 39.90372588, -0.895538677 ], [ 39.905072851, -0.899310886 ], [ 39.912841741, -0.906376241 ], [ 39.919150289, -0.917148776 ], [ 39.925941899, -0.940142129 ], [ 39.937392156, -0.964233082 ], [ 39.938536803, -0.982467413 ], [ 39.934348124, -1.002789164 ], [ 39.946380241, -1.021675272 ], [ 39.968506615, -1.069252856 ], [ 39.996344569, -1.120382006 ], [ 40.010159647, -1.159553335 ], [ 40.038700432, -1.199431744 ], [ 40.050870616, -1.237089335 ], [ 40.053956022, -1.245358866 ], [ 40.05657021, -1.248580397 ], [ 40.056953736, -1.267895399 ], [ 40.04986135, -1.298104819 ], [ 40.049224166, -1.313149015 ], [ 40.050577736, -1.318779673 ], [ 40.060915022, -1.339094991 ], [ 40.062880678, -1.354560397 ], [ 40.084364182, -1.447624985 ], [ 40.0876608, -1.47621953 ], [ 40.092642725, -1.488264491 ], [ 40.10494293, -1.507541215 ], [ 40.108615599, -1.530999837 ], [ 40.116822867, -1.556231997 ], [ 40.124864675, -1.568657297 ], [ 40.13936243, -1.582326466 ], [ 40.146817492, -1.591847137 ], [ 40.152140664, -1.603212091 ], [ 40.156718435, -1.619549811 ], [ 40.15953518, -1.638844059 ], [ 40.159955277, -1.652302944 ], [ 40.157838305, -1.694504403 ], [ 40.16004799, -1.703812618 ], [ 40.168915118, -1.719141558 ], [ 40.170647016, -1.725518867 ], [ 40.16932657, -1.734766216 ], [ 40.160444035, -1.753957021 ], [ 40.157804325, -1.762976346 ], [ 40.159135776, -1.783405329 ], [ 40.162402173, -1.801356635 ], [ 40.162830494, -1.821471215 ], [ 40.166514195, -1.832613622 ], [ 40.182836227, -1.853530247 ], [ 40.18774193, -1.864838153 ], [ 40.188715323, -1.871328973 ], [ 40.187027617, -1.902918059 ], [ 40.189646667, -1.930671798 ], [ 40.186136851, -1.957733924 ], [ 40.187986088, -1.964802065 ], [ 40.197572452, -1.983856795 ], [ 40.196057384, -1.999814454 ], [ 40.205638263, -2.015436554 ], [ 40.212176223, -2.035650819 ] ] ] } },
{ "type": "Feature", "properties": { "shapeName": "Wajir", "shapeISO": "", "shapeID": "84041B31162130895851", "shapeGroup": "KEN", "shapeType": "ADM1" }, "geometry": { "type": "Polygon", "coordinates": [ [ [ 40.992447174, 0.463301085 ], [ 40.991653585, 0.692970746 ], [ 40.988053585, 1.019570746 ], [ 40.991853585, 1.021970746 ], [ 40.991653585, 1.490670746 ], [ 40.992753585, 1.680470746 ], [ 40.990953585, 1.943570746 ], [ 40.992153585, 2.175270746 ], [ 40.990910172, 2.178578778 ], [ 40.950660172, 2.176178778 ], [ 40.943660172, 2.177278778 ], [ 40.920360172, 2.187978778 ], [ 40.884160172, 2.216478778 ], [ 40.867260172, 2.235678778 ], [ 40.864510172, 2.240778778 ], [ 40.862660172, 2.253078778 ], [ 40.857260172, 2.262578778 ], [ 40.832860172, 2.288128778 ], [ 40.823210172, 2.292278778 ], [ 40.801160172, 2.291678778 ], [ 40.794160172, 2.296278778 ], [ 40.774460172, 2.314028778 ], [ 40.755960172, 2.316378778 ], [ 40.746060172, 2.313778778 ], [ 40.737760172, 2.314078778 ], [ 40.717960172, 2.329578778 ], [ 40.714960172, 2.335978778 ], [ 40.712960172, 2.345378778 ], [ 40.710360172, 2.349128778 ], [ 40.690460172, 2.368378778 ], [ 40.681160172, 2.372378778 ], [ 40.676360172, 2.376078778 ], [ 40.674060172, 2.384878778 ], [ 40.665510172, 2.391028778 ], [ 40.664560172, 2.395178778 ], [ 40.665810172, 2.406428778 ], [ 40.664460172, 2.409778778 ], [ 40.663860172, 2.424878778 ], [ 40.655660172, 2.433628778 ], [ 40.640960172, 2.436978778 ], [ 40.638580231, 2.442334993 ], [ 40.635496185, 2.442229525 ], [ 40.631760172, 2.444878778 ], [ 40.628960172, 2.449878778 ], [ 40.621560172, 2.454978778 ], [ 40.613460172, 2.464178778 ], [ 40.604560172, 2.478978778 ], [ 40.603260172, 2.481778778 ], [ 40.604160172, 2.490528778 ], [ 40.602960172, 2.493478778 ], [ 40.593860172, 2.499678778 ], [ 40.591460172, 2.503028778 ], [ 40.597060172, 2.509678778 ], [ 40.596760172, 2.513078778 ], [ 40.579260172, 2.530228778 ], [ 40.579310172, 2.549578778 ], [ 40.568760172, 2.564978778 ], [ 40.565310172, 2.566578778 ], [ 40.562760172, 2.572678778 ], [ 40.558060172, 2.578478778 ], [ 40.559860172, 2.588978778 ], [ 40.553910172, 2.593378778 ], [ 40.549060172, 2.602278778 ], [ 40.549560172, 2.612278778 ], [ 40.535560172, 2.652878778 ], [ 40.527074031, 2.665685851 ], [ 40.526610172, 2.673978778 ], [ 40.519460172, 2.696278778 ], [ 40.515960172, 2.701528778 ], [ 40.512760172, 2.703078778 ], [ 40.505760172, 2.711378778 ], [ 40.499860172, 2.719978778 ], [ 40.499760172, 2.722878778 ], [ 40.506460172, 2.725578778 ], [ 40.509260172, 2.728578778 ], [ 40.513953585, 2.737870746 ], [ 40.519860172, 2.740078778 ], [ 40.517760172, 2.761478778 ], [ 40.519032018, 2.764291888 ], [ 40.518460172, 2.773678778 ], [ 40.520560172, 2.775978778 ], [ 40.518660172, 2.777778778 ], [ 40.512860172, 2.778578778 ], [ 40.508260172, 2.784428778 ], [ 40.503560172, 2.784178778 ], [ 40.501060172, 2.787278778 ], [ 40.502560172, 2.793678778 ], [ 40.501860172, 2.795978778 ], [ 40.495760172, 2.797878778 ], [ 40.494060172, 2.800228778 ], [ 40.495513484, 2.804213843 ], [ 40.501253585, 2.807170746 ], [ 40.503060172, 2.810278778 ], [ 40.495510172, 2.819078778 ], [ 40.49826676, 2.821286811 ], [ 40.496460172, 2.826878778 ], [ 40.499160172, 2.834278778 ], [ 40.494560172, 2.838978778 ], [ 40.494460172, 2.845478778 ], [ 40.497160172, 2.851778778 ], [ 40.494053585, 2.854870746 ], [ 40.495360172, 2.858078778 ], [ 40.492560172, 2.865878778 ], [ 40.492960172, 2.868528778 ], [ 40.270160172, 2.971778778 ], [ 40.257638178, 2.988563823 ], [ 40.169838178, 3.090663823 ], [ 40.043738178, 3.228363823 ], [ 40.033638178, 3.233563823 ], [ 40.033538178, 3.237263823 ], [ 39.785953585, 3.336270746 ], [ 39.785138178, 3.695313823 ], [ 39.773353585, 3.668470746 ], [ 39.766853585, 3.659870746 ], [ 39.763653585, 3.661070746 ], [ 39.756553585, 3.654270746 ], [ 39.607853585, 3.501370746 ], [ 39.588953585, 3.488070746 ], [ 39.553253585, 3.399770746 ], [ 39.531453585, 3.402070746 ], [ 39.514153585, 3.409470746 ], [ 39.497253585, 3.464670746 ], [ 39.494853585, 3.466470746 ], [ 39.491553585, 3.466770746 ], [ 39.483053585, 3.459670746 ], [ 39.471353585, 3.461570746 ], [ 39.468953585, 3.459370746 ], [ 39.465453585, 3.459870746 ], [ 39.462453585, 3.456770746 ], [ 39.453453585, 3.456270746 ], [ 39.443153585, 3.460270746 ], [ 39.440753585, 3.456270746 ], [ 39.435753585, 3.456770746 ], [ 39.429153585, 3.454570746 ], [ 39.426253585, 3.465370746 ], [ 39.419453585, 3.460770746 ], [ 39.414953585, 3.462070746 ], [ 39.411953585, 3.465370746 ], [ 39.405053585, 3.464970746 ], [ 39.400953585, 3.463270746 ], [ 39.387453585, 3.466170746 ], [ 39.373253585, 3.467270746 ], [ 39.330253585, 3.466070746 ], [ 39.334953585, 3.480570746 ], [ 39.332853585, 3.500270746 ], [ 39.328453585, 3.502670746 ], [ 39.318977665, 3.499068002 ], [ 39.324225208, 3.496317819 ], [ 39.323703657, 3.487382448 ], [ 39.318538496, 3.474060753 ], [ 39.302997297, 3.455105383 ], [ 39.298842593, 3.440229068 ], [ 39.300482405, 3.427481563 ], [ 39.305518257, 3.418324232 ], [ 39.310510296, 3.412485853 ], [ 39.31293299, 3.40566805 ], [ 39.327908639, 3.289462544 ], [ 39.337357384, 3.279939343 ], [ 39.340633406, 3.260972517 ], [ 39.344954515, 3.137257127 ], [ 39.345620819, 3.070797359 ], [ 39.321129771, 3.052870986 ], [ 39.288979653, 3.036943862 ], [ 39.25694626, 3.003651169 ], [ 39.250288139, 2.995513868 ], [ 39.249849464, 2.988820154 ], [ 39.245638166, 2.985357361 ], [ 39.237373006, 2.984757409 ], [ 39.225087572, 2.979491576 ], [ 39.218561186, 2.978599723 ], [ 39.201143046, 2.967298569 ], [ 39.193854152, 2.956462388 ], [ 39.154964738, 2.954772563 ], [ 39.148798512, 2.953194897 ], [ 39.13908375, 2.93920095 ], [ 39.135388246, 2.936845848 ], [ 39.127980192, 2.935083147 ], [ 39.124574614, 2.931407457 ], [ 39.117130561, 2.911448369 ], [ 39.113164012, 2.88405114 ], [ 39.067167803, 2.883042984 ], [ 39.07003589, 2.805289931 ], [ 39.062145233, 2.735676527 ], [ 39.056478732, 2.731347403 ], [ 39.052596656, 2.725312974 ], [ 39.047853272, 2.702416264 ], [ 39.036757974, 2.691402102 ], [ 39.003573515, 2.610266808 ], [ 38.978616728, 2.568385127 ], [ 38.887599945, 2.544461012 ], [ 38.891374577, 2.535777495 ], [ 38.893638469, 2.511886777 ], [ 38.898474153, 2.498494606 ], [ 38.901870161, 2.478741153 ], [ 38.913379382, 2.449404066 ], [ 38.913559712, 2.442159615 ], [ 38.919877516, 2.430225206 ], [ 38.928197035, 2.408946124 ], [ 38.930372836, 2.380878546 ], [ 38.93410977, 2.372998558 ], [ 38.933763313, 2.361456656 ], [ 38.931624961, 2.354375803 ], [ 38.931034761, 2.345436885 ], [ 38.935516663, 2.315102239 ], [ 38.925623989, 2.284603202 ], [ 38.928129196, 2.274685383 ], [ 38.928594589, 2.260664105 ], [ 38.933882724, 2.242936593 ], [ 38.937629841, 2.214707726 ], [ 38.936640717, 2.161896633 ], [ 38.954989427, 2.106788594 ], [ 38.961545184, 2.099456261 ], [ 38.984775453, 2.070393112 ], [ 38.984469072, 2.051754556 ], [ 38.990502675, 2.045470317 ], [ 38.992660523, 2.039648056 ], [ 38.989612579, 2.027319193 ], [ 38.99262619, 2.017107129 ], [ 38.9935112, 2.007366896 ], [ 39.003325907, 2.003254398 ], [ 39.013172775, 1.99151729 ], [ 39.018390911, 1.988931446 ], [ 39.030159167, 1.978034016 ], [ 39.037098136, 1.964039172 ], [ 39.043511421, 1.957267314 ], [ 39.046782992, 1.948326677 ], [ 39.057733683, 1.940908347 ], [ 39.058276249, 1.931710298 ], [ 39.059959326, 1.927015041 ], [ 39.069010824, 1.92019937 ], [ 39.07298218, 1.915096885 ], [ 39.081175511, 1.911243075 ], [ 39.086669505, 1.904392669 ], [ 39.094024517, 1.90276518 ], [ 39.103400544, 1.892820334 ], [ 39.117871833, 1.886112893 ], [ 39.129094491, 1.873721015 ], [ 39.1379776, 1.856259346 ], [ 39.143152237, 1.853250027 ], [ 39.143121929, 1.842102626 ], [ 39.141658783, 1.837641478 ], [ 39.14738415, 1.832288767 ], [ 39.151445389, 1.822140694 ], [ 39.160674217, 1.812126279 ], [ 39.164631201, 1.800671294 ], [ 39.16775322, 1.798023999 ], [ 39.171850205, 1.788669884 ], [ 39.177902222, 1.769817233 ], [ 39.177270889, 1.76354599 ], [ 39.181669235, 1.754641295 ], [ 39.189140359, 1.745153284 ], [ 39.203839136, 1.716141702 ], [ 39.213663101, 1.709360302 ], [ 39.221590272, 1.708727426 ], [ 39.226388042, 1.707164318 ], [ 39.230846405, 1.702728271 ], [ 39.234663775, 1.703245441 ], [ 39.245957119, 1.699874937 ], [ 39.261393407, 1.688077535 ], [ 39.271497091, 1.689590931 ], [ 39.283424226, 1.6810576 ], [ 39.284269946, 1.67666354 ], [ 39.298873901, 1.667833447 ], [ 39.307254559, 1.668486516 ], [ 39.310138164, 1.658091516 ], [ 39.31278483, 1.658558329 ], [ 39.313798649, 1.66023297 ], [ 39.316274519, 1.659844925 ], [ 39.321715291, 1.649278291 ], [ 39.331515796, 1.647712649 ], [ 39.336796146, 1.639431834 ], [ 39.342336005, 1.640155733 ], [ 39.345846176, 1.628261447 ], [ 39.350837708, 1.625880599 ], [ 39.35973058, 1.611356756 ], [ 39.365345448, 1.606153271 ], [ 39.376823934, 1.587666005 ], [ 39.384934232, 1.582146095 ], [ 39.386750576, 1.57390588 ], [ 39.393389702, 1.574516594 ], [ 39.394515991, 1.573167324 ], [ 39.395005826, 1.568639158 ], [ 39.397697449, 1.563450992 ], [ 39.403657522, 1.559021267 ], [ 39.412472331, 1.560091409 ], [ 39.415054321, 1.558889091 ], [ 39.438831541, 1.537979603 ], [ 39.44708252, 1.53527832 ], [ 39.434635162, 1.530065835 ], [ 39.371614456, 1.509653747 ], [ 39.363282522, 1.505489945 ], [ 39.277526867, 1.474486869 ], [ 39.2772789, 1.472259522 ], [ 39.342239207, 1.304303549 ], [ 39.345092773, 1.299499512 ], [ 39.434364107, 1.065812853 ], [ 39.443494143, 1.047199129 ], [ 39.461921811, 0.995885165 ], [ 39.465763208, 0.988562168 ], [ 39.479463208, 0.980812168 ], [ 39.490363208, 0.965962168 ], [ 39.493208836, 0.959953535 ], [ 39.497863208, 0.933912168 ], [ 39.519963208, 0.886862168 ], [ 39.533163208, 0.853462168 ], [ 39.543563208, 0.821412168 ], [ 39.554263208, 0.781462168 ], [ 39.560953585, 0.770170746 ], [ 39.561363208, 0.762312168 ], [ 39.563963208, 0.755762168 ], [ 39.575463208, 0.740862168 ], [ 39.587363208, 0.719762168 ], [ 39.596817652, 0.711840568 ], [ 39.600498052, 0.702501064 ], [ 39.606263208, 0.694212168 ], [ 39.609725811, 0.691810292 ], [ 39.613763208, 0.684362168 ], [ 39.623590329, 0.677145489 ], [ 39.627363208, 0.669762168 ], [ 39.634863208, 0.667062168 ], [ 39.645763208, 0.656862168 ], [ 39.654263208, 0.631262168 ], [ 39.662313208, 0.620162168 ], [ 39.663863208, 0.615162168 ], [ 39.672913208, 0.605112168 ], [ 39.675763742, 0.59812329 ], [ 39.684793267, 0.587529729 ], [ 39.689413208, 0.578812168 ], [ 39.698013208, 0.572512168 ], [ 39.701911667, 0.565022714 ], [ 39.710613208, 0.557762168 ], [ 39.716113208, 0.550562168 ], [ 39.717963208, 0.545612168 ], [ 39.719863208, 0.546562168 ], [ 39.723349571, 0.543294595 ], [ 39.732863208, 0.525362168 ], [ 39.735913208, 0.523162168 ], [ 39.740263208, 0.523162168 ], [ 39.745909909, 0.518099224 ], [ 39.756963208, 0.512862168 ], [ 39.761913208, 0.512012168 ], [ 39.763663208, 0.507062168 ], [ 39.770603788, 0.502902203 ], [ 39.774753585, 0.495770746 ], [ 39.778234338, 0.495176603 ], [ 39.783763208, 0.491062168 ], [ 39.795563208, 0.488262168 ], [ 39.800443903, 0.484524994 ], [ 39.810663208, 0.485062168 ], [ 39.820263208, 0.483662168 ], [ 39.82714669, 0.479711312 ], [ 39.836162565, 0.481294467 ], [ 39.840063208, 0.479062168 ], [ 39.851413208, 0.477662168 ], [ 39.856038939, 0.470929868 ], [ 39.865763208, 0.466162168 ], [ 39.870963208, 0.460762168 ], [ 39.874363208, 0.459562168 ], [ 39.877763208, 0.459562168 ], [ 39.888768629, 0.463921198 ], [ 39.895153585, 0.462262168 ], [ 39.904163208, 0.463262168 ], [ 39.947847174, 0.427701085 ], [ 39.965547174, 0.416901085 ], [ 39.983947174, 0.408251085 ], [ 40.013397174, 0.399251085 ], [ 40.048047174, 0.396651085 ], [ 40.057997174, 0.393601085 ], [ 40.098197174, 0.366051085 ], [ 40.129947174, 0.342001085 ], [ 40.143047174, 0.334801085 ], [ 40.153547174, 0.331101085 ], [ 40.161497174, 0.325801085 ], [ 40.180947174, 0.307451085 ], [ 40.214347174, 0.269401085 ], [ 40.238147174, 0.249601085 ], [ 40.259547174, 0.237301085 ], [ 40.281047174, 0.228851085 ], [ 40.299747174, 0.219651085 ], [ 40.331547174, 0.199251085 ], [ 40.361047174, 0.198401085 ], [ 40.377647174, 0.195951085 ], [ 40.396447174, 0.185051085 ], [ 40.402247174, 0.183601085 ], [ 40.408347174, 0.184101085 ], [ 40.419047174, 0.188901085 ], [ 40.426447174, 0.190051085 ], [ 40.452647174, 0.185301085 ], [ 40.475347174, 0.186151085 ], [ 40.483847174, 0.188551085 ], [ 40.491784714, 0.19522924 ], [ 40.496247174, 0.197151085 ], [ 40.504297174, 0.192501085 ], [ 40.506905436, 0.193483054 ], [ 40.513147174, 0.208051085 ], [ 40.520497174, 0.213651085 ], [ 40.524722186, 0.222198715 ], [ 40.533541478, 0.226628647 ], [ 40.541847174, 0.226301085 ], [ 40.563764096, 0.215942259 ], [ 40.572947174, 0.215551085 ], [ 40.576747174, 0.217701085 ], [ 40.585447174, 0.215251085 ], [ 40.587347174, 0.215651085 ], [ 40.595447174, 0.225351085 ], [ 40.597947174, 0.226301085 ], [ 40.604683134, 0.225538745 ], [ 40.611397174, 0.232151085 ], [ 40.634947174, 0.232551085 ], [ 40.646497174, 0.231201085 ], [ 40.681947174, 0.257651085 ], [ 40.683847174, 0.262351085 ], [ 40.684347174, 0.271351085 ], [ 40.695347174, 0.278401085 ], [ 40.703881865, 0.29335719 ], [ 40.711847174, 0.314851085 ], [ 40.716447174, 0.320151085 ], [ 40.736747174, 0.326251085 ], [ 40.750047174, 0.341751085 ], [ 40.772347174, 0.353651085 ], [ 40.818497174, 0.365751085 ], [ 40.841947174, 0.370251085 ], [ 40.858047174, 0.375951085 ], [ 40.885947174, 0.391251085 ], [ 40.919647174, 0.423751085 ], [ 40.932647174, 0.431201085 ], [ 40.945647174, 0.436001085 ], [ 40.961247174, 0.446701085 ], [ 40.979347174, 0.453051085 ], [ 40.992447174, 0.463301085 ] ] ] } },
{ "type": "Feature", "properties": { "shapeName": "Mandera", "shapeISO": "", "shapeID": "84041B97164571435884", "shapeGroup": "KEN", "shapeType": "ADM1" }, "geometry": { "type": "Polygon", "coordinates": [ [ [ 40.990910172, 2.178578778 ], [ 40.99286676, 2.242386811 ], [ 40.99366676, 2.498486811 ], [ 40.99236676, 2.660086811 ], [ 40.99336676, 2.667886811 ], [ 40.99386676, 2.825286811 ], [ 41.327115626, 3.151311888 ], [ 41.469815626, 3.353411888 ], [ 41.740721459, 3.74151648 ], [ 41.795621459, 3.81911648 ], [ 41.825921459, 3.85931648 ], [ 41.858721459, 3.90921648 ], [ 41.906021459, 3.97571648 ], [ 41.904121459, 3.97901648 ], [ 41.901521459, 3.98151648 ], [ 41.898021459, 3.98191648 ], [ 41.885421459, 3.97481648 ], [ 41.883421459, 3.97321648 ], [ 41.882821459, 3.96861648 ], [ 41.876621459, 3.96761648 ], [ 41.875521459, 3.96511648 ], [ 41.873021459, 3.96441648 ], [ 41.868521459, 3.96761648 ], [ 41.867021459, 3.96191648 ], [ 41.864621459, 3.96111648 ], [ 41.856321459, 3.96251648 ], [ 41.854421459, 3.96121648 ], [ 41.853921459, 3.95811648 ], [ 41.854821459, 3.95221648 ], [ 41.849921459, 3.94901648 ], [ 41.846721459, 3.95021648 ], [ 41.842621459, 3.95541648 ], [ 41.837521459, 3.95521648 ], [ 41.835721459, 3.95371648 ], [ 41.836921459, 3.94761648 ], [ 41.835621459, 3.94631648 ], [ 41.832221459, 3.95131648 ], [ 41.828521459, 3.95381648 ], [ 41.825621459, 3.94941648 ], [ 41.820521459, 3.95201648 ], [ 41.819421459, 3.95491648 ], [ 41.821621459, 3.95861648 ], [ 41.819721459, 3.95991648 ], [ 41.809821459, 3.95971648 ], [ 41.807721459, 3.96191648 ], [ 41.803421459, 3.95911648 ], [ 41.800121459, 3.95961648 ], [ 41.794621459, 3.97111648 ], [ 41.798921459, 3.97291648 ], [ 41.797321459, 3.97511648 ], [ 41.794421459, 3.97561648 ], [ 41.794221459, 3.98341648 ], [ 41.788121459, 3.97951648 ], [ 41.783921459, 3.98411648 ], [ 41.781721459, 3.98451648 ], [ 41.779921459, 3.98351648 ], [ 41.778221459, 3.97781648 ], [ 41.775421459, 3.97611648 ], [ 41.771321459, 3.97561648 ], [ 41.765421459, 3.97781648 ], [ 41.753821459, 3.97641648 ], [ 41.754421459, 3.98471648 ], [ 41.738521459, 3.98941648 ], [ 41.733821459, 3.98611648 ], [ 41.735421459, 3.99291648 ], [ 41.733521459, 3.99531648 ], [ 41.730021459, 3.99481648 ], [ 41.731621459, 3.98921648 ], [ 41.721621459, 3.99171648 ], [ 41.720921459, 3.99571648 ], [ 41.717721459, 3.99591648 ], [ 41.713421459, 3.98821648 ], [ 41.705221459, 3.98851648 ], [ 41.697321459, 3.98331648 ], [ 41.692121459, 3.98201648 ], [ 41.689221459, 3.97491648 ], [ 41.686821459, 3.97451648 ], [ 41.682621459, 3.97931648 ], [ 41.681621459, 3.97731648 ], [ 41.682521459, 3.97331648 ], [ 41.677221459, 3.96151648 ], [ 41.672021459, 3.96871648 ], [ 41.669521459, 3.96981648 ], [ 41.667421459, 3.96791648 ], [ 41.662921459, 3.97001648 ], [ 41.656121459, 3.96791648 ], [ 41.652221459, 3.97361648 ], [ 41.644821459, 3.97581648 ], [ 41.641721459, 3.98131648 ], [ 41.639221459, 3.98121648 ], [ 41.637921459, 3.97951648 ], [ 41.635921459, 3.98011648 ], [ 41.637521459, 3.98301648 ], [ 41.637221459, 3.98701648 ], [ 41.634421459, 3.98731648 ], [ 41.632021459, 3.98071648 ], [ 41.629821459, 3.98111648 ], [ 41.629121459, 3.98471648 ], [ 41.627221459, 3.98571648 ], [ 41.618421459, 3.97631648 ], [ 41.603121459, 3.97741648 ], [ 41.594221459, 3.97301648 ], [ 41.580321459, 3.97531648 ], [ 41.569121459, 3.97201648 ], [ 41.565621459, 3.97261648 ], [ 41.560921459, 3.97961648 ], [ 41.553421459, 3.98541648 ], [ 41.549521459, 3.98661648 ], [ 41.539521459, 3.98261648 ], [ 41.536221459, 3.97811648 ], [ 41.527021459, 3.97511648 ], [ 41.523721459, 3.97011648 ], [ 41.522021459, 3.96321648 ], [ 41.515121459, 3.95691648 ], [ 41.508021459, 3.95701648 ], [ 41.506321459, 3.95861648 ], [ 41.507321459, 3.96481648 ], [ 41.503721459, 3.96931648 ], [ 41.500421459, 3.97091648 ], [ 41.496421459, 3.96501648 ], [ 41.483121459, 3.96341648 ], [ 41.482521459, 3.95741648 ], [ 41.480021459, 3.95671648 ], [ 41.475521459, 3.96031648 ], [ 41.469121459, 3.95741648 ], [ 41.465121459, 3.96101648 ], [ 41.461821459, 3.96181648 ], [ 41.449421459, 3.95781648 ], [ 41.439721459, 3.95981648 ], [ 41.438421459, 3.95761648 ], [ 41.439221459, 3.95241648 ], [ 41.420721459, 3.95161648 ], [ 41.415421459, 3.95591648 ], [ 41.409321459, 3.95791648 ], [ 41.398321459, 3.96661648 ], [ 41.395321459, 3.96711648 ], [ 41.392621459, 3.96671648 ], [ 41.388921459, 3.96181648 ], [ 41.382521459, 3.96241648 ], [ 41.380621459, 3.95491648 ], [ 41.377521459, 3.95421648 ], [ 41.371321459, 3.95791648 ], [ 41.363821459, 3.95881648 ], [ 41.360718543, 3.955814184 ], [ 41.363515626, 3.960011888 ], [ 41.362615626, 3.962111888 ], [ 41.355515626, 3.962011888 ], [ 41.355415626, 3.956011888 ], [ 41.352015626, 3.951011888 ], [ 41.345315626, 3.951511888 ], [ 41.339215626, 3.946711888 ], [ 41.332615626, 3.946211888 ], [ 41.329115626, 3.943011888 ], [ 41.325915626, 3.942911888 ], [ 41.318215626, 3.948011888 ], [ 41.317915626, 3.946011888 ], [ 41.311715626, 3.948811888 ], [ 41.308115626, 3.947911888 ], [ 41.303915626, 3.949711888 ], [ 41.298715626, 3.956911888 ], [ 41.296315626, 3.957111888 ], [ 41.294215626, 3.955511888 ], [ 41.296715626, 3.951311888 ], [ 41.295615626, 3.949311888 ], [ 41.287615626, 3.950711888 ], [ 41.282715626, 3.949011888 ], [ 41.281915626, 3.951311888 ], [ 41.283115626, 3.953611888 ], [ 41.280970514, 3.955537902 ], [ 41.279346466, 3.955634356 ], [ 41.276630402, 3.952034473 ], [ 41.2629776, 3.95773983 ], [ 41.255508423, 3.954343796 ], [ 41.249259949, 3.95644927 ], [ 41.247425079, 3.952238321 ], [ 41.245727539, 3.951762676 ], [ 41.243282318, 3.954071999 ], [ 41.242736816, 3.959913254 ], [ 41.240158081, 3.961883068 ], [ 41.232685089, 3.955566406 ], [ 41.231683731, 3.952136338 ], [ 41.228542328, 3.95515871 ], [ 41.216247559, 3.954751253 ], [ 41.217132568, 3.950404406 ], [ 41.20816803, 3.947891235 ], [ 41.20728302, 3.93688798 ], [ 41.19770813, 3.937091827 ], [ 41.189487457, 3.942729235 ], [ 41.184463501, 3.942797184 ], [ 41.180522919, 3.94585371 ], [ 41.176513672, 3.946193218 ], [ 41.173389435, 3.944223404 ], [ 41.168094635, 3.949045897 ], [ 41.166667938, 3.952645779 ], [ 41.155052185, 3.959437847 ], [ 41.146629333, 3.963105679 ], [ 41.140110016, 3.963445187 ], [ 41.136543274, 3.967622399 ], [ 41.130939484, 3.968878984 ], [ 41.130123138, 3.971595764 ], [ 41.135692596, 3.972275019 ], [ 41.135967255, 3.973837137 ], [ 41.132705688, 3.975331306 ], [ 41.125232697, 3.975671053 ], [ 41.127204895, 3.979949951 ], [ 41.12204361, 3.983006477 ], [ 41.117015839, 3.989391088 ], [ 41.114028931, 3.989798546 ], [ 41.1106987, 3.986877918 ], [ 41.108661652, 3.986877918 ], [ 41.10451889, 3.990070343 ], [ 41.102005005, 3.993330479 ], [ 41.100170135, 4.001616955 ], [ 41.105335236, 4.005488396 ], [ 41.104995728, 4.007118702 ], [ 41.089988708, 4.013496876 ], [ 41.082546234, 4.023756504 ], [ 41.074901581, 4.02476263 ], [ 41.072086334, 4.027378082 ], [ 41.070678711, 4.038442612 ], [ 41.068061829, 4.042868137 ], [ 41.05116272, 4.056749344 ], [ 41.04693985, 4.06258297 ], [ 41.041908264, 4.076464176 ], [ 41.03868866, 4.077067852 ], [ 41.032855988, 4.0744524 ], [ 41.030040741, 4.080890179 ], [ 41.020988464, 4.081694603 ], [ 41.01776886, 4.08551693 ], [ 41.017364502, 4.091954708 ], [ 41.004291534, 4.102818012 ], [ 41.000862122, 4.110171318 ], [ 40.994232178, 4.113077641 ], [ 40.984375, 4.112071991 ], [ 40.980751038, 4.113278866 ], [ 40.979404566, 4.122013721 ], [ 40.975004566, 4.126713721 ], [ 40.961104566, 4.135513721 ], [ 40.959604566, 4.141813721 ], [ 40.953204566, 4.142413721 ], [ 40.944204566, 4.148013721 ], [ 40.935704566, 4.147213721 ], [ 40.925604566, 4.149013721 ], [ 40.918604566, 4.154013721 ], [ 40.906804566, 4.156213721 ], [ 40.903104566, 4.163913721 ], [ 40.900404566, 4.179313721 ], [ 40.898204566, 4.183413721 ], [ 40.886604566, 4.192713721 ], [ 40.885304566, 4.204913721 ], [ 40.886104566, 4.211013721 ], [ 40.884404566, 4.214213721 ], [ 40.868704566, 4.226813721 ], [ 40.853804566, 4.228413721 ], [ 40.850204566, 4.236313721 ], [ 40.850404566, 4.243213721 ], [ 40.848404566, 4.247013721 ], [ 40.842604566, 4.249713721 ], [ 40.835704566, 4.250813721 ], [ 40.833804566, 4.247413721 ], [ 40.828504566, 4.251513721 ], [ 40.822404566, 4.252713721 ], [ 40.814104566, 4.258313721 ], [ 40.805404566, 4.261813721 ], [ 40.804804566, 4.264013721 ], [ 40.801904566, 4.265713721 ], [ 40.790704566, 4.267613721 ], [ 40.782504566, 4.280513721 ], [ 40.774904566, 4.279913721 ], [ 40.766804566, 4.282113721 ], [ 40.758604566, 4.281813721 ], [ 40.743504566, 4.263013721 ], [ 40.736104566, 4.260113721 ], [ 40.729204566, 4.254313721 ], [ 40.727304566, 4.251013721 ], [ 40.720104566, 4.249913721 ], [ 40.709104566, 4.251013721 ], [ 40.704604566, 4.249513721 ], [ 40.700904566, 4.247913721 ], [ 40.697104566, 4.241513721 ], [ 40.424504566, 4.131413721 ], [ 40.401604566, 4.120813721 ], [ 40.394104566, 4.113813721 ], [ 40.384804566, 4.115313721 ], [ 40.207004566, 4.042113721 ], [ 40.204104566, 4.041313721 ], [ 40.195904566, 4.046513721 ], [ 40.191304566, 4.046513721 ], [ 40.184004566, 4.034913721 ], [ 40.179204566, 4.030113721 ], [ 40.167704566, 4.025013721 ], [ 40.153004566, 4.013113721 ], [ 40.147504566, 4.013013721 ], [ 40.117604566, 3.999113721 ], [ 39.86532277, 3.8678569 ], [ 39.785138178, 3.695313823 ], [ 39.785953585, 3.336270746 ], [ 40.033538178, 3.237263823 ], [ 40.033638178, 3.233563823 ], [ 40.043738178, 3.228363823 ], [ 40.169838178, 3.090663823 ], [ 40.257638178, 2.988563823 ], [ 40.270160172, 2.971778778 ], [ 40.492960172, 2.868528778 ], [ 40.492560172, 2.865878778 ], [ 40.495360172, 2.858078778 ], [ 40.494053585, 2.854870746 ], [ 40.497160172, 2.851778778 ], [ 40.494460172, 2.845478778 ], [ 40.494560172, 2.838978778 ], [ 40.499160172, 2.834278778 ], [ 40.496460172, 2.826878778 ], [ 40.49826676, 2.821286811 ], [ 40.495510172, 2.819078778 ], [ 40.503060172, 2.810278778 ], [ 40.501253585, 2.807170746 ], [ 40.495513484, 2.804213843 ], [ 40.494060172, 2.800228778 ], [ 40.495760172, 2.797878778 ], [ 40.501860172, 2.795978778 ], [ 40.502560172, 2.793678778 ], [ 40.501060172, 2.787278778 ], [ 40.503560172, 2.784178778 ], [ 40.508260172, 2.784428778 ], [ 40.512860172, 2.778578778 ], [ 40.518660172, 2.777778778 ], [ 40.520560172, 2.775978778 ], [ 40.518460172, 2.773678778 ], [ 40.519032018, 2.764291888 ], [ 40.517760172, 2.761478778 ], [ 40.519860172, 2.740078778 ], [ 40.513953585, 2.737870746 ], [ 40.509260172, 2.728578778 ], [ 40.506460172, 2.725578778 ], [ 40.499760172, 2.722878778 ], [ 40.499860172, 2.719978778 ], [ 40.505760172, 2.711378778 ], [ 40.512760172, 2.703078778 ], [ 40.515960172, 2.701528778 ], [ 40.519460172, 2.696278778 ], [ 40.526610172, 2.673978778 ], [ 40.527074031, 2.665685851 ], [ 40.535560172, 2.652878778 ], [ 40.549560172, 2.612278778 ], [ 40.549060172, 2.602278778 ], [ 40.553910172, 2.593378778 ], [ 40.559860172, 2.588978778 ], [ 40.558060172, 2.578478778 ], [ 40.562760172, 2.572678778 ], [ 40.565310172, 2.566578778 ], [ 40.568760172, 2.564978778 ], [ 40.579310172, 2.549578778 ], [ 40.579260172, 2.530228778 ], [ 40.596760172, 2.513078778 ], [ 40.597060172, 2.509678778 ], [ 40.591460172, 2.503028778 ], [ 40.593860172, 2.499678778 ], [ 40.602960172, 2.493478778 ], [ 40.604160172, 2.490528778 ], [ 40.603260172, 2.481778778 ], [ 40.604560172, 2.478978778 ], [ 40.613460172, 2.464178778 ], [ 40.621560172, 2.454978778 ], [ 40.628960172, 2.449878778 ], [ 40.631760172, 2.444878778 ], [ 40.635496185, 2.442229525 ], [ 40.638580231, 2.442334993 ], [ 40.640960172, 2.436978778 ], [ 40.655660172, 2.433628778 ], [ 40.663860172, 2.424878778 ], [ 40.664460172, 2.409778778 ], [ 40.665810172, 2.406428778 ], [ 40.664560172, 2.395178778 ], [ 40.665510172, 2.391028778 ], [ 40.674060172, 2.384878778 ], [ 40.676360172, 2.376078778 ], [ 40.681160172, 2.372378778 ], [ 40.690460172, 2.368378778 ], [ 40.710360172, 2.349128778 ], [ 40.712960172, 2.345378778 ], [ 40.714960172, 2.335978778 ], [ 40.717960172, 2.329578778 ], [ 40.737760172, 2.314078778 ], [ 40.746060172, 2.313778778 ], [ 40.755960172, 2.316378778 ], [ 40.774460172, 2.314028778 ], [ 40.794160172, 2.296278778 ], [ 40.801160172, 2.291678778 ], [ 40.823210172, 2.292278778 ], [ 40.832860172, 2.288128778 ], [ 40.857260172, 2.262578778 ], [ 40.862660172, 2.253078778 ], [ 40.864510172, 2.240778778 ], [ 40.867260172, 2.235678778 ], [ 40.884160172, 2.216478778 ], [ 40.920360172, 2.187978778 ], [ 40.943660172, 2.177278778 ], [ 40.950660172, 2.176178778 ], [ 40.990910172, 2.178578778 ] ] ] } },
{ "type": "Feature", "properties": { "shapeName": "Marsabit", "shapeISO": "", "shapeID": "84041B71371005366284", "shapeGroup": "KEN", "shapeType": "ADM1" }, "geometry": { "type": "Polygon", "coordinates": [ [ [ 39.318977665, 3.499068002 ], [ 39.303354084, 3.478681759 ], [ 39.296802521, 3.477460146 ], [ 39.291996002, 3.479722261 ], [ 39.282472016, 3.479276852 ], [ 39.277347871, 3.478041542 ], [ 39.265838623, 3.472087622 ], [ 39.257640839, 3.474491119 ], [ 39.254261121, 3.477021925 ], [ 39.244632721, 3.476329088 ], [ 39.223910013, 3.481834147 ], [ 39.191078186, 3.479421616 ], [ 39.189659119, 3.48069334 ], [ 39.188638301, 3.492139093 ], [ 39.176673889, 3.4900105 ], [ 39.17155838, 3.491571903 ], [ 39.157156924, 3.499854967 ], [ 39.150238037, 3.501548529 ], [ 39.149108887, 3.504650116 ], [ 39.149610462, 3.511024943 ], [ 39.135534645, 3.512996628 ], [ 39.130393982, 3.51193738 ], [ 39.106643677, 3.522278309 ], [ 39.091461182, 3.53608942 ], [ 39.087310013, 3.541934147 ], [ 39.078410013, 3.541534147 ], [ 39.077810288, 3.53207779 ], [ 39.073110013, 3.531534147 ], [ 39.071208, 3.529173494 ], [ 39.066010013, 3.529434147 ], [ 39.060401597, 3.527152757 ], [ 39.054912567, 3.521798134 ], [ 39.045077613, 3.525129979 ], [ 39.042924124, 3.527149266 ], [ 39.035310013, 3.528434147 ], [ 39.031652854, 3.52472976 ], [ 39.021109355, 3.524418091 ], [ 39.021175385, 3.512604713 ], [ 39.018276215, 3.511379004 ], [ 39.01473999, 3.513412714 ], [ 39.012176514, 3.517674923 ], [ 39.007479821, 3.516555997 ], [ 39.003310013, 3.525034147 ], [ 38.998910013, 3.521734147 ], [ 38.993371335, 3.524538161 ], [ 38.990410013, 3.523834147 ], [ 38.981281281, 3.526116133 ], [ 38.975938005, 3.531990524 ], [ 38.970916748, 3.530294895 ], [ 38.967826843, 3.533387184 ], [ 38.964810013, 3.532734147 ], [ 38.95860952, 3.52681887 ], [ 38.959678579, 3.517930217 ], [ 38.905673981, 3.514666319 ], [ 38.848979965, 3.534742112 ], [ 38.840753825, 3.536922535 ], [ 38.839622498, 3.536172867 ], [ 38.714984894, 3.574235439 ], [ 38.712364197, 3.580439806 ], [ 38.712978363, 3.583643436 ], [ 38.693199158, 3.612393379 ], [ 38.68693161, 3.626099586 ], [ 38.681553346, 3.626709481 ], [ 38.673111128, 3.623034633 ], [ 38.67660932, 3.611182385 ], [ 38.669147923, 3.602847663 ], [ 38.665618896, 3.595176935 ], [ 38.659320831, 3.598324776 ], [ 38.62480545, 3.606570959 ], [ 38.62040329, 3.604593039 ], [ 38.617450714, 3.606961012 ], [ 38.614815775, 3.614600345 ], [ 38.61148919, 3.614165264 ], [ 38.606056213, 3.608270168 ], [ 38.581710815, 3.608465195 ], [ 38.579316222, 3.606341022 ], [ 38.571624756, 3.612365484 ], [ 38.569061279, 3.610693932 ], [ 38.565330505, 3.615374088 ], [ 38.560062408, 3.61559701 ], [ 38.558307648, 3.617602825 ], [ 38.557861328, 3.625004768 ], [ 38.55115509, 3.637418509 ], [ 38.550216675, 3.644171238 ], [ 38.542285919, 3.649809837 ], [ 38.538696289, 3.65669632 ], [ 38.521110822, 3.654611841 ], [ 38.516310013, 3.650134147 ], [ 38.522610013, 3.644034147 ], [ 38.52131408, 3.637947275 ], [ 38.522376359, 3.629612918 ], [ 38.514892578, 3.625985384 ], [ 38.504773449, 3.624720493 ], [ 38.44776535, 3.604278088 ], [ 38.190601349, 3.62229681 ], [ 38.183849335, 3.622319221 ], [ 38.147388458, 3.614162207 ], [ 38.135536193, 3.61387282 ], [ 38.12931716, 3.608261297 ], [ 38.113178253, 3.625956535 ], [ 38.059803009, 3.66890645 ], [ 38.047496028, 3.675545271 ], [ 38.04417038, 3.678682566 ], [ 38.041904449, 3.68529582 ], [ 38.037662506, 3.685188055 ], [ 38.032058716, 3.690507412 ], [ 38.030979156, 3.694317102 ], [ 38.026702881, 3.696293831 ], [ 38.024402618, 3.701110125 ], [ 38.018722534, 3.70592618 ], [ 38.015666962, 3.715882063 ], [ 38.012722015, 3.715306997 ], [ 38.00812149, 3.728964567 ], [ 38.003159972, 3.728930182 ], [ 37.9994453, 3.733293288 ], [ 37.993278503, 3.731875896 ], [ 37.918810013, 3.773434147 ], [ 37.801959991, 3.851309061 ], [ 37.768066406, 3.87237072 ], [ 37.720050812, 3.90536499 ], [ 37.707004547, 3.912625074 ], [ 37.648635864, 3.952412128 ], [ 37.648239136, 3.955754757 ], [ 37.586601257, 3.99687171 ], [ 37.500823975, 4.059123993 ], [ 37.427116394, 4.10697794 ], [ 37.425989326, 4.110341974 ], [ 37.420467377, 4.111044407 ], [ 37.405617881, 4.120359198 ], [ 37.136291504, 4.295163631 ], [ 37.131843567, 4.293001175 ], [ 37.128261566, 4.294890404 ], [ 37.113273621, 4.306523323 ], [ 37.09703641, 4.334064554 ], [ 37.095848083, 4.333890915 ], [ 37.089393616, 4.343622684 ], [ 37.07774353, 4.348370552 ], [ 37.071800232, 4.348831177 ], [ 37.065402985, 4.34703207 ], [ 37.063938141, 4.351884842 ], [ 37.054294586, 4.362238884 ], [ 37.054951891, 4.365774757 ], [ 37.048106964, 4.370449859 ], [ 37.047289663, 4.375764563 ], [ 37.043708801, 4.374579906 ], [ 37.031410217, 4.385728836 ], [ 37.030602889, 4.381812582 ], [ 37.020966095, 4.371757387 ], [ 37.009830728, 4.379716244 ], [ 37.003685493, 4.378424757 ], [ 36.997234344, 4.382423878 ], [ 36.98639679, 4.392568588 ], [ 36.986251831, 4.395183086 ], [ 36.979631808, 4.395855262 ], [ 36.974898183, 4.39813008 ], [ 36.959121704, 4.397567749 ], [ 36.959171174, 4.403323546 ], [ 36.909858704, 4.424500465 ], [ 36.879730225, 4.431751728 ], [ 36.843982697, 4.449574471 ], [ 36.680351257, 4.441295624 ], [ 36.661380768, 4.441961765 ], [ 36.644779205, 4.453874588 ], [ 36.625579834, 4.454312325 ], [ 36.546916962, 4.444294453 ], [ 36.264129639, 4.450625896 ], [ 36.246250415, 4.457326795 ], [ 36.233400395, 4.451232627 ], [ 36.050304409, 4.451455597 ], [ 36.04962349, 4.131873131 ], [ 36.050283432, 3.779731274 ], [ 36.051643372, 3.239017725 ], [ 36.071886063, 3.226485014 ], [ 36.084959984, 3.225597322 ], [ 36.100576782, 3.220580292 ], [ 36.110837936, 3.220811367 ], [ 36.119657517, 3.21393764 ], [ 36.128448486, 3.210881352 ], [ 36.140672684, 3.209253192 ], [ 36.142268658, 3.212232619 ], [ 36.140089035, 3.21690774 ], [ 36.144995689, 3.223399579 ], [ 36.148461024, 3.221833507 ], [ 36.151018574, 3.216804578 ], [ 36.152020772, 3.211482763 ], [ 36.150548935, 3.190992832 ], [ 36.138690949, 3.156098843 ], [ 36.138433456, 3.152109027 ], [ 36.139247894, 3.148880482 ], [ 36.145273209, 3.143262386 ], [ 36.149435043, 3.134674311 ], [ 36.152231216, 3.116247654 ], [ 36.149518967, 3.095028758 ], [ 36.152639389, 3.090808272 ], [ 36.152639389, 3.085806727 ], [ 36.151676178, 3.080500365 ], [ 36.148328781, 3.075112105 ], [ 36.145889282, 3.073530436 ], [ 36.141736984, 3.073458791 ], [ 36.140253703, 3.070906321 ], [ 36.139297485, 3.062091827 ], [ 36.141664505, 3.059056044 ], [ 36.142225266, 3.055500031 ], [ 36.140859604, 3.037456155 ], [ 36.136568069, 3.02858005 ], [ 36.136298917, 3.013857101 ], [ 36.13161064, 3.010021771 ], [ 36.127298355, 3.002517104 ], [ 36.123860931, 2.981172609 ], [ 36.125943184, 2.980167687 ], [ 36.129772186, 2.981168151 ], [ 36.129078865, 2.976496816 ], [ 36.130059281, 2.975347611 ], [ 36.137285868, 2.98044459 ], [ 36.135996819, 2.97361362 ], [ 36.133328597, 2.969527741 ], [ 36.134788513, 2.96827356 ], [ 36.140367508, 2.970533073 ], [ 36.165454864, 2.967650771 ], [ 36.170796966, 2.969151735 ], [ 36.179832458, 2.967318217 ], [ 36.192451477, 2.969245275 ], [ 36.201257706, 2.963071108 ], [ 36.216991425, 2.959969282 ], [ 36.223061879, 2.956053655 ], [ 36.224780628, 2.956604409 ], [ 36.225168705, 2.959208846 ], [ 36.230500222, 2.957662761 ], [ 36.234323501, 2.958267331 ], [ 36.246709824, 2.950558722 ], [ 36.254518509, 2.955057144 ], [ 36.255655289, 2.959265351 ], [ 36.254028956, 2.964954952 ], [ 36.254854202, 2.966465831 ], [ 36.258095318, 2.960277673 ], [ 36.260679245, 2.948130131 ], [ 36.261630376, 2.934580386 ], [ 36.266412735, 2.92411387 ], [ 36.26943334, 2.910020749 ], [ 36.282823563, 2.892458796 ], [ 36.291264852, 2.888642152 ], [ 36.299788157, 2.888448795 ], [ 36.32252121, 2.874658227 ], [ 36.346459707, 2.863456726 ], [ 36.360552788, 2.861456811 ], [ 36.363932133, 2.858600706 ], [ 36.367601395, 2.852039695 ], [ 36.380054474, 2.840062022 ], [ 36.386750513, 2.828572689 ], [ 36.387819926, 2.818949381 ], [ 36.399112701, 2.794453859 ], [ 36.412015279, 2.773872058 ], [ 36.413410187, 2.769401789 ], [ 36.418710708, 2.763497829 ], [ 36.421857198, 2.74584508 ], [ 36.421267509, 2.736703753 ], [ 36.429304123, 2.719078183 ], [ 36.431999842, 2.714978397 ], [ 36.439245224, 2.711679936 ], [ 36.447294235, 2.705492377 ], [ 36.438279788, 2.691786349 ], [ 36.434032917, 2.680074632 ], [ 36.436080933, 2.67049861 ], [ 36.434432983, 2.653833548 ], [ 36.438022137, 2.64365831 ], [ 36.438025157, 2.634503921 ], [ 36.441816966, 2.630209446 ], [ 36.442433039, 2.62652421 ], [ 36.454111099, 2.61215651 ], [ 36.463294983, 2.609710932 ], [ 36.472658158, 2.609517276 ], [ 36.475183487, 2.600260675 ], [ 36.494050979, 2.575446129 ], [ 36.515075684, 2.560253143 ], [ 36.524288178, 2.533013701 ], [ 36.524762154, 2.526741743 ], [ 36.530065537, 2.522756159 ], [ 36.531085968, 2.50006485 ], [ 36.528093338, 2.493267536 ], [ 36.527324676, 2.485194802 ], [ 36.529461169, 2.473516014 ], [ 36.524832916, 2.459002733 ], [ 36.5244929, 2.446192344 ], [ 36.532026927, 2.432215929 ], [ 36.538947296, 2.407633543 ], [ 36.542136192, 2.404333293 ], [ 36.548055649, 2.40304476 ], [ 36.552698408, 2.398773193 ], [ 36.559580803, 2.396591186 ], [ 36.566577148, 2.400146103 ], [ 36.568524933, 2.404795742 ], [ 36.57573986, 2.404030919 ], [ 36.57917281, 2.406810401 ], [ 36.586832682, 2.407401879 ], [ 36.592294693, 2.41343832 ], [ 36.60240457, 2.404801879 ], [ 36.607399067, 2.396082502 ], [ 36.616451734, 2.397370914 ], [ 36.619356864, 2.398725123 ], [ 36.621516448, 2.403696845 ], [ 36.62170848, 2.413222613 ], [ 36.623088837, 2.414558887 ], [ 36.626642687, 2.414091156 ], [ 36.631465912, 2.411832094 ], [ 36.635087967, 2.40433979 ], [ 36.638675797, 2.406652134 ], [ 36.638572693, 2.391187429 ], [ 36.641300201, 2.395373344 ], [ 36.643858817, 2.405622909 ], [ 36.643539429, 2.417091131 ], [ 36.644389129, 2.417598092 ], [ 36.648506165, 2.41319561 ], [ 36.650838468, 2.417839172 ], [ 36.657865893, 2.420032423 ], [ 36.661625557, 2.428818133 ], [ 36.670784121, 2.443293936 ], [ 36.685496077, 2.457775785 ], [ 36.688081097, 2.458409993 ], [ 36.696327209, 2.454001427 ], [ 36.69896498, 2.454266264 ], [ 36.699754766, 2.459058786 ], [ 36.697689056, 2.4642272 ], [ 36.703569744, 2.478698985 ], [ 36.701876696, 2.486540623 ], [ 36.702666275, 2.497353716 ], [ 36.700530942, 2.512255108 ], [ 36.707328796, 2.511460543 ], [ 36.709377289, 2.507565498 ], [ 36.739681224, 2.514092302 ], [ 36.748698937, 2.513775066 ], [ 36.753977263, 2.515847644 ], [ 36.759192238, 2.514763586 ], [ 36.765474105, 2.493645325 ], [ 36.770555156, 2.482544225 ], [ 36.844554319, 2.274961546 ], [ 36.864594188, 2.254452182 ], [ 36.892274373, 2.195640746 ], [ 36.894888537, 2.192729956 ], [ 36.901599285, 2.157255203 ], [ 36.913785634, 2.12636915 ], [ 36.911842052, 2.104836601 ], [ 36.91462641, 2.101849909 ], [ 36.918857574, 2.101357222 ], [ 36.918966277, 2.084728028 ], [ 36.921733304, 2.060161538 ], [ 36.919657692, 2.053447187 ], [ 36.919242175, 2.034518748 ], [ 36.91632843, 2.019161463 ], [ 36.924391878, 2.018071072 ], [ 36.937466918, 2.02527453 ], [ 36.948789791, 2.026483725 ], [ 36.976494353, 2.008647762 ], [ 36.997271978, 1.999759567 ], [ 37.008356282, 1.986035245 ], [ 37.011352724, 1.984426859 ], [ 37.075356127, 1.982531053 ], [ 37.093155816, 1.974752519 ], [ 37.122857039, 1.967138554 ], [ 37.157571892, 1.963737349 ], [ 37.161220806, 1.964583615 ], [ 37.163931411, 1.940171702 ], [ 37.171367116, 1.927144582 ], [ 37.181072109, 1.918074994 ], [ 37.219567666, 1.891385721 ], [ 37.233255807, 1.872584445 ], [ 37.274034304, 1.869895151 ], [ 37.305332734, 1.751568997 ], [ 37.344297094, 1.736573287 ], [ 37.359884798, 1.728149701 ], [ 37.408931702, 1.650288628 ], [ 37.474164617, 1.55137468 ], [ 37.499871142, 1.500552037 ], [ 37.558888972, 1.39610903 ], [ 37.564544678, 1.389739037 ], [ 37.570579571, 1.388363768 ], [ 37.574182015, 1.380370972 ], [ 37.577525388, 1.379870923 ], [ 37.581560589, 1.373246567 ], [ 37.582756042, 1.370358706 ], [ 37.580711365, 1.364028454 ], [ 37.588306427, 1.368021369 ], [ 37.591139658, 1.379166516 ], [ 37.597072601, 1.384090424 ], [ 37.597611341, 1.389783217 ], [ 37.599672303, 1.390738633 ], [ 37.60493621, 1.378306909 ], [ 37.611185204, 1.37494406 ], [ 37.617451485, 1.377349492 ], [ 37.623073578, 1.377565384 ], [ 37.624072789, 1.383125313 ], [ 37.630283356, 1.383506179 ], [ 37.63338788, 1.387574311 ], [ 37.640293996, 1.391127284 ], [ 37.64769616, 1.398330683 ], [ 37.654060451, 1.400846745 ], [ 37.658718109, 1.39490056 ], [ 37.662109245, 1.397927242 ], [ 37.67039107, 1.399070259 ], [ 37.672857958, 1.401882352 ], [ 37.676929474, 1.403275967 ], [ 37.684618588, 1.398972256 ], [ 37.693085979, 1.402573231 ], [ 37.713568698, 1.407651102 ], [ 37.736424532, 1.406858332 ], [ 37.747829437, 1.413014889 ], [ 37.755976994, 1.411530583 ], [ 37.763044454, 1.41378868 ], [ 37.770145072, 1.414097736 ], [ 37.778217316, 1.411554456 ], [ 37.782495265, 1.418856457 ], [ 37.784861034, 1.4186105 ], [ 37.787835044, 1.415488838 ], [ 37.795319753, 1.41457072 ], [ 37.800305229, 1.418061591 ], [ 37.810660927, 1.417868242 ], [ 37.817666634, 1.422752913 ], [ 37.825955581, 1.420434304 ], [ 37.831881687, 1.42495525 ], [ 37.843049144, 1.425553332 ], [ 37.844730377, 1.42635715 ], [ 37.843844024, 1.429711308 ], [ 37.84717982, 1.43577005 ], [ 37.846580505, 1.442815781 ], [ 37.850214268, 1.446542964 ], [ 37.850065367, 1.452606664 ], [ 37.853486175, 1.459164576 ], [ 37.951669884, 1.38732822 ], [ 37.946302442, 1.263430463 ], [ 38.241283417, 1.499945283 ], [ 38.341201782, 1.577994704 ], [ 38.384000778, 1.761464417 ], [ 38.795402527, 1.998934865 ], [ 38.835422516, 2.025982857 ], [ 38.961545184, 2.099456261 ], [ 38.954989427, 2.106788594 ], [ 38.936640717, 2.161896633 ], [ 38.937629841, 2.214707726 ], [ 38.933882724, 2.242936593 ], [ 38.928594589, 2.260664105 ], [ 38.928129196, 2.274685383 ], [ 38.925623989, 2.284603202 ], [ 38.935516663, 2.315102239 ], [ 38.931034761, 2.345436885 ], [ 38.931624961, 2.354375803 ], [ 38.933763313, 2.361456656 ], [ 38.93410977, 2.372998558 ], [ 38.930372836, 2.380878546 ], [ 38.928197035, 2.408946124 ], [ 38.919877516, 2.430225206 ], [ 38.913559712, 2.442159615 ], [ 38.913379382, 2.449404066 ], [ 38.901870161, 2.478741153 ], [ 38.898474153, 2.498494606 ], [ 38.893638469, 2.511886777 ], [ 38.891374577, 2.535777495 ], [ 38.887599945, 2.544461012 ], [ 38.978616728, 2.568385127 ], [ 39.003573515, 2.610266808 ], [ 39.036757974, 2.691402102 ], [ 39.047853272, 2.702416264 ], [ 39.052596656, 2.725312974 ], [ 39.056478732, 2.731347403 ], [ 39.062145233, 2.735676527 ], [ 39.07003589, 2.805289931 ], [ 39.067167803, 2.883042984 ], [ 39.113164012, 2.88405114 ], [ 39.117130561, 2.911448369 ], [ 39.124574614, 2.931407457 ], [ 39.127980192, 2.935083147 ], [ 39.135388246, 2.936845848 ], [ 39.13908375, 2.93920095 ], [ 39.148798512, 2.953194897 ], [ 39.154964738, 2.954772563 ], [ 39.193854152, 2.956462388 ], [ 39.201143046, 2.967298569 ], [ 39.218561186, 2.978599723 ], [ 39.225087572, 2.979491576 ], [ 39.237373006, 2.984757409 ], [ 39.245638166, 2.985357361 ], [ 39.249849464, 2.988820154 ], [ 39.250288139, 2.995513868 ], [ 39.25694626, 3.003651169 ], [ 39.288979653, 3.036943862 ], [ 39.321129771, 3.052870986 ], [ 39.345620819, 3.070797359 ], [ 39.344954515, 3.137257127 ], [ 39.340633406, 3.260972517 ], [ 39.337357384, 3.279939343 ], [ 39.327908639, 3.289462544 ], [ 39.31293299, 3.40566805 ], [ 39.310510296, 3.412485853 ], [ 39.305518257, 3.418324232 ], [ 39.300482405, 3.427481563 ], [ 39.298842593, 3.440229068 ], [ 39.302997297, 3.455105383 ], [ 39.318538496, 3.474060753 ], [ 39.323703657, 3.487382448 ], [ 39.324225208, 3.496317819 ], [ 39.318977665, 3.499068002 ] ] ] } },
{ "type": "Feature", "properties": { "shapeName": "Isiolo", "shapeISO": "", "shapeID": "84041B31210356473951", "shapeGroup": "KEN", "shapeType": "ADM1" }, "geometry": { "type": "Polygon", "coordinates": [ [ [ 38.748730027, -0.029682099 ], [ 38.749404907, -0.026226142 ], [ 38.747554779, -0.023409694 ], [ 38.748483658, -0.019602571 ], [ 38.741695404, -0.012606978 ], [ 38.743156433, -0.010123854 ], [ 38.742383957, -0.007921583 ], [ 38.743794441, -0.002842105 ], [ 38.741233826, -0.001399727 ], [ 38.737628937, 0.004020054 ], [ 38.740069071, 0.014499315 ], [ 38.730562846, 0.048894265 ], [ 38.72902298, 0.066486582 ], [ 38.730265299, 0.073491998 ], [ 38.728567759, 0.086005901 ], [ 38.731804848, 0.098704338 ], [ 38.729834239, 0.119288258 ], [ 38.732208252, 0.125723273 ], [ 38.732182503, 0.138201617 ], [ 38.734672546, 0.149073688 ], [ 38.738449097, 0.15139208 ], [ 38.756992976, 0.17141322 ], [ 38.757226308, 0.183811826 ], [ 38.690221183, 0.447351901 ], [ 38.679846428, 0.473580032 ], [ 38.676982393, 0.494958311 ], [ 38.672569244, 0.50007907 ], [ 38.665888625, 0.501596035 ], [ 38.658762636, 0.508053923 ], [ 38.661563873, 0.510724306 ], [ 38.678083015, 0.509636346 ], [ 38.691627865, 0.511700032 ], [ 38.702630839, 0.507754894 ], [ 38.705886109, 0.509366443 ], [ 38.708384872, 0.514256911 ], [ 38.720882416, 0.51252836 ], [ 38.72196579, 0.513394296 ], [ 38.720267135, 0.517077997 ], [ 38.720185245, 0.523468798 ], [ 38.723200037, 0.526071198 ], [ 38.735034814, 0.520169172 ], [ 38.743282881, 0.524729037 ], [ 38.74987165, 0.525102062 ], [ 38.753284454, 0.523569167 ], [ 38.755910111, 0.516407531 ], [ 38.764038224, 0.512911482 ], [ 38.765864777, 0.51342622 ], [ 38.767446335, 0.517196042 ], [ 38.775454616, 0.519835143 ], [ 38.783862296, 0.527324942 ], [ 38.791594091, 0.541217428 ], [ 38.799065084, 0.544451915 ], [ 38.800983429, 0.549619615 ], [ 38.807460305, 0.554977391 ], [ 38.808573754, 0.55952899 ], [ 38.815811855, 0.571320479 ], [ 38.821002866, 0.575633486 ], [ 38.824894544, 0.581257002 ], [ 38.831937191, 0.585745469 ], [ 38.838921115, 0.587152835 ], [ 38.857746798, 0.599371643 ], [ 38.871124268, 0.60114336 ], [ 38.874950409, 0.595515013 ], [ 38.88325446, 0.597122653 ], [ 38.891594826, 0.596036757 ], [ 38.896540702, 0.598365629 ], [ 38.902202862, 0.59722506 ], [ 38.907583312, 0.600258537 ], [ 38.911239261, 0.599842408 ], [ 38.925380584, 0.606848888 ], [ 38.935818163, 0.625149252 ], [ 38.940750799, 0.628409499 ], [ 38.946457677, 0.626491578 ], [ 38.95157743, 0.628350181 ], [ 38.961385955, 0.624574824 ], [ 38.976701585, 0.622523191 ], [ 38.980171759, 0.622756688 ], [ 38.985971187, 0.6262547 ], [ 38.993074578, 0.626462972 ], [ 39.002035457, 0.624638764 ], [ 39.010190666, 0.625220906 ], [ 39.012455573, 0.628171657 ], [ 39.012078896, 0.635708818 ], [ 39.013995166, 0.640949371 ], [ 39.020865798, 0.641553883 ], [ 39.023504818, 0.645641819 ], [ 39.024054619, 0.650477927 ], [ 39.022232056, 0.65512073 ], [ 39.026876003, 0.664966294 ], [ 39.031770555, 0.665322849 ], [ 39.035049691, 0.667117562 ], [ 39.037771917, 0.672952346 ], [ 39.046299915, 0.677595286 ], [ 39.049178926, 0.683964567 ], [ 39.053669416, 0.686088584 ], [ 39.058110131, 0.685726139 ], [ 39.062335304, 0.683059707 ], [ 39.066093676, 0.68307667 ], [ 39.072235108, 0.678575576 ], [ 39.078250414, 0.679066054 ], [ 39.0839519, 0.676933634 ], [ 39.090600473, 0.681570948 ], [ 39.097278595, 0.680233061 ], [ 39.098869324, 0.681748509 ], [ 39.09840249, 0.686416795 ], [ 39.102473522, 0.689375641 ], [ 39.114169546, 0.691263729 ], [ 39.122894424, 0.690401675 ], [ 39.125423431, 0.688387394 ], [ 39.132133484, 0.688315272 ], [ 39.13494178, 0.690823078 ], [ 39.142169485, 0.691177668 ], [ 39.143381744, 0.697933171 ], [ 39.147838496, 0.706003217 ], [ 39.163930716, 0.714051425 ], [ 39.167547794, 0.718810878 ], [ 39.173879676, 0.719721811 ], [ 39.177762459, 0.725566179 ], [ 39.175495611, 0.727485418 ], [ 39.177587866, 0.743649631 ], [ 39.180563134, 0.751749675 ], [ 39.200473308, 0.789470088 ], [ 39.207766344, 0.798566313 ], [ 39.215737727, 0.805604633 ], [ 39.224660177, 0.817763853 ], [ 39.237070216, 0.844155692 ], [ 39.249557534, 0.859640865 ], [ 39.267786104, 0.875945228 ], [ 39.313597176, 0.924772075 ], [ 39.361260424, 0.953948779 ], [ 39.395672338, 0.968451114 ], [ 39.454477932, 0.989156438 ], [ 39.457456127, 0.990578012 ], [ 39.461921811, 0.995885165 ], [ 39.443494143, 1.047199129 ], [ 39.434364107, 1.065812853 ], [ 39.345092773, 1.299499512 ], [ 39.342239207, 1.304303549 ], [ 39.2772789, 1.472259522 ], [ 39.277526867, 1.474486869 ], [ 39.363282522, 1.505489945 ], [ 39.371614456, 1.509653747 ], [ 39.434635162, 1.530065835 ], [ 39.44708252, 1.53527832 ], [ 39.438831541, 1.537979603 ], [ 39.415054321, 1.558889091 ], [ 39.412472331, 1.560091409 ], [ 39.403657522, 1.559021267 ], [ 39.397697449, 1.563450992 ], [ 39.395005826, 1.568639158 ], [ 39.394515991, 1.573167324 ], [ 39.393389702, 1.574516594 ], [ 39.386750576, 1.57390588 ], [ 39.384934232, 1.582146095 ], [ 39.376823934, 1.587666005 ], [ 39.365345448, 1.606153271 ], [ 39.35973058, 1.611356756 ], [ 39.350837708, 1.625880599 ], [ 39.345846176, 1.628261447 ], [ 39.342336005, 1.640155733 ], [ 39.336796146, 1.639431834 ], [ 39.331515796, 1.647712649 ], [ 39.321715291, 1.649278291 ], [ 39.316274519, 1.659844925 ], [ 39.313798649, 1.66023297 ], [ 39.31278483, 1.658558329 ], [ 39.310138164, 1.658091516 ], [ 39.307254559, 1.668486516 ], [ 39.298873901, 1.667833447 ], [ 39.284269946, 1.67666354 ], [ 39.283424226, 1.6810576 ], [ 39.271497091, 1.689590931 ], [ 39.261393407, 1.688077535 ], [ 39.245957119, 1.699874937 ], [ 39.234663775, 1.703245441 ], [ 39.230846405, 1.702728271 ], [ 39.226388042, 1.707164318 ], [ 39.221590272, 1.708727426 ], [ 39.213663101, 1.709360302 ], [ 39.203839136, 1.716141702 ], [ 39.189140359, 1.745153284 ], [ 39.181669235, 1.754641295 ], [ 39.177270889, 1.76354599 ], [ 39.177902222, 1.769817233 ], [ 39.171850205, 1.788669884 ], [ 39.16775322, 1.798023999 ], [ 39.164631201, 1.800671294 ], [ 39.160674217, 1.812126279 ], [ 39.151445389, 1.822140694 ], [ 39.14738415, 1.832288767 ], [ 39.141658783, 1.837641478 ], [ 39.143121929, 1.842102626 ], [ 39.143152237, 1.853250027 ], [ 39.1379776, 1.856259346 ], [ 39.129094491, 1.873721015 ], [ 39.117871833, 1.886112893 ], [ 39.103400544, 1.892820334 ], [ 39.094024517, 1.90276518 ], [ 39.086669505, 1.904392669 ], [ 39.081175511, 1.911243075 ], [ 39.07298218, 1.915096885 ], [ 39.069010824, 1.92019937 ], [ 39.059959326, 1.927015041 ], [ 39.058276249, 1.931710298 ], [ 39.057733683, 1.940908347 ], [ 39.046782992, 1.948326677 ], [ 39.043511421, 1.957267314 ], [ 39.037098136, 1.964039172 ], [ 39.030159167, 1.978034016 ], [ 39.018390911, 1.988931446 ], [ 39.013172775, 1.99151729 ], [ 39.003325907, 2.003254398 ], [ 38.9935112, 2.007366896 ], [ 38.99262619, 2.017107129 ], [ 38.989612579, 2.027319193 ], [ 38.992660523, 2.039648056 ], [ 38.990502675, 2.045470317 ], [ 38.984469072, 2.051754556 ], [ 38.984775453, 2.070393112 ], [ 38.961545184, 2.099456261 ], [ 38.835422516, 2.025982857 ], [ 38.795402527, 1.998934865 ], [ 38.384000778, 1.761464417 ], [ 38.341201782, 1.577994704 ], [ 38.241283417, 1.499945283 ], [ 37.946302442, 1.263430463 ], [ 37.949182015, 1.19424069 ], [ 37.973481826, 1.16195005 ], [ 38.000945321, 1.128829294 ], [ 38.032641714, 1.085485238 ], [ 38.046843477, 0.805623032 ], [ 38.0804941, 0.783750558 ], [ 38.070287908, 0.783494469 ], [ 38.05963472, 0.779409166 ], [ 38.053652176, 0.779231436 ], [ 38.046978052, 0.783642486 ], [ 38.045099158, 0.788001328 ], [ 38.031198049, 0.792347995 ], [ 38.022087423, 0.799353273 ], [ 38.01571589, 0.797420475 ], [ 38.015996674, 0.804777131 ], [ 38.013333394, 0.805667015 ], [ 38.008258079, 0.802223462 ], [ 38.008728837, 0.793570203 ], [ 38.004582272, 0.789223553 ], [ 37.999834814, 0.788288604 ], [ 37.994333662, 0.779287175 ], [ 37.98590422, 0.777885183 ], [ 37.973548972, 0.760746185 ], [ 37.972707867, 0.756313537 ], [ 37.959696039, 0.752030085 ], [ 37.955039908, 0.745820015 ], [ 37.945956093, 0.744938205 ], [ 37.929520313, 0.723298705 ], [ 37.925026787, 0.720183155 ], [ 37.919365221, 0.720059156 ], [ 37.915281874, 0.714214259 ], [ 37.911807939, 0.714747028 ], [ 37.911220704, 0.7192218 ], [ 37.909213436, 0.72216319 ], [ 37.905542815, 0.721160759 ], [ 37.901928282, 0.72286044 ], [ 37.903403384, 0.727696204 ], [ 37.902270969, 0.729433391 ], [ 37.896415242, 0.728383649 ], [ 37.893805518, 0.730630449 ], [ 37.890679624, 0.738265864 ], [ 37.877965565, 0.744781024 ], [ 37.874180141, 0.737136257 ], [ 37.876372043, 0.733518616 ], [ 37.874102322, 0.729675205 ], [ 37.867298938, 0.727618964 ], [ 37.860083368, 0.721000891 ], [ 37.84840813, 0.715302409 ], [ 37.843998524, 0.706564192 ], [ 37.842747242, 0.699773235 ], [ 37.844986388, 0.693734952 ], [ 37.844509082, 0.691349257 ], [ 37.836527164, 0.681832333 ], [ 37.833301863, 0.679987521 ], [ 37.82330923, 0.680144189 ], [ 37.815963512, 0.676787892 ], [ 37.802535151, 0.676483026 ], [ 37.792255842, 0.672038472 ], [ 37.783353209, 0.677730902 ], [ 37.776387314, 0.678093799 ], [ 37.76977044, 0.674760705 ], [ 37.758661026, 0.672816706 ], [ 37.74940472, 0.677322821 ], [ 37.744552984, 0.675148709 ], [ 37.741282628, 0.6684119 ], [ 37.737818963, 0.66639905 ], [ 37.735993245, 0.662683302 ], [ 37.730646841, 0.662460347 ], [ 37.728056728, 0.657211581 ], [ 37.725498752, 0.655585809 ], [ 37.71387874, 0.661417714 ], [ 37.712515838, 0.66581691 ], [ 37.709575797, 0.669052134 ], [ 37.704469081, 0.668291215 ], [ 37.698043246, 0.664818659 ], [ 37.692170216, 0.664832968 ], [ 37.685106707, 0.657485577 ], [ 37.68284637, 0.652416184 ], [ 37.683137751, 0.646251086 ], [ 37.681582326, 0.64347236 ], [ 37.678226223, 0.643017838 ], [ 37.676429019, 0.640287978 ], [ 37.674540098, 0.642039026 ], [ 37.666676972, 0.634888331 ], [ 37.650063158, 0.632380095 ], [ 37.645934038, 0.627881055 ], [ 37.643909214, 0.62305049 ], [ 37.639561491, 0.622828677 ], [ 37.638312988, 0.615111804 ], [ 37.642385507, 0.615159533 ], [ 37.637136063, 0.609332286 ], [ 37.636321697, 0.601547184 ], [ 37.633056727, 0.598078375 ], [ 37.630358895, 0.597941226 ], [ 37.626764469, 0.60132793 ], [ 37.622770471, 0.599250708 ], [ 37.617917857, 0.600973219 ], [ 37.605265526, 0.592191979 ], [ 37.596114995, 0.592675246 ], [ 37.589525843, 0.588890343 ], [ 37.582557679, 0.588867784 ], [ 37.581461251, 0.585507594 ], [ 37.582401401, 0.577006932 ], [ 37.579963907, 0.574133021 ], [ 37.573475188, 0.575443546 ], [ 37.565822344, 0.571853432 ], [ 37.562994353, 0.573108956 ], [ 37.557387751, 0.571680116 ], [ 37.550999297, 0.574208391 ], [ 37.54503936, 0.578852017 ], [ 37.538838478, 0.575222904 ], [ 37.534651923, 0.568167383 ], [ 37.53206858, 0.566833623 ], [ 37.522931582, 0.571542758 ], [ 37.515145778, 0.567909931 ], [ 37.507643771, 0.570534259 ], [ 37.502753791, 0.575826232 ], [ 37.490870983, 0.579754999 ], [ 37.493011491, 0.586257531 ], [ 37.491441152, 0.590156876 ], [ 37.482375797, 0.590852134 ], [ 37.480320775, 0.589303764 ], [ 37.477693261, 0.589460843 ], [ 37.471023464, 0.594177097 ], [ 37.466217809, 0.593403635 ], [ 37.461513199, 0.587363307 ], [ 37.446206942, 0.581699079 ], [ 37.440819368, 0.583421455 ], [ 37.436202724, 0.580957273 ], [ 37.428897858, 0.584805787 ], [ 37.424187911, 0.580608766 ], [ 37.407480046, 0.581032728 ], [ 37.392456055, 0.578004963 ], [ 37.389031076, 0.578539825 ], [ 37.372931846, 0.589069292 ], [ 37.36736507, 0.587619459 ], [ 37.364448558, 0.588845988 ], [ 37.36366122, 0.599774274 ], [ 37.354312897, 0.601652384 ], [ 37.351840962, 0.617371834 ], [ 37.352711737, 0.623346122 ], [ 37.34855312, 0.628792403 ], [ 37.347475206, 0.634972411 ], [ 37.343031429, 0.640000996 ], [ 37.342180477, 0.647128518 ], [ 37.33130356, 0.651946305 ], [ 37.325890731, 0.660237481 ], [ 37.325369069, 0.668231431 ], [ 37.313212719, 0.687766441 ], [ 37.307709306, 0.702410149 ], [ 37.304713664, 0.705122012 ], [ 37.299801284, 0.721681137 ], [ 37.290556765, 0.731993483 ], [ 37.288565714, 0.737758317 ], [ 37.27371638, 0.74570062 ], [ 37.270721189, 0.751184266 ], [ 37.256207232, 0.764641294 ], [ 37.244668286, 0.762754539 ], [ 37.235164524, 0.752322077 ], [ 37.230259876, 0.750351513 ], [ 37.225774591, 0.745200676 ], [ 37.2187679, 0.740394938 ], [ 37.21383825, 0.740195601 ], [ 37.206283125, 0.742264348 ], [ 37.204046593, 0.746021758 ], [ 37.199814482, 0.747148402 ], [ 37.180491729, 0.743238318 ], [ 37.174691923, 0.745911285 ], [ 37.170349103, 0.743878895 ], [ 37.165206344, 0.743801733 ], [ 37.161391246, 0.752097354 ], [ 37.151108362, 0.75421745 ], [ 37.150011639, 0.760922785 ], [ 37.134367302, 0.759951698 ], [ 37.126930924, 0.766407362 ], [ 37.123209161, 0.777523575 ], [ 37.116590551, 0.782890748 ], [ 37.10921785, 0.780869494 ], [ 37.106403669, 0.786438844 ], [ 37.101224344, 0.787557935 ], [ 37.091322528, 0.783055524 ], [ 37.08623615, 0.782898866 ], [ 37.07041199, 0.77843529 ], [ 37.069680355, 0.767607777 ], [ 37.067792777, 0.76649137 ], [ 37.060593761, 0.768259585 ], [ 37.058329618, 0.772762627 ], [ 37.042971326, 0.765161884 ], [ 37.008206986, 0.752708974 ], [ 37.001610683, 0.75094972 ], [ 36.995077525, 0.751492668 ], [ 36.992159068, 0.748842264 ], [ 36.979336261, 0.745437218 ], [ 36.973347368, 0.747886747 ], [ 36.970611378, 0.744775296 ], [ 36.966588174, 0.74315624 ], [ 36.948096861, 0.744538442 ], [ 36.940364802, 0.748830488 ], [ 36.934942305, 0.75405473 ], [ 36.931532857, 0.748645842 ], [ 36.930795159, 0.744529334 ], [ 36.931126912, 0.734989067 ], [ 36.927195549, 0.730875835 ], [ 36.926132202, 0.72417438 ], [ 36.925182343, 0.687283218 ], [ 36.926612854, 0.675968397 ], [ 36.923725128, 0.67212304 ], [ 36.922067643, 0.661994309 ], [ 36.913331986, 0.662336946 ], [ 36.913053831, 0.658940683 ], [ 36.911368052, 0.657086273 ], [ 36.912206014, 0.650609573 ], [ 36.909102122, 0.648587624 ], [ 36.908285141, 0.645604581 ], [ 36.909305573, 0.635824978 ], [ 36.907597542, 0.632379532 ], [ 36.897226334, 0.631146967 ], [ 36.893819809, 0.622742683 ], [ 36.890365601, 0.623313785 ], [ 36.88804245, 0.610453586 ], [ 36.883467992, 0.613433957 ], [ 36.879169464, 0.605825166 ], [ 36.875099659, 0.605540447 ], [ 36.871508026, 0.599001825 ], [ 36.867586771, 0.597864628 ], [ 36.865888214, 0.592041636 ], [ 36.868041039, 0.587276042 ], [ 36.867492676, 0.578264574 ], [ 36.863765717, 0.572018921 ], [ 37.173980713, 0.534366369 ], [ 37.368855476, 0.512456715 ], [ 37.367200851, 0.507667879 ], [ 37.364683151, 0.507072732 ], [ 37.359621048, 0.502207905 ], [ 37.360731125, 0.499154285 ], [ 37.358833313, 0.495835384 ], [ 37.362175941, 0.488375776 ], [ 37.359781265, 0.484899744 ], [ 37.360190582, 0.477544493 ], [ 37.357588768, 0.474015996 ], [ 37.357113838, 0.468488261 ], [ 37.349155426, 0.460595558 ], [ 37.350443522, 0.456184402 ], [ 37.347901662, 0.450873097 ], [ 37.348643112, 0.443716285 ], [ 37.351665497, 0.436036348 ], [ 37.353278024, 0.414452374 ], [ 37.362880071, 0.409728681 ], [ 37.369421006, 0.397468463 ], [ 37.370062637, 0.384807274 ], [ 37.379071236, 0.380492705 ], [ 37.377645874, 0.37006563 ], [ 37.379089356, 0.364674211 ], [ 37.382374446, 0.363645757 ], [ 37.383816719, 0.358342968 ], [ 37.390090943, 0.357529208 ], [ 37.391944885, 0.355441943 ], [ 37.39179039, 0.339287763 ], [ 37.393235016, 0.336522156 ], [ 37.391470623, 0.327189676 ], [ 37.393929005, 0.318364888 ], [ 37.391635895, 0.313443264 ], [ 37.393755595, 0.313111757 ], [ 37.394629342, 0.309064375 ], [ 37.393279266, 0.307087254 ], [ 37.395562172, 0.302358531 ], [ 37.392035166, 0.298106635 ], [ 37.394718933, 0.29517473 ], [ 37.394101461, 0.292882214 ], [ 37.387512207, 0.287404448 ], [ 37.386203257, 0.283275794 ], [ 37.388073604, 0.281060293 ], [ 37.385345936, 0.276897226 ], [ 37.382078171, 0.275670916 ], [ 37.379086113, 0.276543777 ], [ 37.373441696, 0.272568256 ], [ 37.373711395, 0.271288681 ], [ 37.379229546, 0.270282529 ], [ 37.399009705, 0.283991188 ], [ 37.400417328, 0.285419434 ], [ 37.400697709, 0.296319321 ], [ 37.42999649, 0.29800424 ], [ 37.465591431, 0.283613563 ], [ 37.535980225, 0.263662696 ], [ 37.537876129, 0.268292576 ], [ 37.544073741, 0.273862819 ], [ 37.543576241, 0.274906911 ], [ 37.546955109, 0.279126078 ], [ 37.547660828, 0.28470692 ], [ 37.545770645, 0.286482215 ], [ 37.549633027, 0.295517743 ], [ 37.549699784, 0.306564898 ], [ 37.54751269, 0.307739136 ], [ 37.54651413, 0.311499351 ], [ 37.555247625, 0.328564818 ], [ 37.581308365, 0.328717336 ], [ 37.604930878, 0.353758425 ], [ 37.598800659, 0.402910262 ], [ 37.58493805, 0.403033659 ], [ 37.581976891, 0.411374852 ], [ 37.581508636, 0.459686876 ], [ 37.582613945, 0.465406835 ], [ 37.586059571, 0.471546099 ], [ 37.586725235, 0.480473543 ], [ 37.826236725, 0.56312722 ], [ 38.062509918, 0.671239948 ], [ 38.094421387, 0.564062774 ], [ 38.174663544, 0.33397451 ], [ 38.176361084, 0.330779225 ], [ 38.195583344, 0.321996778 ], [ 38.191692352, 0.244273677 ], [ 38.191558838, 0.235207781 ], [ 38.193260193, 0.231424131 ], [ 38.19883728, 0.225215681 ], [ 38.200766246, 0.226988752 ], [ 38.211816788, 0.223115966 ], [ 38.223251979, 0.216119684 ], [ 38.229454517, 0.216726413 ], [ 38.234224319, 0.213257943 ], [ 38.238808441, 0.206793308 ], [ 38.242340088, 0.207591411 ], [ 38.245206197, 0.206317852 ], [ 38.24637413, 0.203856528 ], [ 38.254714966, 0.198236823 ], [ 38.25774765, 0.194109887 ], [ 38.262130738, 0.192274601 ], [ 38.262605667, 0.186669506 ], [ 38.266754151, 0.181381874 ], [ 38.271892548, 0.177016854 ], [ 38.274605751, 0.177121017 ], [ 38.28112793, 0.17323713 ], [ 38.285751343, 0.169040762 ], [ 38.286655426, 0.164983273 ], [ 38.296386719, 0.159646035 ], [ 38.298751831, 0.155684446 ], [ 38.299510956, 0.148812838 ], [ 38.30512619, 0.133257479 ], [ 38.305849076, 0.128971815 ], [ 38.304510752, 0.119276171 ], [ 38.307250977, 0.111491874 ], [ 38.308628082, 0.109139167 ], [ 38.318069458, 0.107567661 ], [ 38.319917679, 0.099031229 ], [ 38.326580048, 0.096751306 ], [ 38.328224182, 0.094117753 ], [ 38.322896958, 0.079329088 ], [ 38.324028015, 0.075321093 ], [ 38.328334808, 0.071835272 ], [ 38.335777283, 0.070482068 ], [ 38.339580536, 0.06771291 ], [ 38.340740204, 0.065796886 ], [ 38.337408066, 0.062956907 ], [ 38.33820343, 0.061087515 ], [ 38.348974864, 0.060396091 ], [ 38.348701477, 0.057771253 ], [ 38.345525742, 0.054685466 ], [ 38.346576691, 0.051138737 ], [ 38.343490601, 0.04492875 ], [ 38.345270157, 0.042777665 ], [ 38.348932266, 0.043097765 ], [ 38.357204437, 0.037809677 ], [ 38.35319519, 0.030972293 ], [ 38.356025696, 0.020498544 ], [ 38.365686417, 0.014326973 ], [ 38.366037369, 0.012431967 ], [ 38.369012833, 0.010133636 ], [ 38.369880676, 0.006066735 ], [ 38.376724243, 0.004467824 ], [ 38.379201889, -0.002885817 ], [ 38.384355545, -0.003662398 ], [ 38.394499779, -0.009460738 ], [ 38.394690704, -0.010446675 ], [ 38.392718506, -0.010804543 ], [ 38.39316241, -0.013336304 ], [ 38.396427155, -0.014236311 ], [ 38.397439957, -0.016217794 ], [ 38.401681264, -0.016606752 ], [ 38.400892575, -0.019950922 ], [ 38.399202983, -0.021074095 ], [ 38.401511193, -0.026385406 ], [ 38.406431516, -0.028023964 ], [ 38.406356049, -0.029141467 ], [ 38.404342651, -0.029206849 ], [ 38.405972799, -0.043051582 ], [ 38.410739899, -0.047125218 ], [ 38.410066605, -0.051542967 ], [ 38.41363678, -0.051991958 ], [ 38.409516144, -0.057617322 ], [ 38.411914825, -0.059461109 ], [ 38.41037941, -0.063803956 ], [ 38.414291382, -0.066921605 ], [ 38.419865926, -0.068428545 ], [ 38.419552872, -0.07036484 ], [ 38.426703458, -0.075514791 ], [ 38.43277169, -0.076985805 ], [ 38.437434076, -0.072015638 ], [ 38.452910429, -0.085144573 ], [ 38.457016953, -0.086491768 ], [ 38.464204462, -0.084459204 ], [ 38.471500162, -0.079304671 ], [ 38.482866519, -0.076033528 ], [ 38.486795438, -0.071778783 ], [ 38.488576382, -0.061647219 ], [ 38.491525662, -0.058878159 ], [ 38.499864574, -0.063198843 ], [ 38.505831705, -0.062862764 ], [ 38.510741867, -0.059423454 ], [ 38.518103602, -0.062856801 ], [ 38.52071572, -0.062790396 ], [ 38.525763025, -0.057217975 ], [ 38.53091765, -0.054894249 ], [ 38.530123289, -0.043940494 ], [ 38.536062258, -0.043261951 ], [ 38.540086312, -0.044521107 ], [ 38.541643138, -0.033771675 ], [ 38.547513952, -0.020954373 ], [ 38.553715694, -0.017065959 ], [ 38.55949879, -0.019868753 ], [ 38.563229238, -0.018613645 ], [ 38.568888025, -0.019309181 ], [ 38.579151187, -0.024652901 ], [ 38.587210663, -0.025780135 ], [ 38.592912654, -0.031235094 ], [ 38.598987575, -0.033935759 ], [ 38.603447925, -0.034019056 ], [ 38.607885842, -0.029658313 ], [ 38.610697273, -0.029812088 ], [ 38.625444413, -0.041350751 ], [ 38.634492868, -0.052099955 ], [ 38.63872817, -0.054696512 ], [ 38.648423203, -0.053735842 ], [ 38.651830659, -0.048277944 ], [ 38.655072203, -0.046487081 ], [ 38.668445558, -0.050706309 ], [ 38.676349634, -0.055138089 ], [ 38.682431212, -0.05510237 ], [ 38.684668348, -0.052394981 ], [ 38.685114861, -0.043767218 ], [ 38.688076402, -0.040707762 ], [ 38.690953248, -0.042675616 ], [ 38.695811751, -0.049947849 ], [ 38.706195861, -0.056446765 ], [ 38.712567809, -0.062280445 ], [ 38.728202501, -0.064769917 ], [ 38.738157297, -0.070848416 ], [ 38.743661892, -0.070402294 ], [ 38.749175056, -0.07284128 ], [ 38.75773097, -0.073439182 ], [ 38.766380149, -0.068922617 ], [ 38.759721446, -0.063402714 ], [ 38.759809725, -0.06132335 ], [ 38.764726374, -0.054973961 ], [ 38.759827129, -0.050028141 ], [ 38.751117083, -0.04689322 ], [ 38.752805715, -0.038186983 ], [ 38.7503697, -0.036065228 ], [ 38.748730027, -0.029682099 ] ] ] } },
{ "type": "Feature", "properties": { "shapeName": "Meru", "shapeISO": "", "shapeID": "84041B51785833405201", "shapeGroup": "KEN", "shapeType": "ADM1" }, "geometry": { "type": "Polygon", "coordinates": [ [ [ 37.373711395, 0.271288681 ], [ 37.372543335, 0.265609786 ], [ 37.364877065, 0.260960062 ], [ 37.363321622, 0.256935569 ], [ 37.360181809, 0.25554803 ], [ 37.359958649, 0.252988823 ], [ 37.363510132, 0.250481591 ], [ 37.366136424, 0.250409055 ], [ 37.366390228, 0.248928502 ], [ 37.362976837, 0.244624701 ], [ 37.363320351, 0.240139421 ], [ 37.356452942, 0.237886029 ], [ 37.357876778, 0.232742515 ], [ 37.354808808, 0.227249407 ], [ 37.355213165, 0.221088782 ], [ 37.351359049, 0.215343897 ], [ 37.351201375, 0.211906125 ], [ 37.348155022, 0.210258234 ], [ 37.348189545, 0.195411348 ], [ 37.342018127, 0.193557128 ], [ 37.336253357, 0.193916589 ], [ 37.340187836, 0.189234811 ], [ 37.339453888, 0.187557313 ], [ 37.340796471, 0.184654575 ], [ 37.339082718, 0.183167808 ], [ 37.33572642, 0.183211625 ], [ 37.333379746, 0.180796951 ], [ 37.320304871, 0.183153242 ], [ 37.308050156, 0.178407829 ], [ 37.304758708, 0.173241228 ], [ 37.291137695, 0.161819309 ], [ 37.282489777, 0.152153283 ], [ 37.282604218, 0.146169558 ], [ 37.280564308, 0.139404096 ], [ 37.281263351, 0.130176492 ], [ 37.261983872, 0.111507312 ], [ 37.252338409, 0.096978374 ], [ 37.246335666, 0.108868329 ], [ 37.234264374, 0.10449475 ], [ 37.232156118, 0.080677206 ], [ 37.220488548, 0.073289564 ], [ 37.215355873, 0.073414935 ], [ 37.208133698, 0.07055921 ], [ 37.207581838, 0.068375103 ], [ 37.202079773, 0.067640029 ], [ 37.201661682, 0.061661562 ], [ 37.198836962, 0.063861402 ], [ 37.186855316, 0.057053915 ], [ 37.171129227, 0.056147123 ], [ 37.167022705, 0.053379749 ], [ 37.153020859, 0.050938752 ], [ 37.148025513, 0.04468839 ], [ 37.142314911, 0.043989561 ], [ 37.139610291, 0.041427905 ], [ 37.129503251, 0.038386935 ], [ 37.108912604, 0.038475489 ], [ 37.088079981, 0.022774041 ], [ 37.093041229, 0.020844599 ], [ 37.093443553, 0.017394373 ], [ 37.096938134, 0.015526514 ], [ 37.097601209, 0.012878159 ], [ 37.10128657, 0.011338655 ], [ 37.100904465, 0.009019875 ], [ 37.103172302, 0.007161724 ], [ 37.103745937, 0.003294897 ], [ 37.106697083, 0.001870765 ], [ 37.111270905, -0.010064501 ], [ 37.12063437, -0.018374703 ], [ 37.125169118, -0.023488648 ], [ 37.132481893, -0.02759348 ], [ 37.131762187, -0.032475022 ], [ 37.137329102, -0.037650127 ], [ 37.307811737, -0.149574071 ], [ 37.39799881, -0.161609009 ], [ 37.579922676, -0.180133953 ], [ 37.589043935, -0.183404455 ], [ 37.592135111, -0.189145292 ], [ 37.60131073, -0.193816438 ], [ 37.613212585, -0.193865289 ], [ 37.616168976, -0.198380753 ], [ 37.620304108, -0.19985494 ], [ 37.624581337, -0.204768434 ], [ 37.633077622, -0.207281559 ], [ 37.638671875, -0.207270465 ], [ 37.640581131, -0.211343184 ], [ 37.645298004, -0.213340685 ], [ 37.652654648, -0.212641529 ], [ 37.656337738, -0.209156997 ], [ 37.663608551, -0.208058372 ], [ 37.666782379, -0.205805652 ], [ 37.670642853, -0.207103997 ], [ 37.683176041, -0.207471378 ], [ 37.688415527, -0.203519508 ], [ 37.693180084, -0.204535559 ], [ 37.707954407, -0.201824158 ], [ 37.72233963, -0.202687971 ], [ 37.723701477, -0.200971439 ], [ 37.73082161, -0.199155219 ], [ 37.736381531, -0.192610219 ], [ 37.743392944, -0.188324437 ], [ 37.746471405, -0.18881169 ], [ 37.752583822, -0.182975839 ], [ 37.755560875, -0.173191156 ], [ 37.758345922, -0.170647589 ], [ 37.764997864, -0.157874465 ], [ 37.768436432, -0.155675898 ], [ 37.772827149, -0.158958957 ], [ 37.777574539, -0.159150668 ], [ 37.784626007, -0.162973563 ], [ 37.787592316, -0.166785953 ], [ 37.790594101, -0.167577378 ], [ 37.792934418, -0.174116253 ], [ 37.797093709, -0.176038206 ], [ 37.794793701, -0.18766326 ], [ 37.805091858, -0.182521999 ], [ 37.870243073, -0.128742382 ], [ 37.909986496, -0.088137634 ], [ 37.932642619, -0.062227874 ], [ 37.934072494, -0.058193907 ], [ 37.936912537, -0.055361563 ], [ 37.935991287, -0.048207854 ], [ 37.937603951, -0.042484842 ], [ 37.935945193, -0.036506559 ], [ 37.92538929, -0.033209665 ], [ 37.922530174, -0.02730511 ], [ 37.925561905, -0.016732627 ], [ 37.928657532, -0.012256985 ], [ 37.926530838, -0.009308626 ], [ 37.929461479, -0.004668221 ], [ 37.935264588, -0.002116632 ], [ 37.934202576, 0.000565036 ], [ 37.929080964, 0.003686158 ], [ 37.925798416, 0.001663557 ], [ 37.915884018, 0.000625531 ], [ 37.914532661, -0.000852696 ], [ 37.895957311, -0.00438221 ], [ 37.890280151, 0.000947994 ], [ 37.887029813, 0.001998002 ], [ 37.889156342, 0.009343755 ], [ 37.8884152, 0.01154906 ], [ 37.910499573, 0.016593529 ], [ 37.915245056, 0.022960925 ], [ 37.922388077, 0.027384714 ], [ 37.925178528, 0.032833968 ], [ 37.952020645, 0.053855917 ], [ 37.954064369, 0.051614211 ], [ 37.95625782, 0.05246479 ], [ 37.95799923, 0.051316115 ], [ 37.960212708, 0.053450504 ], [ 37.969379425, 0.056014154 ], [ 37.971797943, 0.050362197 ], [ 37.975382805, 0.049944857 ], [ 37.974699021, 0.047750847 ], [ 37.97752889, 0.047039385 ], [ 37.980986277, 0.043756318 ], [ 37.986232758, 0.044182062 ], [ 37.982060909, 0.066587151 ], [ 37.986351776, 0.065372092 ], [ 37.994267146, 0.068584019 ], [ 37.995209285, 0.066998064 ], [ 37.998346901, 0.066857924 ], [ 38.000656128, 0.062632612 ], [ 38.004171372, 0.062651722 ], [ 38.004849752, 0.064780114 ], [ 38.010643005, 0.062967606 ], [ 38.014247895, 0.058843337 ], [ 38.015789032, 0.060582489 ], [ 38.018591563, 0.059191165 ], [ 38.020536423, 0.052695967 ], [ 38.023514748, 0.052259405 ], [ 38.023376465, 0.050601887 ], [ 38.025898933, 0.052472362 ], [ 38.02904129, 0.049387607 ], [ 38.030468941, 0.045561897 ], [ 38.033477783, 0.043723364 ], [ 38.033616384, 0.037543376 ], [ 38.039272308, 0.032497827 ], [ 38.044662476, 0.024873092 ], [ 38.044242859, 0.027357593 ], [ 38.046739579, 0.028205874 ], [ 38.04953893, 0.025263352 ], [ 38.051959992, 0.029169541 ], [ 38.05337677, 0.026640054 ], [ 38.058550835, 0.024129739 ], [ 38.06275177, 0.027565865 ], [ 38.06479009, 0.025534691 ], [ 38.067727407, 0.026447074 ], [ 38.069208781, 0.024165048 ], [ 38.070005417, 0.026616047 ], [ 38.071745873, 0.025481725 ], [ 38.073455266, 0.028107913 ], [ 38.072543144, 0.030433489 ], [ 38.074719747, 0.030408311 ], [ 38.073464711, 0.03255417 ], [ 38.080086708, 0.030401618 ], [ 38.081560135, 0.028015365 ], [ 38.083982468, 0.030088141 ], [ 38.083763123, 0.033374438 ], [ 38.088809967, 0.042110036 ], [ 38.094086647, 0.043718102 ], [ 38.09545517, 0.047857141 ], [ 38.100379944, 0.048978696 ], [ 38.104849497, 0.046913221 ], [ 38.106498718, 0.049727559 ], [ 38.109550476, 0.050709793 ], [ 38.110900879, 0.054039629 ], [ 38.113739014, 0.055276129 ], [ 38.119194031, 0.049236445 ], [ 38.122239431, 0.051120796 ], [ 38.12456131, 0.049879074 ], [ 38.127770424, 0.051162593 ], [ 38.135616303, 0.048562467 ], [ 38.142311096, 0.044670112 ], [ 38.153964996, 0.033332642 ], [ 38.15782547, 0.031779182 ], [ 38.160461426, 0.027428797 ], [ 38.170272827, 0.024485243 ], [ 38.175567627, 0.024317993 ], [ 38.182235718, 0.01825627 ], [ 38.189816793, 0.015991971 ], [ 38.191417694, 0.013864897 ], [ 38.206790924, 0.017634446 ], [ 38.211589813, 0.013568996 ], [ 38.219799042, 0.012385387 ], [ 38.222442627, 0.009329867 ], [ 38.221258164, 0.004550391 ], [ 38.228729248, 0.001932756 ], [ 38.230417252, -0.009631949 ], [ 38.23746872, -0.011518699 ], [ 38.238129934, -0.015646415 ], [ 38.241720835, -0.017361422 ], [ 38.244476319, -0.021148886 ], [ 38.247710228, -0.021560125 ], [ 38.249649048, -0.017348684 ], [ 38.255084992, -0.017095704 ], [ 38.261363983, -0.019213851 ], [ 38.264911652, -0.018529264 ], [ 38.269809723, -0.021919221 ], [ 38.277004242, -0.022366153 ], [ 38.278167725, -0.024735749 ], [ 38.282484055, -0.024415308 ], [ 38.289213181, -0.029458076 ], [ 38.292680741, -0.037899233 ], [ 38.296356201, -0.038931864 ], [ 38.297801971, -0.043355205 ], [ 38.30208842, -0.045460696 ], [ 38.302722931, -0.049215948 ], [ 38.300032298, -0.052910419 ], [ 38.304542542, -0.05485744 ], [ 38.307781219, -0.054598204 ], [ 38.309412003, -0.05327966 ], [ 38.312900543, -0.053739049 ], [ 38.328250885, -0.06807059 ], [ 38.331850052, -0.06820485 ], [ 38.33965683, -0.062169373 ], [ 38.347764969, -0.063452884 ], [ 38.367681504, -0.078863863 ], [ 38.376972198, -0.081425995 ], [ 38.382160187, -0.087327197 ], [ 38.385932922, -0.086351141 ], [ 38.390465736, -0.081112687 ], [ 38.392852783, -0.073563292 ], [ 38.403770447, -0.076367788 ], [ 38.415260315, -0.073883072 ], [ 38.419552872, -0.07036484 ], [ 38.419865926, -0.068428545 ], [ 38.414291382, -0.066921605 ], [ 38.41037941, -0.063803956 ], [ 38.411914825, -0.059461109 ], [ 38.409516144, -0.057617322 ], [ 38.41363678, -0.051991958 ], [ 38.410066605, -0.051542967 ], [ 38.410739899, -0.047125218 ], [ 38.405972799, -0.043051582 ], [ 38.404342651, -0.029206849 ], [ 38.406356049, -0.029141467 ], [ 38.406431516, -0.028023964 ], [ 38.401511193, -0.026385406 ], [ 38.399202983, -0.021074095 ], [ 38.400892575, -0.019950922 ], [ 38.401681264, -0.016606752 ], [ 38.397439957, -0.016217794 ], [ 38.396427155, -0.014236311 ], [ 38.39316241, -0.013336304 ], [ 38.392718506, -0.010804543 ], [ 38.394690704, -0.010446675 ], [ 38.394499779, -0.009460738 ], [ 38.384355545, -0.003662398 ], [ 38.379201889, -0.002885817 ], [ 38.376724243, 0.004467824 ], [ 38.369880676, 0.006066735 ], [ 38.369012833, 0.010133636 ], [ 38.366037369, 0.012431967 ], [ 38.365686417, 0.014326973 ], [ 38.356025696, 0.020498544 ], [ 38.35319519, 0.030972293 ], [ 38.357204437, 0.037809677 ], [ 38.348932266, 0.043097765 ], [ 38.345270157, 0.042777665 ], [ 38.343490601, 0.04492875 ], [ 38.346576691, 0.051138737 ], [ 38.345525742, 0.054685466 ], [ 38.348701477, 0.057771253 ], [ 38.348974864, 0.060396091 ], [ 38.33820343, 0.061087515 ], [ 38.337408066, 0.062956907 ], [ 38.340740204, 0.065796886 ], [ 38.339580536, 0.06771291 ], [ 38.335777283, 0.070482068 ], [ 38.328334808, 0.071835272 ], [ 38.324028015, 0.075321093 ], [ 38.322896958, 0.079329088 ], [ 38.328224182, 0.094117753 ], [ 38.326580048, 0.096751306 ], [ 38.319917679, 0.099031229 ], [ 38.318069458, 0.107567661 ], [ 38.308628082, 0.109139167 ], [ 38.307250977, 0.111491874 ], [ 38.304510752, 0.119276171 ], [ 38.305849076, 0.128971815 ], [ 38.30512619, 0.133257479 ], [ 38.299510956, 0.148812838 ], [ 38.298751831, 0.155684446 ], [ 38.296386719, 0.159646035 ], [ 38.286655426, 0.164983273 ], [ 38.285751343, 0.169040762 ], [ 38.28112793, 0.17323713 ], [ 38.274605751, 0.177121017 ], [ 38.271892548, 0.177016854 ], [ 38.266754151, 0.181381874 ], [ 38.262605667, 0.186669506 ], [ 38.262130738, 0.192274601 ], [ 38.25774765, 0.194109887 ], [ 38.254714966, 0.198236823 ], [ 38.24637413, 0.203856528 ], [ 38.245206197, 0.206317852 ], [ 38.242340088, 0.207591411 ], [ 38.238808441, 0.206793308 ], [ 38.234224319, 0.213257943 ], [ 38.229454517, 0.216726413 ], [ 38.223251979, 0.216119684 ], [ 38.211816788, 0.223115966 ], [ 38.200766246, 0.226988752 ], [ 38.19883728, 0.225215681 ], [ 38.193260193, 0.231424131 ], [ 38.191558838, 0.235207781 ], [ 38.191692352, 0.244273677 ], [ 38.195583344, 0.321996778 ], [ 38.176361084, 0.330779225 ], [ 38.174663544, 0.33397451 ], [ 38.094421387, 0.564062774 ], [ 38.062509918, 0.671239948 ], [ 37.826236725, 0.56312722 ], [ 37.586725235, 0.480473543 ], [ 37.586059571, 0.471546099 ], [ 37.582613945, 0.465406835 ], [ 37.581508636, 0.459686876 ], [ 37.581976891, 0.411374852 ], [ 37.58493805, 0.403033659 ], [ 37.598800659, 0.402910262 ], [ 37.604930878, 0.353758425 ], [ 37.581308365, 0.328717336 ], [ 37.555247625, 0.328564818 ], [ 37.54651413, 0.311499351 ], [ 37.54751269, 0.307739136 ], [ 37.549699784, 0.306564898 ], [ 37.549633027, 0.295517743 ], [ 37.545770645, 0.286482215 ], [ 37.547660828, 0.28470692 ], [ 37.546955109, 0.279126078 ], [ 37.543576241, 0.274906911 ], [ 37.544073741, 0.273862819 ], [ 37.537876129, 0.268292576 ], [ 37.535980225, 0.263662696 ], [ 37.465591431, 0.283613563 ], [ 37.42999649, 0.29800424 ], [ 37.400697709, 0.296319321 ], [ 37.400417328, 0.285419434 ], [ 37.399009705, 0.283991188 ], [ 37.379229546, 0.270282529 ], [ 37.373711395, 0.271288681 ] ] ] } },
{ "type": "Feature", "properties": { "shapeName": "Tharaka-Nithi", "shapeISO": "", "shapeID": "84041B89608442037415", "shapeGroup": "KEN", "shapeType": "ADM1" }, "geometry": { "type": "Polygon", "coordinates": [ [ [ 37.307811737, -0.149574071 ], [ 37.49892807, -0.312590003 ], [ 37.500793457, -0.315867811 ], [ 37.551048279, -0.35928756 ], [ 37.56098938, -0.365454808 ], [ 37.56411171, -0.365604445 ], [ 37.567516645, -0.36353716 ], [ 37.570604325, -0.364397764 ], [ 37.57913971, -0.3710417 ], [ 37.584390641, -0.370096996 ], [ 37.585803986, -0.373900265 ], [ 37.600200653, -0.384182661 ], [ 37.608798981, -0.385453641 ], [ 37.612030029, -0.384634823 ], [ 37.614490509, -0.388222516 ], [ 37.621482849, -0.39022994 ], [ 37.627098083, -0.390709311 ], [ 37.630034447, -0.389156147 ], [ 37.636989594, -0.395129785 ], [ 37.63699913, -0.398986354 ], [ 37.638799668, -0.402051553 ], [ 37.645252228, -0.408831149 ], [ 37.655544281, -0.415043622 ], [ 37.66047287, -0.422108054 ], [ 37.665679932, -0.422885239 ], [ 37.670425415, -0.426201775 ], [ 37.680244446, -0.426977754 ], [ 37.689006805, -0.432178221 ], [ 37.693448639, -0.438433832 ], [ 37.699375153, -0.438620627 ], [ 37.703519821, -0.442833647 ], [ 37.714019776, -0.444165885 ], [ 37.719141007, -0.450064927 ], [ 37.731430054, -0.451219797 ], [ 37.734853745, -0.446821906 ], [ 37.742618561, -0.445911676 ], [ 37.755205154, -0.447220735 ], [ 37.75832367, -0.449725479 ], [ 37.769001007, -0.4494133 ], [ 37.779594422, -0.445914775 ], [ 37.784229279, -0.447684467 ], [ 37.788037872, -0.443217182 ], [ 37.791140556, -0.442997919 ], [ 37.79941864, -0.43751024 ], [ 37.800976436, -0.437860022 ], [ 37.807441711, -0.430323064 ], [ 37.81440506, -0.428500634 ], [ 37.81625061, -0.421677828 ], [ 37.819206238, -0.41846023 ], [ 37.82294782, -0.416793913 ], [ 37.825235176, -0.413683508 ], [ 37.82888031, -0.413144201 ], [ 37.826676686, -0.409658283 ], [ 37.82882309, -0.408849277 ], [ 37.830043793, -0.406073201 ], [ 37.833638763, -0.404390323 ], [ 37.835408892, -0.405472227 ], [ 37.839914322, -0.405232131 ], [ 37.841963959, -0.403429687 ], [ 37.84522152, -0.404114477 ], [ 37.845069885, -0.401722338 ], [ 37.847652435, -0.399970814 ], [ 37.84780426, -0.396839249 ], [ 37.853455544, -0.388471298 ], [ 37.855623722, -0.389171507 ], [ 37.866018677, -0.382975108 ], [ 37.864737193, -0.369935801 ], [ 37.870825958, -0.365944606 ], [ 37.870203399, -0.362727165 ], [ 37.87305959, -0.356610363 ], [ 37.872935704, -0.350463859 ], [ 37.877904574, -0.348057095 ], [ 37.8805734, -0.348286597 ], [ 37.886049271, -0.342616886 ], [ 37.890471459, -0.346192367 ], [ 37.890761566, -0.348602605 ], [ 37.894728025, -0.352737419 ], [ 37.89262085, -0.360367596 ], [ 37.889522553, -0.363127311 ], [ 37.889302572, -0.365152707 ], [ 37.891984304, -0.368702938 ], [ 37.896658579, -0.370179176 ], [ 37.894844055, -0.37468495 ], [ 37.896747589, -0.378290063 ], [ 37.891213417, -0.38299532 ], [ 37.891830444, -0.387468954 ], [ 37.889608383, -0.389209359 ], [ 37.88980484, -0.393182769 ], [ 37.900531769, -0.396559521 ], [ 37.902065277, -0.399294645 ], [ 37.900950114, -0.405838599 ], [ 37.907300949, -0.408889919 ], [ 37.909103394, -0.414146378 ], [ 37.916173935, -0.413308948 ], [ 37.922679138, -0.415936243 ], [ 37.920593262, -0.421763808 ], [ 37.923854828, -0.426485687 ], [ 37.927660942, -0.428111635 ], [ 37.930751801, -0.425648272 ], [ 37.933285951, -0.42806227 ], [ 37.936173916, -0.427696466 ], [ 37.940258344, -0.42517024 ], [ 37.945315043, -0.427467605 ], [ 37.947394689, -0.424761792 ], [ 37.951891899, -0.425789043 ], [ 37.959409714, -0.418666571 ], [ 37.961869558, -0.412649165 ], [ 37.96465683, -0.412070997 ], [ 37.965766907, -0.407559425 ], [ 37.964809418, -0.401060939 ], [ 37.969849904, -0.397460659 ], [ 37.969470978, -0.38442637 ], [ 37.970352173, -0.381023005 ], [ 37.974369049, -0.376680553 ], [ 37.973287582, -0.368188344 ], [ 37.968183518, -0.365060292 ], [ 37.967718125, -0.363473177 ], [ 37.978175354, -0.354879731 ], [ 37.971689224, -0.346107825 ], [ 37.971553803, -0.34415748 ], [ 37.980162303, -0.326191644 ], [ 37.985821088, -0.32358593 ], [ 37.985783577, -0.318325043 ], [ 37.980110741, -0.31347305 ], [ 37.979538918, -0.310942031 ], [ 37.982095083, -0.307277858 ], [ 37.983911133, -0.299087316 ], [ 37.992253622, -0.286962966 ], [ 37.993466059, -0.273847505 ], [ 37.999121857, -0.264728457 ], [ 38.021977425, -0.268006295 ], [ 38.023814201, -0.266759587 ], [ 38.027989706, -0.268639962 ], [ 38.032534281, -0.27331077 ], [ 38.046571096, -0.276184638 ], [ 38.069946925, -0.274805312 ], [ 38.072542191, -0.273621768 ], [ 38.080654144, -0.274986714 ], [ 38.090129853, -0.274554759 ], [ 38.103456879, -0.279914332 ], [ 38.105845133, -0.276011725 ], [ 38.114967346, -0.276498526 ], [ 38.11593914, -0.273967311 ], [ 38.125890732, -0.267466523 ], [ 38.13013649, -0.260257348 ], [ 38.135961533, -0.256827712 ], [ 38.139751434, -0.24495919 ], [ 38.143112183, -0.241162926 ], [ 38.146188736, -0.239045754 ], [ 38.151568095, -0.241316793 ], [ 38.153903961, -0.238963485 ], [ 38.159989675, -0.237638424 ], [ 38.163293839, -0.234347485 ], [ 38.163398743, -0.224102318 ], [ 38.182731629, -0.189319625 ], [ 38.186195374, -0.153281063 ], [ 38.187602997, -0.151850328 ], [ 38.193223, -0.151866231 ], [ 38.196464539, -0.146771226 ], [ 38.203601837, -0.146167144 ], [ 38.20621109, -0.144394621 ], [ 38.207624435, -0.127957106 ], [ 38.211766243, -0.126359444 ], [ 38.214000702, -0.114873845 ], [ 38.221820832, -0.104667954 ], [ 38.228736878, -0.101059328 ], [ 38.234285355, -0.094732314 ], [ 38.243122101, -0.091616496 ], [ 38.247383117, -0.088135045 ], [ 38.255249024, -0.089398652 ], [ 38.26197052, -0.09425275 ], [ 38.272603989, -0.096146691 ], [ 38.276137352, -0.088494543 ], [ 38.281303406, -0.085962703 ], [ 38.287130991, -0.086941108 ], [ 38.288966179, -0.079875559 ], [ 38.300725301, -0.070505604 ], [ 38.302810669, -0.063210472 ], [ 38.309360504, -0.055507393 ], [ 38.307781219, -0.054598204 ], [ 38.304542542, -0.05485744 ], [ 38.300032298, -0.052910419 ], [ 38.302722931, -0.049215948 ], [ 38.30208842, -0.045460696 ], [ 38.297801971, -0.043355205 ], [ 38.296356201, -0.038931864 ], [ 38.292680741, -0.037899233 ], [ 38.289213181, -0.029458076 ], [ 38.282484055, -0.024415308 ], [ 38.278167725, -0.024735749 ], [ 38.277004242, -0.022366153 ], [ 38.269809723, -0.021919221 ], [ 38.264911652, -0.018529264 ], [ 38.261363983, -0.019213851 ], [ 38.255084992, -0.017095704 ], [ 38.249649048, -0.017348684 ], [ 38.247710228, -0.021560125 ], [ 38.244476319, -0.021148886 ], [ 38.241720835, -0.017361422 ], [ 38.238129934, -0.015646415 ], [ 38.23746872, -0.011518699 ], [ 38.230417252, -0.009631949 ], [ 38.228729248, 0.001932756 ], [ 38.221258164, 0.004550391 ], [ 38.222442627, 0.009329867 ], [ 38.219799042, 0.012385387 ], [ 38.211589813, 0.013568996 ], [ 38.206790924, 0.017634446 ], [ 38.191417694, 0.013864897 ], [ 38.189816793, 0.015991971 ], [ 38.182235718, 0.01825627 ], [ 38.175567627, 0.024317993 ], [ 38.170272827, 0.024485243 ], [ 38.160461426, 0.027428797 ], [ 38.15782547, 0.031779182 ], [ 38.153964996, 0.033332642 ], [ 38.142311096, 0.044670112 ], [ 38.135616303, 0.048562467 ], [ 38.127770424, 0.051162593 ], [ 38.12456131, 0.049879074 ], [ 38.122239431, 0.051120796 ], [ 38.119194031, 0.049236445 ], [ 38.113739014, 0.055276129 ], [ 38.110900879, 0.054039629 ], [ 38.109550476, 0.050709793 ], [ 38.106498718, 0.049727559 ], [ 38.104849497, 0.046913221 ], [ 38.100379944, 0.048978696 ], [ 38.09545517, 0.047857141 ], [ 38.094086647, 0.043718102 ], [ 38.088809967, 0.042110036 ], [ 38.083763123, 0.033374438 ], [ 38.083982468, 0.030088141 ], [ 38.081560135, 0.028015365 ], [ 38.080086708, 0.030401618 ], [ 38.073464711, 0.03255417 ], [ 38.074719747, 0.030408311 ], [ 38.072543144, 0.030433489 ], [ 38.073455266, 0.028107913 ], [ 38.071745873, 0.025481725 ], [ 38.070005417, 0.026616047 ], [ 38.069208781, 0.024165048 ], [ 38.067727407, 0.026447074 ], [ 38.06479009, 0.025534691 ], [ 38.06275177, 0.027565865 ], [ 38.058550835, 0.024129739 ], [ 38.05337677, 0.026640054 ], [ 38.051959992, 0.029169541 ], [ 38.04953893, 0.025263352 ], [ 38.046739579, 0.028205874 ], [ 38.044242859, 0.027357593 ], [ 38.044662476, 0.024873092 ], [ 38.039272308, 0.032497827 ], [ 38.033616384, 0.037543376 ], [ 38.033477783, 0.043723364 ], [ 38.030468941, 0.045561897 ], [ 38.02904129, 0.049387607 ], [ 38.025898933, 0.052472362 ], [ 38.023376465, 0.050601887 ], [ 38.023514748, 0.052259405 ], [ 38.020536423, 0.052695967 ], [ 38.018591563, 0.059191165 ], [ 38.015789032, 0.060582489 ], [ 38.014247895, 0.058843337 ], [ 38.010643005, 0.062967606 ], [ 38.004849752, 0.064780114 ], [ 38.004171372, 0.062651722 ], [ 38.000656128, 0.062632612 ], [ 37.998346901, 0.066857924 ], [ 37.995209285, 0.066998064 ], [ 37.994267146, 0.068584019 ], [ 37.986351776, 0.065372092 ], [ 37.982060909, 0.066587151 ], [ 37.986232758, 0.044182062 ], [ 37.980986277, 0.043756318 ], [ 37.97752889, 0.047039385 ], [ 37.974699021, 0.047750847 ], [ 37.975382805, 0.049944857 ], [ 37.971797943, 0.050362197 ], [ 37.969379425, 0.056014154 ], [ 37.960212708, 0.053450504 ], [ 37.95799923, 0.051316115 ], [ 37.95625782, 0.05246479 ], [ 37.954064369, 0.051614211 ], [ 37.952020645, 0.053855917 ], [ 37.925178528, 0.032833968 ], [ 37.922388077, 0.027384714 ], [ 37.915245056, 0.022960925 ], [ 37.910499573, 0.016593529 ], [ 37.8884152, 0.01154906 ], [ 37.889156342, 0.009343755 ], [ 37.887029813, 0.001998002 ], [ 37.890280151, 0.000947994 ], [ 37.895957311, -0.00438221 ], [ 37.914532661, -0.000852696 ], [ 37.915884018, 0.000625531 ], [ 37.925798416, 0.001663557 ], [ 37.929080964, 0.003686158 ], [ 37.934202576, 0.000565036 ], [ 37.935264588, -0.002116632 ], [ 37.929461479, -0.004668221 ], [ 37.926530838, -0.009308626 ], [ 37.928657532, -0.012256985 ], [ 37.925561905, -0.016732627 ], [ 37.922530174, -0.02730511 ], [ 37.92538929, -0.033209665 ], [ 37.935945193, -0.036506559 ], [ 37.937603951, -0.042484842 ], [ 37.935991287, -0.048207854 ], [ 37.936912537, -0.055361563 ], [ 37.934072494, -0.058193907 ], [ 37.932642619, -0.062227874 ], [ 37.909986496, -0.088137634 ], [ 37.870243073, -0.128742382 ], [ 37.805091858, -0.182521999 ], [ 37.794793701, -0.18766326 ], [ 37.797093709, -0.176038206 ], [ 37.792934418, -0.174116253 ], [ 37.790594101, -0.167577378 ], [ 37.787592316, -0.166785953 ], [ 37.784626007, -0.162973563 ], [ 37.777574539, -0.159150668 ], [ 37.772827149, -0.158958957 ], [ 37.768436432, -0.155675898 ], [ 37.764997864, -0.157874465 ], [ 37.758345922, -0.170647589 ], [ 37.755560875, -0.173191156 ], [ 37.752583822, -0.182975839 ], [ 37.746471405, -0.18881169 ], [ 37.743392944, -0.188324437 ], [ 37.736381531, -0.192610219 ], [ 37.73082161, -0.199155219 ], [ 37.723701477, -0.200971439 ], [ 37.72233963, -0.202687971 ], [ 37.707954407, -0.201824158 ], [ 37.693180084, -0.204535559 ], [ 37.688415527, -0.203519508 ], [ 37.683176041, -0.207471378 ], [ 37.670642853, -0.207103997 ], [ 37.666782379, -0.205805652 ], [ 37.663608551, -0.208058372 ], [ 37.656337738, -0.209156997 ], [ 37.652654648, -0.212641529 ], [ 37.645298004, -0.213340685 ], [ 37.640581131, -0.211343184 ], [ 37.638671875, -0.207270465 ], [ 37.633077622, -0.207281559 ], [ 37.624581337, -0.204768434 ], [ 37.620304108, -0.19985494 ], [ 37.616168976, -0.198380753 ], [ 37.613212585, -0.193865289 ], [ 37.60131073, -0.193816438 ], [ 37.592135111, -0.189145292 ], [ 37.589043935, -0.183404455 ], [ 37.579922676, -0.180133953 ], [ 37.39799881, -0.161609009 ], [ 37.307811737, -0.149574071 ] ] ] } },
{ "type": "Feature", "properties": { "shapeName": "Embu", "shapeISO": "", "shapeID": "84041B48419403847090", "shapeGroup": "KEN", "shapeType": "ADM1" }, "geometry": { "type": "Polygon", "coordinates": [ [ [ 37.307811737, -0.149574071 ], [ 37.42494812, -0.42089318 ], [ 37.426235676, -0.431235232 ], [ 37.425783793, -0.433695391 ], [ 37.424150255, -0.434402727 ], [ 37.424969673, -0.437480088 ], [ 37.423110485, -0.438398074 ], [ 37.424423218, -0.439432681 ], [ 37.422645569, -0.440483846 ], [ 37.422586822, -0.442476898 ], [ 37.425572967, -0.445782471 ], [ 37.428064134, -0.445484807 ], [ 37.426560084, -0.462213372 ], [ 37.428458691, -0.464146499 ], [ 37.423933302, -0.481042053 ], [ 37.425088247, -0.486100167 ], [ 37.429987526, -0.494167946 ], [ 37.4255867, -0.498089008 ], [ 37.426853657, -0.49955954 ], [ 37.425491969, -0.502561649 ], [ 37.427038465, -0.509282487 ], [ 37.433663941, -0.519462895 ], [ 37.436863582, -0.520692247 ], [ 37.44575882, -0.529459095 ], [ 37.447484334, -0.543268815 ], [ 37.449877262, -0.546157479 ], [ 37.452728272, -0.548933729 ], [ 37.460847855, -0.549478591 ], [ 37.462034607, -0.55464617 ], [ 37.4633255, -0.555297103 ], [ 37.472108024, -0.555920763 ], [ 37.474281311, -0.559096381 ], [ 37.476842562, -0.567196732 ], [ 37.475763957, -0.569189072 ], [ 37.478851318, -0.575612605 ], [ 37.483560562, -0.578601628 ], [ 37.485226631, -0.581505403 ], [ 37.482827822, -0.588347991 ], [ 37.479330063, -0.589591453 ], [ 37.477708181, -0.593296826 ], [ 37.47903383, -0.596165454 ], [ 37.476799965, -0.598932092 ], [ 37.478734652, -0.601294905 ], [ 37.480940103, -0.601017054 ], [ 37.48350954, -0.603054978 ], [ 37.48360672, -0.606075013 ], [ 37.486481349, -0.60922872 ], [ 37.48814937, -0.614222808 ], [ 37.486920675, -0.622119387 ], [ 37.4856884, -0.623795927 ], [ 37.482189178, -0.623949683 ], [ 37.480822166, -0.62533145 ], [ 37.479319763, -0.629234827 ], [ 37.479630947, -0.633395448 ], [ 37.478017171, -0.635674139 ], [ 37.478599003, -0.638936264 ], [ 37.474110921, -0.644704193 ], [ 37.472189161, -0.652631131 ], [ 37.475991567, -0.662204424 ], [ 37.475672586, -0.664402595 ], [ 37.477889379, -0.667031864 ], [ 37.476693153, -0.676728204 ], [ 37.474183219, -0.678535981 ], [ 37.475003379, -0.684831415 ], [ 37.477799098, -0.686801235 ], [ 37.479757977, -0.691564947 ], [ 37.477307002, -0.707203458 ], [ 37.478214264, -0.712675001 ], [ 37.479256221, -0.71420426 ], [ 37.48383077, -0.714733069 ], [ 37.484651566, -0.717915753 ], [ 37.487550259, -0.716733619 ], [ 37.489196777, -0.720351607 ], [ 37.492800871, -0.722619538 ], [ 37.495975918, -0.730552375 ], [ 37.492467308, -0.731661084 ], [ 37.473191834, -0.72426492 ], [ 37.46749878, -0.726420887 ], [ 37.467010498, -0.728437021 ], [ 37.463540486, -0.729086729 ], [ 37.463916778, -0.733324567 ], [ 37.444185257, -0.730641484 ], [ 37.421054841, -0.747375756 ], [ 37.406633377, -0.747630954 ], [ 37.388177872, -0.752705037 ], [ 37.377211889, -0.760851055 ], [ 37.370751381, -0.763775528 ], [ 37.3667202, -0.761996135 ], [ 37.359267235, -0.761716038 ], [ 37.358246803, -0.769763157 ], [ 37.348280907, -0.772206664 ], [ 37.326235135, -0.764757221 ], [ 37.318247541, -0.757830363 ], [ 37.315135956, -0.748299956 ], [ 37.306031227, -0.748831948 ], [ 37.29792881, -0.752961084 ], [ 37.289115906, -0.75452133 ], [ 37.276702881, -0.753791749 ], [ 37.266934395, -0.777647957 ], [ 37.267669151, -0.785282635 ], [ 37.271702575, -0.785254025 ], [ 37.276513417, -0.782517105 ], [ 37.280895233, -0.782846391 ], [ 37.284928322, -0.780992582 ], [ 37.287846883, -0.782789906 ], [ 37.293534279, -0.791469201 ], [ 37.298870087, -0.793383956 ], [ 37.301184178, -0.797594167 ], [ 37.303518677, -0.797833633 ], [ 37.306344033, -0.800712168 ], [ 37.30489095, -0.804685851 ], [ 37.305991173, -0.806565508 ], [ 37.305230713, -0.811832666 ], [ 37.310430845, -0.813933447 ], [ 37.313238144, -0.81721881 ], [ 37.312464714, -0.820627324 ], [ 37.315666199, -0.823625843 ], [ 37.320040385, -0.834625363 ], [ 37.326004664, -0.833693127 ], [ 37.326107979, -0.835806012 ], [ 37.323588371, -0.838334352 ], [ 37.326976777, -0.841456472 ], [ 37.334210396, -0.842281446 ], [ 37.336961747, -0.844868034 ], [ 37.342985153, -0.840434313 ], [ 37.346307119, -0.842692633 ], [ 37.350342751, -0.841190897 ], [ 37.350868225, -0.843821793 ], [ 37.358621597, -0.841905415 ], [ 37.364076614, -0.843026429 ], [ 37.369974137, -0.847170114 ], [ 37.376560212, -0.848624229 ], [ 37.377511979, -0.850300908 ], [ 37.376382192, -0.852938136 ], [ 37.379965782, -0.855660036 ], [ 37.385929108, -0.850190461 ], [ 37.388115406, -0.852673225 ], [ 37.394721985, -0.852971256 ], [ 37.397382736, -0.854559704 ], [ 37.403995514, -0.849739164 ], [ 37.412740708, -0.848532945 ], [ 37.414772987, -0.852262228 ], [ 37.411111832, -0.856765032 ], [ 37.412918091, -0.859564304 ], [ 37.418909073, -0.860105663 ], [ 37.42713356, -0.864840567 ], [ 37.43245697, -0.860512733 ], [ 37.443149567, -0.861148636 ], [ 37.447401047, -0.868993521 ], [ 37.453674316, -0.870310128 ], [ 37.458966255, -0.869161859 ], [ 37.462115288, -0.873891801 ], [ 37.467469692, -0.871753022 ], [ 37.470472336, -0.874705702 ], [ 37.474056244, -0.874141932 ], [ 37.474666595, -0.875537097 ], [ 37.471601486, -0.884281009 ], [ 37.475795746, -0.887372479 ], [ 37.47751236, -0.891728222 ], [ 37.483001709, -0.892919808 ], [ 37.485043844, -0.89733098 ], [ 37.491171519, -0.899089635 ], [ 37.49543953, -0.902515322 ], [ 37.50293541, -0.898978412 ], [ 37.515176773, -0.902074605 ], [ 37.516458512, -0.914249211 ], [ 37.519447327, -0.916017056 ], [ 37.532970428, -0.911657542 ], [ 37.53546524, -0.906327128 ], [ 37.532205582, -0.895796209 ], [ 37.537433624, -0.888609945 ], [ 37.543361664, -0.88654837 ], [ 37.545106252, -0.8828758 ], [ 37.551374436, -0.883860528 ], [ 37.558933258, -0.87507838 ], [ 37.561252594, -0.875286787 ], [ 37.564109802, -0.880589366 ], [ 37.575255394, -0.876805499 ], [ 37.587430954, -0.877955228 ], [ 37.58814621, -0.873066505 ], [ 37.59140269, -0.870631198 ], [ 37.586872864, -0.865870368 ], [ 37.589061737, -0.862742484 ], [ 37.595069885, -0.860631764 ], [ 37.601108551, -0.862536589 ], [ 37.605184555, -0.855011701 ], [ 37.614940643, -0.855123162 ], [ 37.617858887, -0.851485252 ], [ 37.626463572, -0.851615051 ], [ 37.627809525, -0.849975139 ], [ 37.629047394, -0.838632077 ], [ 37.635345459, -0.838580608 ], [ 37.640285492, -0.845487624 ], [ 37.646249771, -0.841986954 ], [ 37.648813248, -0.844535261 ], [ 37.653274536, -0.844689727 ], [ 37.656774521, -0.847470194 ], [ 37.664369584, -0.846285641 ], [ 37.665664673, -0.842089891 ], [ 37.670967102, -0.837114572 ], [ 37.670967102, -0.831699252 ], [ 37.674064636, -0.825745225 ], [ 37.681529045, -0.822224736 ], [ 37.679805756, -0.817516625 ], [ 37.682344437, -0.809006453 ], [ 37.681022644, -0.799573243 ], [ 37.681744893, -0.795547684 ], [ 37.687217712, -0.793980658 ], [ 37.690374375, -0.796753555 ], [ 37.69275856, -0.794235855 ], [ 37.692705154, -0.791393116 ], [ 37.698623657, -0.789072513 ], [ 37.698672613, -0.78460143 ], [ 37.706569672, -0.781518996 ], [ 37.718340556, -0.779494603 ], [ 37.723859787, -0.780405134 ], [ 37.73216629, -0.774464369 ], [ 37.743026733, -0.77847904 ], [ 37.747089386, -0.786740363 ], [ 37.749996185, -0.803438604 ], [ 37.754770279, -0.812904209 ], [ 37.753894806, -0.81516096 ], [ 37.758033752, -0.823957324 ], [ 37.765213013, -0.824219137 ], [ 37.771095276, -0.820727944 ], [ 37.779890061, -0.824929624 ], [ 37.784413338, -0.822612047 ], [ 37.788124085, -0.822516481 ], [ 37.791147232, -0.818877756 ], [ 37.796483994, -0.816585898 ], [ 37.805433909, -0.801835855 ], [ 37.807918549, -0.807175457 ], [ 37.808198929, -0.815059214 ], [ 37.810470581, -0.814397076 ], [ 37.813875198, -0.808500826 ], [ 37.819278717, -0.804385185 ], [ 37.828597069, -0.805733457 ], [ 37.833072662, -0.813540905 ], [ 37.836859385, -0.812175174 ], [ 37.838272858, -0.809527814 ], [ 37.84491583, -0.811426548 ], [ 37.854799271, -0.80985716 ], [ 37.86103344, -0.811690628 ], [ 37.866277695, -0.809754223 ], [ 37.870802561, -0.81058683 ], [ 37.877830505, -0.806203067 ], [ 37.880571365, -0.80761835 ], [ 37.884288788, -0.807026476 ], [ 37.883518219, -0.801365137 ], [ 37.879825592, -0.797595173 ], [ 37.879451752, -0.792718709 ], [ 37.883351326, -0.788163915 ], [ 37.883522669, -0.782558243 ], [ 37.892910004, -0.77940169 ], [ 37.890757243, -0.767482857 ], [ 37.90171051, -0.759359658 ], [ 37.903988838, -0.753475294 ], [ 37.90908432, -0.748225689 ], [ 37.91372935, -0.739004572 ], [ 37.912789345, -0.735326856 ], [ 37.915917397, -0.728210836 ], [ 37.913738251, -0.724154651 ], [ 37.91166687, -0.70766291 ], [ 37.909996033, -0.707529411 ], [ 37.907231649, -0.711159329 ], [ 37.90477562, -0.709046552 ], [ 37.901896477, -0.70980294 ], [ 37.899593354, -0.70878677 ], [ 37.898620605, -0.703908086 ], [ 37.903836251, -0.68550887 ], [ 37.897949219, -0.684428056 ], [ 37.895339012, -0.681758389 ], [ 37.895231247, -0.674016327 ], [ 37.897098541, -0.669629431 ], [ 37.89520518, -0.667611937 ], [ 37.892807007, -0.652348846 ], [ 37.89375, -0.645361179 ], [ 37.907404581, -0.638986091 ], [ 37.919589996, -0.628597289 ], [ 37.9226017, -0.624446392 ], [ 37.901088714, -0.600950301 ], [ 37.90213871, -0.597486898 ], [ 37.883242925, -0.582787881 ], [ 37.887922923, -0.555415153 ], [ 37.885374069, -0.545593887 ], [ 37.882553101, -0.54098092 ], [ 37.882179261, -0.536002278 ], [ 37.892227173, -0.510664731 ], [ 37.897499084, -0.503313899 ], [ 37.913837433, -0.46557831 ], [ 37.918409348, -0.46166034 ], [ 37.930721283, -0.445258141 ], [ 37.935534159, -0.434601565 ], [ 37.93455251, -0.430359016 ], [ 37.936173916, -0.427696466 ], [ 37.933285951, -0.42806227 ], [ 37.930751801, -0.425648272 ], [ 37.927660942, -0.428111635 ], [ 37.923854828, -0.426485687 ], [ 37.920593262, -0.421763808 ], [ 37.922679138, -0.415936243 ], [ 37.916173935, -0.413308948 ], [ 37.909103394, -0.414146378 ], [ 37.907300949, -0.408889919 ], [ 37.900950114, -0.405838599 ], [ 37.902065277, -0.399294645 ], [ 37.900531769, -0.396559521 ], [ 37.88980484, -0.393182769 ], [ 37.889608383, -0.389209359 ], [ 37.891830444, -0.387468954 ], [ 37.891213417, -0.38299532 ], [ 37.896747589, -0.378290063 ], [ 37.894844055, -0.37468495 ], [ 37.896658579, -0.370179176 ], [ 37.891984304, -0.368702938 ], [ 37.889302572, -0.365152707 ], [ 37.889522553, -0.363127311 ], [ 37.89262085, -0.360367596 ], [ 37.894728025, -0.352737419 ], [ 37.890761566, -0.348602605 ], [ 37.890471459, -0.346192367 ], [ 37.886049271, -0.342616886 ], [ 37.8805734, -0.348286597 ], [ 37.877904574, -0.348057095 ], [ 37.872935704, -0.350463859 ], [ 37.87305959, -0.356610363 ], [ 37.870203399, -0.362727165 ], [ 37.870825958, -0.365944606 ], [ 37.864737193, -0.369935801 ], [ 37.866018677, -0.382975108 ], [ 37.855623722, -0.389171507 ], [ 37.853455544, -0.388471298 ], [ 37.84780426, -0.396839249 ], [ 37.847652435, -0.399970814 ], [ 37.845069885, -0.401722338 ], [ 37.84522152, -0.404114477 ], [ 37.841963959, -0.403429687 ], [ 37.839914322, -0.405232131 ], [ 37.835408892, -0.405472227 ], [ 37.833638763, -0.404390323 ], [ 37.830043793, -0.406073201 ], [ 37.82882309, -0.408849277 ], [ 37.826676686, -0.409658283 ], [ 37.82888031, -0.413144201 ], [ 37.825235176, -0.413683508 ], [ 37.82294782, -0.416793913 ], [ 37.819206238, -0.41846023 ], [ 37.81625061, -0.421677828 ], [ 37.81440506, -0.428500634 ], [ 37.807441711, -0.430323064 ], [ 37.800976436, -0.437860022 ], [ 37.79941864, -0.43751024 ], [ 37.791140556, -0.442997919 ], [ 37.788037872, -0.443217182 ], [ 37.784229279, -0.447684467 ], [ 37.779594422, -0.445914775 ], [ 37.769001007, -0.4494133 ], [ 37.75832367, -0.449725479 ], [ 37.755205154, -0.447220735 ], [ 37.742618561, -0.445911676 ], [ 37.734853745, -0.446821906 ], [ 37.731430054, -0.451219797 ], [ 37.719141007, -0.450064927 ], [ 37.714019776, -0.444165885 ], [ 37.703519821, -0.442833647 ], [ 37.699375153, -0.438620627 ], [ 37.693448639, -0.438433832 ], [ 37.689006805, -0.432178221 ], [ 37.680244446, -0.426977754 ], [ 37.670425415, -0.426201775 ], [ 37.665679932, -0.422885239 ], [ 37.66047287, -0.422108054 ], [ 37.655544281, -0.415043622 ], [ 37.645252228, -0.408831149 ], [ 37.638799668, -0.402051553 ], [ 37.63699913, -0.398986354 ], [ 37.636989594, -0.395129785 ], [ 37.630034447, -0.389156147 ], [ 37.627098083, -0.390709311 ], [ 37.621482849, -0.39022994 ], [ 37.614490509, -0.388222516 ], [ 37.612030029, -0.384634823 ], [ 37.608798981, -0.385453641 ], [ 37.600200653, -0.384182661 ], [ 37.585803986, -0.373900265 ], [ 37.584390641, -0.370096996 ], [ 37.57913971, -0.3710417 ], [ 37.570604325, -0.364397764 ], [ 37.567516645, -0.36353716 ], [ 37.56411171, -0.365604445 ], [ 37.56098938, -0.365454808 ], [ 37.551048279, -0.35928756 ], [ 37.500793457, -0.315867811 ], [ 37.49892807, -0.312590003 ], [ 37.307811737, -0.149574071 ] ] ] } },
{ "type": "Feature", "properties": { "shapeName": "Kitui", "shapeISO": "", "shapeID": "84041B73138708866033", "shapeGroup": "KEN", "shapeType": "ADM1" }, "geometry": { "type": "Polygon", "coordinates": [ [ [ 38.419552872, -0.07036484 ], [ 38.415260315, -0.073883072 ], [ 38.403770447, -0.076367788 ], [ 38.392852783, -0.073563292 ], [ 38.390465736, -0.081112687 ], [ 38.385932922, -0.086351141 ], [ 38.382160187, -0.087327197 ], [ 38.376972198, -0.081425995 ], [ 38.367681504, -0.078863863 ], [ 38.347764969, -0.063452884 ], [ 38.33965683, -0.062169373 ], [ 38.331850052, -0.06820485 ], [ 38.328250885, -0.06807059 ], [ 38.312900543, -0.053739049 ], [ 38.309412003, -0.05327966 ], [ 38.307781219, -0.054598204 ], [ 38.309360504, -0.055507393 ], [ 38.302810669, -0.063210472 ], [ 38.300725301, -0.070505604 ], [ 38.288966179, -0.079875559 ], [ 38.287130991, -0.086941108 ], [ 38.281303406, -0.085962703 ], [ 38.276137352, -0.088494543 ], [ 38.272603989, -0.096146691 ], [ 38.26197052, -0.09425275 ], [ 38.255249024, -0.089398652 ], [ 38.247383117, -0.088135045 ], [ 38.243122101, -0.091616496 ], [ 38.234285355, -0.094732314 ], [ 38.228736878, -0.101059328 ], [ 38.221820832, -0.104667954 ], [ 38.214000702, -0.114873845 ], [ 38.211766243, -0.126359444 ], [ 38.207624435, -0.127957106 ], [ 38.20621109, -0.144394621 ], [ 38.203601837, -0.146167144 ], [ 38.196464539, -0.146771226 ], [ 38.193223, -0.151866231 ], [ 38.187602997, -0.151850328 ], [ 38.186195374, -0.153281063 ], [ 38.182731629, -0.189319625 ], [ 38.163398743, -0.224102318 ], [ 38.163293839, -0.234347485 ], [ 38.159989675, -0.237638424 ], [ 38.153903961, -0.238963485 ], [ 38.151568095, -0.241316793 ], [ 38.146188736, -0.239045754 ], [ 38.143112183, -0.241162926 ], [ 38.139751434, -0.24495919 ], [ 38.135961533, -0.256827712 ], [ 38.13013649, -0.260257348 ], [ 38.125890732, -0.267466523 ], [ 38.11593914, -0.273967311 ], [ 38.114967346, -0.276498526 ], [ 38.105845133, -0.276011725 ], [ 38.103456879, -0.279914332 ], [ 38.090129853, -0.274554759 ], [ 38.080654144, -0.274986714 ], [ 38.072542191, -0.273621768 ], [ 38.069946925, -0.274805312 ], [ 38.046571096, -0.276184638 ], [ 38.032534281, -0.27331077 ], [ 38.027989706, -0.268639962 ], [ 38.023814201, -0.266759587 ], [ 38.021977425, -0.268006295 ], [ 37.999121857, -0.264728457 ], [ 37.993466059, -0.273847505 ], [ 37.992253622, -0.286962966 ], [ 37.983911133, -0.299087316 ], [ 37.982095083, -0.307277858 ], [ 37.979538918, -0.310942031 ], [ 37.980110741, -0.31347305 ], [ 37.985783577, -0.318325043 ], [ 37.985821088, -0.32358593 ], [ 37.980162303, -0.326191644 ], [ 37.971553803, -0.34415748 ], [ 37.971689224, -0.346107825 ], [ 37.978175354, -0.354879731 ], [ 37.967718125, -0.363473177 ], [ 37.968183518, -0.365060292 ], [ 37.973287582, -0.368188344 ], [ 37.974369049, -0.376680553 ], [ 37.970352173, -0.381023005 ], [ 37.969470978, -0.38442637 ], [ 37.969849904, -0.397460659 ], [ 37.964809418, -0.401060939 ], [ 37.965766907, -0.407559425 ], [ 37.96465683, -0.412070997 ], [ 37.961869558, -0.412649165 ], [ 37.959409714, -0.418666571 ], [ 37.951891899, -0.425789043 ], [ 37.947394689, -0.424761792 ], [ 37.945315043, -0.427467605 ], [ 37.940258344, -0.42517024 ], [ 37.936173916, -0.427696466 ], [ 37.93455251, -0.430359016 ], [ 37.935534159, -0.434601565 ], [ 37.930721283, -0.445258141 ], [ 37.918409348, -0.46166034 ], [ 37.913837433, -0.46557831 ], [ 37.897499084, -0.503313899 ], [ 37.892227173, -0.510664731 ], [ 37.882179261, -0.536002278 ], [ 37.882553101, -0.54098092 ], [ 37.885374069, -0.545593887 ], [ 37.887922923, -0.555415153 ], [ 37.883242925, -0.582787881 ], [ 37.90213871, -0.597486898 ], [ 37.901088714, -0.600950301 ], [ 37.9226017, -0.624446392 ], [ 37.919589996, -0.628597289 ], [ 37.907404581, -0.638986091 ], [ 37.89375, -0.645361179 ], [ 37.892807007, -0.652348846 ], [ 37.89520518, -0.667611937 ], [ 37.897098541, -0.669629431 ], [ 37.895231247, -0.674016327 ], [ 37.895339012, -0.681758389 ], [ 37.897949219, -0.684428056 ], [ 37.903836251, -0.68550887 ], [ 37.898620605, -0.703908086 ], [ 37.899593354, -0.70878677 ], [ 37.901896477, -0.70980294 ], [ 37.90477562, -0.709046552 ], [ 37.907231649, -0.711159329 ], [ 37.909996033, -0.707529411 ], [ 37.91166687, -0.70766291 ], [ 37.913738251, -0.724154651 ], [ 37.915917397, -0.728210836 ], [ 37.912789345, -0.735326856 ], [ 37.91372935, -0.739004572 ], [ 37.90908432, -0.748225689 ], [ 37.903988838, -0.753475294 ], [ 37.90171051, -0.759359658 ], [ 37.890757243, -0.767482857 ], [ 37.892910004, -0.77940169 ], [ 37.883522669, -0.782558243 ], [ 37.883351326, -0.788163915 ], [ 37.879451752, -0.792718709 ], [ 37.879825592, -0.797595173 ], [ 37.883518219, -0.801365137 ], [ 37.884288788, -0.807026476 ], [ 37.880571365, -0.80761835 ], [ 37.877830505, -0.806203067 ], [ 37.870802561, -0.81058683 ], [ 37.866277695, -0.809754223 ], [ 37.86103344, -0.811690628 ], [ 37.854799271, -0.80985716 ], [ 37.84491583, -0.811426548 ], [ 37.845902443, -0.813770443 ], [ 37.843377431, -0.818678846 ], [ 37.847188677, -0.820835965 ], [ 37.847601573, -0.824707528 ], [ 37.845621109, -0.827633351 ], [ 37.848970413, -0.832702488 ], [ 37.840994517, -0.834972828 ], [ 37.841486613, -0.840116342 ], [ 37.844631672, -0.841902427 ], [ 37.841738383, -0.844619632 ], [ 37.837014198, -0.845301121 ], [ 37.838172913, -0.848354518 ], [ 37.836279551, -0.851574749 ], [ 37.831004143, -0.85402134 ], [ 37.832941437, -0.854943311 ], [ 37.832642364, -0.857579541 ], [ 37.829619884, -0.857480161 ], [ 37.828446388, -0.86082384 ], [ 37.831001282, -0.862265706 ], [ 37.831507683, -0.86443983 ], [ 37.826033274, -0.86679856 ], [ 37.827238719, -0.87242351 ], [ 37.824180603, -0.872604559 ], [ 37.825691986, -0.87537224 ], [ 37.821635246, -0.879733205 ], [ 37.822019577, -0.882079124 ], [ 37.819905281, -0.883240871 ], [ 37.821603139, -0.885056376 ], [ 37.822233836, -0.890843242 ], [ 37.824164391, -0.890985064 ], [ 37.822519938, -0.895082215 ], [ 37.818599701, -0.895982891 ], [ 37.818216324, -0.898950309 ], [ 37.818681717, -0.900095761 ], [ 37.828384399, -0.901414394 ], [ 37.831813812, -0.905613154 ], [ 37.836931864, -0.90555354 ], [ 37.836920166, -0.90700469 ], [ 37.833242416, -0.907783538 ], [ 37.833237648, -0.912576221 ], [ 37.838460541, -0.909848964 ], [ 37.837861252, -0.920207983 ], [ 37.842695872, -0.919912894 ], [ 37.840526581, -0.923687384 ], [ 37.844295502, -0.924066822 ], [ 37.841680527, -0.927469924 ], [ 37.84622345, -0.928176022 ], [ 37.850874583, -0.932857673 ], [ 37.848780823, -0.936186445 ], [ 37.851725578, -0.935796499 ], [ 37.852237224, -0.938939027 ], [ 37.849920273, -0.941649213 ], [ 37.847006162, -0.940218136 ], [ 37.84631602, -0.941113075 ], [ 37.848310471, -0.943860501 ], [ 37.84631602, -0.947282096 ], [ 37.849459648, -0.948182508 ], [ 37.851283482, -0.950496214 ], [ 37.849122047, -0.952572554 ], [ 37.853818893, -0.958396643 ], [ 37.854059601, -0.962312019 ], [ 37.852361679, -0.962137818 ], [ 37.851312637, -0.959251218 ], [ 37.850694021, -0.960907241 ], [ 37.844506836, -0.963827002 ], [ 37.845095634, -0.964839429 ], [ 37.852813721, -0.96661522 ], [ 37.857531547, -0.965888108 ], [ 37.863699849, -0.969011313 ], [ 37.862472534, -0.973946667 ], [ 37.86710968, -0.973215711 ], [ 37.867948532, -0.977763698 ], [ 37.862576008, -0.978460848 ], [ 37.862324524, -0.980032074 ], [ 37.864034653, -0.980218172 ], [ 37.865520477, -0.982572913 ], [ 37.861112595, -0.98261705 ], [ 37.858476639, -0.985691627 ], [ 37.853928884, -0.986716787 ], [ 37.849825541, -0.990859151 ], [ 37.850255694, -0.994185584 ], [ 37.846172333, -0.99507618 ], [ 37.84687233, -0.999133781 ], [ 37.851048787, -1.003324846 ], [ 37.848740896, -1.026355982 ], [ 37.84633255, -1.029400587 ], [ 37.848075867, -1.04217726 ], [ 37.84401989, -1.050481766 ], [ 37.840363503, -1.05205825 ], [ 37.8310709, -1.068267405 ], [ 37.827669462, -1.070930322 ], [ 37.820575714, -1.070885152 ], [ 37.818902969, -1.079853893 ], [ 37.808202108, -1.092056533 ], [ 37.806300481, -1.104825695 ], [ 37.802629089, -1.11088264 ], [ 37.800739288, -1.117937168 ], [ 37.798874537, -1.117751161 ], [ 37.793742923, -1.12518178 ], [ 37.733562469, -1.080048203 ], [ 37.595709852, -1.086816012 ], [ 37.597708977, -1.130707519 ], [ 37.601776123, -1.132315 ], [ 37.604094432, -1.136832541 ], [ 37.604106903, -1.140330851 ], [ 37.606105161, -1.142329511 ], [ 37.611017812, -1.140404992 ], [ 37.620814532, -1.144456757 ], [ 37.625830332, -1.149143259 ], [ 37.626241032, -1.152112696 ], [ 37.634473165, -1.161342978 ], [ 37.638513565, -1.168726325 ], [ 37.649923325, -1.197230697 ], [ 37.654763794, -1.200254083 ], [ 37.657034874, -1.206923842 ], [ 37.66132431, -1.210350656 ], [ 37.663812002, -1.21579653 ], [ 37.666495323, -1.216463402 ], [ 37.665652513, -1.218491897 ], [ 37.66756897, -1.221656537 ], [ 37.675401052, -1.229047457 ], [ 37.676053365, -1.23144571 ], [ 37.678325653, -1.233245611 ], [ 37.68428421, -1.234112501 ], [ 37.687840462, -1.238484234 ], [ 37.689439392, -1.241562104 ], [ 37.688123703, -1.244909972 ], [ 37.690751648, -1.246850848 ], [ 37.689130783, -1.248183211 ], [ 37.6935606, -1.249137998 ], [ 37.694081624, -1.257602592 ], [ 37.697787476, -1.265691733 ], [ 37.696896235, -1.268264353 ], [ 37.698636373, -1.270808498 ], [ 37.702612305, -1.271996379 ], [ 37.702440898, -1.27444466 ], [ 37.707400322, -1.281850666 ], [ 37.708554404, -1.288563405 ], [ 37.713612874, -1.290290639 ], [ 37.713664373, -1.298463424 ], [ 37.717350006, -1.299516936 ], [ 37.71713829, -1.302624906 ], [ 37.721632004, -1.311925769 ], [ 37.724997711, -1.313541174 ], [ 37.723944187, -1.316887796 ], [ 37.725538889, -1.319608132 ], [ 37.724056244, -1.322036862 ], [ 37.726032257, -1.323399603 ], [ 37.732500076, -1.335841179 ], [ 37.732601166, -1.341113448 ], [ 37.738001823, -1.342111091 ], [ 37.739881897, -1.347592139 ], [ 37.744281133, -1.34978206 ], [ 37.745878601, -1.35326333 ], [ 37.744781494, -1.356328815 ], [ 37.749396006, -1.357461979 ], [ 37.754065037, -1.354795829 ], [ 37.755724589, -1.357096722 ], [ 37.760045052, -1.35478726 ], [ 37.765660858, -1.354884702 ], [ 37.766119194, -1.357305813 ], [ 37.768302917, -1.357044697 ], [ 37.773406982, -1.360512495 ], [ 37.77567339, -1.360040128 ], [ 37.781326294, -1.371748686 ], [ 37.784084829, -1.371079751 ], [ 37.785643895, -1.375403126 ], [ 37.789831352, -1.375206697 ], [ 37.791686058, -1.38194254 ], [ 37.797252655, -1.387645841 ], [ 37.799174309, -1.392297179 ], [ 37.798372269, -1.395609021 ], [ 37.804714203, -1.394138217 ], [ 37.804916382, -1.402789752 ], [ 37.808472061, -1.416411793 ], [ 37.807704926, -1.418295681 ], [ 37.810341358, -1.420349762 ], [ 37.810258865, -1.424143493 ], [ 37.812774658, -1.426625768 ], [ 37.811776638, -1.429072782 ], [ 37.813591003, -1.434112 ], [ 37.812896728, -1.438590884 ], [ 37.818127768, -1.441822086 ], [ 37.816278458, -1.443551451 ], [ 37.819511223, -1.445859581 ], [ 37.8188591, -1.446568727 ], [ 37.808631897, -1.448020101 ], [ 37.797855377, -1.455510914 ], [ 37.788784027, -1.46530664 ], [ 37.780996323, -1.470913708 ], [ 37.77948761, -1.478469014 ], [ 37.773848216, -1.486322641 ], [ 37.761341095, -1.488124728 ], [ 37.732635498, -1.496076345 ], [ 37.727012634, -1.493423343 ], [ 37.718683243, -1.492773116 ], [ 37.712850571, -1.488514066 ], [ 37.707182566, -1.488815308 ], [ 37.70148468, -1.491017461 ], [ 37.695107894, -1.497570552 ], [ 37.701236725, -1.50780654 ], [ 37.706504822, -1.506831229 ], [ 37.713967006, -1.510002176 ], [ 37.720321655, -1.522397876 ], [ 37.724157969, -1.524235845 ], [ 37.724672318, -1.528653145 ], [ 37.734464645, -1.544213295 ], [ 37.742572784, -1.55328842 ], [ 37.750333786, -1.554355204 ], [ 37.750946045, -1.560034275 ], [ 37.753897447, -1.566385728 ], [ 37.75707372, -1.569208761 ], [ 37.760061264, -1.575985611 ], [ 37.763877869, -1.580052495 ], [ 37.768965403, -1.583191742 ], [ 37.772655487, -1.58358858 ], [ 37.772622681, -1.586570215 ], [ 37.776303291, -1.591063634 ], [ 37.775914192, -1.59412238 ], [ 37.783061028, -1.60503676 ], [ 37.784366862, -1.611325085 ], [ 37.787536621, -1.613032205 ], [ 37.791851997, -1.62017715 ], [ 37.792888006, -1.626291494 ], [ 37.796207809, -1.627226178 ], [ 37.797533417, -1.631564784 ], [ 37.800971985, -1.634739737 ], [ 37.803832054, -1.642187819 ], [ 37.801325162, -1.647562474 ], [ 37.806050777, -1.64875114 ], [ 37.805145688, -1.6532408 ], [ 37.808604922, -1.654322705 ], [ 37.81023248, -1.658146824 ], [ 37.813876343, -1.661359334 ], [ 37.821032333, -1.664868526 ], [ 37.822585042, -1.669820559 ], [ 37.820140839, -1.675362825 ], [ 37.819934209, -1.680036922 ], [ 37.825192769, -1.682360654 ], [ 37.830679576, -1.680760543 ], [ 37.832655668, -1.68884974 ], [ 37.837373098, -1.689539499 ], [ 37.836476803, -1.694306418 ], [ 37.838101196, -1.699120235 ], [ 37.834902082, -1.709268315 ], [ 37.842514992, -1.710015714 ], [ 37.845198198, -1.712310108 ], [ 37.845066547, -1.723305583 ], [ 37.850603739, -1.73022808 ], [ 37.850894928, -1.735495227 ], [ 37.854506599, -1.746173077 ], [ 37.854090119, -1.750936961 ], [ 37.855948925, -1.753974068 ], [ 37.853977585, -1.757553184 ], [ 37.854554918, -1.763423377 ], [ 37.852133857, -1.764519175 ], [ 37.852972666, -1.766173084 ], [ 37.851370494, -1.768536866 ], [ 37.850269953, -1.769240896 ], [ 37.846365792, -1.766591975 ], [ 37.841080802, -1.766910085 ], [ 37.839185079, -1.771541887 ], [ 37.840632545, -1.775795155 ], [ 37.839061483, -1.778394663 ], [ 37.839641571, -1.780321789 ], [ 37.848806381, -1.797805021 ], [ 37.867491913, -1.815698743 ], [ 37.880882422, -1.831584016 ], [ 37.887201309, -1.833115717 ], [ 37.89258194, -1.838373264 ], [ 37.892900213, -1.841469638 ], [ 37.887308757, -1.843677481 ], [ 37.884883118, -1.849843454 ], [ 37.887205442, -1.857998605 ], [ 37.88892201, -1.859515871 ], [ 37.893480301, -1.858650506 ], [ 37.899633026, -1.861142612 ], [ 37.901485443, -1.86332188 ], [ 37.899061584, -1.868470287 ], [ 37.907067776, -1.892735928 ], [ 37.905799866, -1.902196556 ], [ 37.907839639, -1.903580649 ], [ 37.915363312, -1.901772857 ], [ 37.91870594, -1.903009027 ], [ 37.918209924, -1.908950581 ], [ 37.913083758, -1.913080692 ], [ 37.913028172, -1.916628412 ], [ 37.910691155, -1.920390805 ], [ 37.912307739, -1.926124122 ], [ 37.909810638, -1.930367589 ], [ 37.909557978, -1.933795631 ], [ 37.914809545, -1.94028453 ], [ 37.916777039, -1.948281551 ], [ 37.914038386, -1.954853886 ], [ 37.916559855, -1.958796481 ], [ 37.925205231, -1.985591486 ], [ 37.930205854, -1.990911289 ], [ 37.928534699, -1.99543245 ], [ 37.937389851, -2.001597762 ], [ 37.936199888, -2.007897079 ], [ 37.941189448, -2.01129967 ], [ 37.939058304, -2.019539063 ], [ 37.943888187, -2.022834799 ], [ 37.942412059, -2.029285378 ], [ 37.939123154, -2.033114711 ], [ 37.944085757, -2.037326495 ], [ 37.949281693, -2.035864353 ], [ 37.951270421, -2.037445009 ], [ 37.955409241, -2.049469519 ], [ 37.95463562, -2.05772669 ], [ 37.95923233, -2.064166109 ], [ 37.960361481, -2.078957001 ], [ 37.957925796, -2.094436109 ], [ 37.959664277, -2.101936928 ], [ 37.956626224, -2.108007646 ], [ 37.957296371, -2.112668157 ], [ 37.955113002, -2.119600194 ], [ 37.953790937, -2.13284002 ], [ 37.958685875, -2.138196051 ], [ 37.958934784, -2.140229166 ], [ 37.963244302, -2.14316644 ], [ 37.965130329, -2.155487895 ], [ 37.964992523, -2.16525356 ], [ 37.967010498, -2.167061567 ], [ 37.970095317, -2.166791836 ], [ 37.97427063, -2.163252878 ], [ 37.981534322, -2.161578576 ], [ 37.991026878, -2.156675219 ], [ 38.009642029, -2.151687145 ], [ 38.020413717, -2.146743496 ], [ 38.022392273, -2.148142338 ], [ 38.02457428, -2.156949083 ], [ 38.027652741, -2.161918322 ], [ 38.036858368, -2.166529751 ], [ 38.043267886, -2.166237354 ], [ 38.048502604, -2.168593407 ], [ 38.050657272, -2.172854126 ], [ 38.048277664, -2.180230546 ], [ 38.054740701, -2.18705145 ], [ 38.055733272, -2.195458106 ], [ 38.060027652, -2.206448396 ], [ 38.063148499, -2.210650841 ], [ 38.07039939, -2.214425855 ], [ 38.06437397, -2.218217671 ], [ 38.063261032, -2.220979005 ], [ 38.064041138, -2.222762966 ], [ 38.069043159, -2.225046098 ], [ 38.072598775, -2.25125436 ], [ 38.076371892, -2.255172189 ], [ 38.07556661, -2.261365016 ], [ 38.080911255, -2.260549641 ], [ 38.083572388, -2.261765182 ], [ 38.087073008, -2.271633386 ], [ 38.091047287, -2.27345264 ], [ 38.097730001, -2.273136139 ], [ 38.101660728, -2.2818138 ], [ 38.111193657, -2.285834014 ], [ 38.109377543, -2.30061845 ], [ 38.115689595, -2.303291241 ], [ 38.117080688, -2.313785553 ], [ 38.127913157, -2.322101434 ], [ 38.137047359, -2.320521094 ], [ 38.14683342, -2.320912659 ], [ 38.152485847, -2.327824086 ], [ 38.169748942, -2.335184892 ], [ 38.173519135, -2.338016748 ], [ 38.183363342, -2.337821197 ], [ 38.188102722, -2.339648485 ], [ 38.19613266, -2.348745959 ], [ 38.197855949, -2.353220165 ], [ 38.211077372, -2.35526665 ], [ 38.222603934, -2.399277823 ], [ 38.231896083, -2.401854873 ], [ 38.236180623, -2.409394105 ], [ 38.244567235, -2.412240148 ], [ 38.247345924, -2.41689837 ], [ 38.251945496, -2.420315862 ], [ 38.259335995, -2.419893473 ], [ 38.274038315, -2.423974812 ], [ 38.280336952, -2.448035252 ], [ 38.282650948, -2.452129185 ], [ 38.288328171, -2.482735991 ], [ 38.289944649, -2.484625518 ], [ 38.296589661, -2.487113285 ], [ 38.29886198, -2.49385944 ], [ 38.302236175, -2.498256683 ], [ 38.311851501, -2.501761402 ], [ 38.31293651, -2.503846952 ], [ 38.312290955, -2.51197834 ], [ 38.317006683, -2.515707946 ], [ 38.317320688, -2.523909569 ], [ 38.321497599, -2.529474417 ], [ 38.319423676, -2.535443211 ], [ 38.323134286, -2.541111435 ], [ 38.322384198, -2.547346393 ], [ 38.32421608, -2.548949504 ], [ 38.331894684, -2.550540781 ], [ 38.338130188, -2.555240726 ], [ 38.337564468, -2.5579651 ], [ 38.331506457, -2.562426022 ], [ 38.334856669, -2.568936984 ], [ 38.33881251, -2.585116148 ], [ 38.347392559, -2.589420795 ], [ 38.349101257, -2.598957252 ], [ 38.352898189, -2.605227266 ], [ 38.362166882, -2.63082689 ], [ 38.362202454, -2.637104607 ], [ 38.367852783, -2.642652082 ], [ 38.367261887, -2.650348902 ], [ 38.382185618, -2.663236022 ], [ 38.381568909, -2.669714451 ], [ 38.385556115, -2.676792886 ], [ 38.392169953, -2.698422869 ], [ 38.3964715, -2.705839932 ], [ 38.404368718, -2.727112293 ], [ 38.409655571, -2.735222876 ], [ 38.413628578, -2.750014424 ], [ 38.420397186, -2.759664488 ], [ 38.425816854, -2.772348404 ], [ 38.426929855, -2.778310013 ], [ 38.432108561, -2.787604173 ], [ 38.431256612, -2.791529655 ], [ 38.423286438, -2.795601547 ], [ 38.42188549, -2.805288136 ], [ 38.418210166, -2.811409473 ], [ 38.419564056, -2.81455493 ], [ 38.425377846, -2.817009926 ], [ 38.426671709, -2.81939452 ], [ 38.426728948, -2.827432847 ], [ 38.431365172, -2.841361915 ], [ 38.42790699, -2.849547177 ], [ 38.432131631, -2.855086531 ], [ 38.43877093, -2.856269598 ], [ 38.439586639, -2.857921322 ], [ 38.438282967, -2.863949776 ], [ 38.445770264, -2.868915606 ], [ 38.443373108, -2.878852653 ], [ 38.445068359, -2.879976332 ], [ 38.451486799, -2.878962649 ], [ 38.454304695, -2.881163239 ], [ 38.455002308, -2.884026527 ], [ 38.451244736, -2.888769329 ], [ 38.450662401, -2.893129905 ], [ 38.461209107, -2.896727991 ], [ 38.460849762, -2.902494335 ], [ 38.466294765, -2.908798277 ], [ 38.474232992, -2.92617031 ], [ 38.475830555, -2.936083794 ], [ 38.477420807, -2.937077761 ], [ 38.485656738, -2.935735703 ], [ 38.487613106, -2.936692202 ], [ 38.488260142, -2.943408799 ], [ 38.49334259, -2.950048995 ], [ 38.491684437, -2.953669369 ], [ 38.492247963, -2.955646527 ], [ 38.49793201, -2.955742598 ], [ 38.504781087, -2.965694745 ], [ 38.509502411, -2.964934349 ], [ 38.51524353, -2.972758293 ], [ 38.519542932, -2.974786629 ], [ 38.525146479, -2.973995049 ], [ 38.530698133, -2.975928443 ], [ 38.53804779, -2.973508352 ], [ 38.543854715, -2.979600369 ], [ 38.550300803, -2.980512522 ], [ 38.55879273, -2.985818553 ], [ 38.583475743, -2.98732701 ], [ 38.594611652, -2.999172132 ], [ 38.602101428, -2.99855795 ], [ 38.608335646, -2.994704221 ], [ 38.609178531, -2.996502156 ], [ 38.606144353, -3.00402637 ], [ 38.608421713, -3.006514717 ], [ 38.613515274, -3.007220291 ], [ 38.617236851, -3.009787012 ], [ 38.625151433, -3.009950019 ], [ 38.629085378, -3.011871063 ], [ 38.635485759, -3.010816418 ], [ 38.643118952, -3.012911454 ], [ 38.650739515, -3.019998762 ], [ 38.653889517, -3.025111717 ], [ 38.660990868, -3.028619166 ], [ 38.662969802, -3.035933034 ], [ 38.665478328, -3.039317031 ], [ 38.682078848, -3.034988846 ], [ 38.694644483, -3.035520248 ], [ 38.707758799, -3.031555917 ], [ 38.724078494, -3.036885436 ], [ 38.733733499, -3.042279044 ], [ 38.74434851, -3.043258854 ], [ 38.758196831, -3.046712903 ], [ 38.768023816, -3.043237735 ], [ 38.773095049, -3.043310295 ], [ 38.775540835, -3.044002183 ], [ 38.778738465, -3.047766568 ], [ 38.788869745, -3.04762781 ], [ 38.798796544, -3.051777656 ], [ 38.808243448, -3.05255511 ], [ 38.80994604, -3.055155096 ], [ 38.808169944, -3.059148004 ], [ 38.801138317, -3.057876654 ], [ 38.798035014, -3.060673796 ], [ 38.798922461, -3.066271967 ], [ 38.803596716, -3.068238376 ], [ 38.819406871, -3.067196237 ], [ 38.826292474, -3.060637419 ], [ 38.835730566, -3.059480738 ], [ 38.841121678, -3.053505606 ], [ 38.845297975, -3.055463872 ], [ 38.847412467, -3.06077082 ], [ 38.862516706, -3.057386413 ], [ 38.892972755, -3.037816757 ], [ 38.898877569, -3.03818409 ], [ 38.902575647, -3.042153023 ], [ 38.912363894, -3.04298574 ], [ 38.918344646, -3.04250469 ], [ 38.925292416, -3.039752304 ], [ 38.931938775, -3.039944678 ], [ 38.937182649, -3.034402215 ], [ 38.952421567, -3.038460919 ], [ 38.976208693, -3.03931594 ], [ 38.985576247, -3.03361593 ], [ 38.989329598, -3.02717528 ], [ 38.99204509, -3.025709271 ], [ 39.014056149, -3.025309549 ], [ 39.018534395, -3.024497268 ], [ 39.025530269, -3.020646033 ], [ 39.036952657, -3.024996747 ], [ 39.045404151, -3.021099022 ], [ 39.044472208, -3.02766174 ], [ 39.045922907, -3.031287649 ], [ 39.053874609, -3.033293288 ], [ 39.062386346, -3.041031246 ], [ 39.075652634, -3.040864855 ], [ 38.849813472, -2.726855882 ], [ 38.623676301, -2.41249759 ], [ 38.626371395, -2.411099003 ], [ 38.631511047, -2.412211188 ], [ 38.633989897, -2.416480121 ], [ 38.637632369, -2.415462536 ], [ 38.643447252, -2.417988188 ], [ 38.661088797, -2.418000142 ], [ 38.68476884, -2.413202476 ], [ 38.690019931, -2.410284977 ], [ 38.695171357, -2.409659858 ], [ 38.703903816, -2.40420338 ], [ 38.70292588, -2.401031272 ], [ 38.715542029, -2.395269825 ], [ 38.715334326, -2.392132952 ], [ 38.717720043, -2.389438012 ], [ 38.722490201, -2.38846753 ], [ 38.72372564, -2.384550691 ], [ 38.726631799, -2.383792402 ], [ 38.733245669, -2.37841851 ], [ 38.733919157, -2.37175852 ], [ 38.738258356, -2.364381551 ], [ 38.74534867, -2.36488219 ], [ 38.748907267, -2.362729118 ], [ 38.751804953, -2.362852727 ], [ 38.753372734, -2.360932931 ], [ 38.756494149, -2.361443097 ], [ 38.76211046, -2.354792484 ], [ 38.766274043, -2.354776795 ], [ 38.770112272, -2.352859793 ], [ 38.783505757, -2.354851722 ], [ 38.788166044, -2.351000361 ], [ 38.789853726, -2.342524526 ], [ 38.796466403, -2.340742111 ], [ 38.999584196, -1.945804368 ], [ 39.013686317, -1.915024661 ], [ 39.007217395, -1.886615875 ], [ 38.957913467, -1.703159118 ], [ 38.963716028, -1.697562541 ], [ 38.972269035, -1.692637558 ], [ 38.978219416, -1.69189385 ], [ 38.979839322, -1.688911928 ], [ 38.987257006, -1.689866427 ], [ 38.988755536, -1.68607633 ], [ 38.990794384, -1.686574718 ], [ 38.994983032, -1.684657632 ], [ 38.996693414, -1.680341456 ], [ 38.999429977, -1.678628703 ], [ 38.961792465, -1.052763043 ], [ 38.806358329, -0.726329687 ], [ 38.677795396, -0.510352131 ], [ 38.591579441, -0.361691183 ], [ 38.419552872, -0.07036484 ] ] ] } },
{ "type": "Feature", "properties": { "shapeName": "Machakos", "shapeISO": "", "shapeID": "84041B53348899617297", "shapeGroup": "KEN", "shapeType": "ADM1" }, "geometry": { "type": "Polygon", "coordinates": [ [ [ 37.267669151, -0.785282635 ], [ 37.262664159, -0.791200707 ], [ 37.258481343, -0.837231914 ], [ 37.233184814, -0.83710891 ], [ 37.225496292, -0.852220952 ], [ 37.240703583, -0.857783496 ], [ 37.241584778, -0.861503363 ], [ 37.252260208, -0.861169025 ], [ 37.25617218, -0.86804992 ], [ 37.282196045, -0.896759212 ], [ 37.300922394, -0.906814277 ], [ 37.319728851, -0.919695973 ], [ 37.317545891, -0.922239289 ], [ 37.318715668, -0.925094104 ], [ 37.324468466, -0.930027847 ], [ 37.325485992, -0.933940101 ], [ 37.314620972, -0.940062046 ], [ 37.316848755, -0.948025107 ], [ 37.327928543, -0.944882164 ], [ 37.330419541, -0.947677304 ], [ 37.328014946, -0.949707889 ], [ 37.328041712, -0.951585392 ], [ 37.333913803, -0.955671951 ], [ 37.335176849, -0.95942924 ], [ 37.336730957, -0.958581418 ], [ 37.343338013, -0.961600304 ], [ 37.35458374, -0.947410583 ], [ 37.366718292, -0.964075208 ], [ 37.345640819, -0.976791421 ], [ 37.332885742, -0.976380825 ], [ 37.338260651, -0.985256076 ], [ 37.362328847, -0.987672091 ], [ 37.40605545, -1.012048483 ], [ 37.42087555, -1.033615112 ], [ 37.38752238, -1.05758973 ], [ 37.362598269, -1.093485274 ], [ 37.342641292, -1.116949578 ], [ 37.338565826, -1.110682487 ], [ 37.327320099, -1.100234091 ], [ 37.32621193, -1.097071528 ], [ 37.319015503, -1.093450844 ], [ 37.310901642, -1.082603455 ], [ 37.30581665, -1.079854727 ], [ 37.301769257, -1.074534416 ], [ 37.295413971, -1.070366979 ], [ 37.287567139, -1.069361985 ], [ 37.281728745, -1.065179705 ], [ 37.262546539, -1.067588568 ], [ 37.249861399, -1.077526649 ], [ 37.246377945, -1.076236724 ], [ 37.242996216, -1.077938199 ], [ 37.232299805, -1.073415279 ], [ 37.228338242, -1.073795676 ], [ 37.22410965, -1.076473653 ], [ 37.211322784, -1.077966928 ], [ 37.200983048, -1.08847028 ], [ 37.192691803, -1.092212558 ], [ 37.190031052, -1.095874488 ], [ 37.187896729, -1.103950739 ], [ 37.180934906, -1.107145429 ], [ 37.175064087, -1.114109397 ], [ 37.179195404, -1.126493692 ], [ 37.181648254, -1.12815392 ], [ 37.181724548, -1.131160259 ], [ 37.184658051, -1.132237196 ], [ 37.186893463, -1.135737061 ], [ 37.183330536, -1.141758739 ], [ 37.18497467, -1.147780418 ], [ 37.180826187, -1.154349506 ], [ 37.182533264, -1.162587762 ], [ 37.180664062, -1.166105628 ], [ 37.174114227, -1.171382427 ], [ 37.165714264, -1.186611473 ], [ 37.161361695, -1.191242158 ], [ 37.155662537, -1.193063914 ], [ 37.156137085, -1.197023249 ], [ 37.159618378, -1.203031142 ], [ 37.152997971, -1.206991792 ], [ 37.15285492, -1.20828402 ], [ 37.155860901, -1.209845543 ], [ 37.154407501, -1.219322205 ], [ 37.150798798, -1.223324656 ], [ 37.140434265, -1.224051594 ], [ 37.134880066, -1.231275797 ], [ 37.125814438, -1.230647564 ], [ 37.120754242, -1.232577026 ], [ 37.118581772, -1.235538483 ], [ 37.118715286, -1.24522233 ], [ 37.116157532, -1.246154904 ], [ 37.109428406, -1.244781851 ], [ 37.109300614, -1.257284879 ], [ 37.102553049, -1.257930319 ], [ 37.10175972, -1.259075367 ], [ 37.10367012, -1.263019919 ], [ 37.100805283, -1.272654871 ], [ 37.096752803, -1.271054983 ], [ 37.087387085, -1.274792134 ], [ 37.083864213, -1.277674674 ], [ 37.082567215, -1.282370567 ], [ 37.077998162, -1.281250775 ], [ 37.076442719, -1.282840132 ], [ 37.075934728, -1.288769126 ], [ 37.072402954, -1.292694628 ], [ 37.072386424, -1.297228535 ], [ 37.075481415, -1.298165719 ], [ 37.075730324, -1.301037639 ], [ 37.025959015, -1.289510131 ], [ 37.001937866, -1.298352003 ], [ 36.994808197, -1.27906394 ], [ 36.973838806, -1.287217379 ], [ 36.983566284, -1.31245327 ], [ 36.965770721, -1.351785779 ], [ 36.960414886, -1.346018195 ], [ 36.933921814, -1.336382747 ], [ 36.905645371, -1.361825227 ], [ 36.914539337, -1.372324705 ], [ 36.921047211, -1.384527922 ], [ 36.922718048, -1.392016649 ], [ 36.927745819, -1.391873797 ], [ 36.931269646, -1.396082133 ], [ 36.936281204, -1.396738142 ], [ 36.942568461, -1.402077159 ], [ 36.945392609, -1.407474041 ], [ 36.947891236, -1.421497643 ], [ 36.95483017, -1.426156282 ], [ 36.959518433, -1.435135484 ], [ 36.962081909, -1.436426878 ], [ 36.960784912, -1.442147811 ], [ 36.957519531, -1.439851999 ], [ 36.955572129, -1.434898078 ], [ 36.950065613, -1.43555069 ], [ 36.942565918, -1.43052121 ], [ 36.931358337, -1.430459023 ], [ 36.889862061, -1.412252307 ], [ 36.878297806, -1.475586593 ], [ 36.884166718, -1.484693766 ], [ 36.88887024, -1.483692526 ], [ 36.900398254, -1.472317338 ], [ 36.904928208, -1.47061789 ], [ 36.911661148, -1.465253889 ], [ 36.920248032, -1.461689472 ], [ 36.920732498, -1.458899915 ], [ 36.923156738, -1.456338226 ], [ 36.927254677, -1.455458492 ], [ 36.930850983, -1.456876099 ], [ 36.936873118, -1.452840686 ], [ 36.942655564, -1.452427387 ], [ 36.949462891, -1.455130219 ], [ 36.947395325, -1.459227681 ], [ 36.977622986, -1.474849224 ], [ 36.970899582, -1.489056647 ], [ 36.97426033, -1.49880296 ], [ 36.962726593, -1.510796189 ], [ 36.963039398, -1.525808096 ], [ 36.96131134, -1.530007482 ], [ 36.958866119, -1.529558301 ], [ 36.957271576, -1.532731295 ], [ 36.956283569, -1.538551927 ], [ 36.957187653, -1.542334318 ], [ 36.966178894, -1.553345084 ], [ 36.973913193, -1.55490005 ], [ 36.974957466, -1.552357495 ], [ 36.977630615, -1.553071976 ], [ 36.995956421, -1.580977321 ], [ 36.990829468, -1.584927797 ], [ 37.000389099, -1.59729147 ], [ 37.006481171, -1.59271431 ], [ 37.081443746, -1.69290945 ], [ 37.080612772, -1.693510353 ], [ 37.084278107, -1.699006259 ], [ 37.08546257, -1.698218882 ], [ 37.111644745, -1.73326081 ], [ 37.116054535, -1.736229539 ], [ 37.124074936, -1.738314628 ], [ 37.124109549, -1.740927341 ], [ 37.132224438, -1.742475663 ], [ 37.133015246, -1.739970311 ], [ 37.141109737, -1.73567881 ], [ 37.144260407, -1.735626638 ], [ 37.147455216, -1.737498939 ], [ 37.149038315, -1.741830051 ], [ 37.147053582, -1.750723132 ], [ 37.148553467, -1.758267045 ], [ 37.150146484, -1.760466933 ], [ 37.156934739, -1.762206971 ], [ 37.158453623, -1.763791958 ], [ 37.152022044, -1.776045124 ], [ 37.154693604, -1.777768254 ], [ 37.157095909, -1.776504278 ], [ 37.1656545, -1.760949055 ], [ 37.176446915, -1.753593683 ], [ 37.194018885, -1.721201583 ], [ 37.196642039, -1.719944792 ], [ 37.192005158, -1.652705729 ], [ 37.175080448, -1.61689643 ], [ 37.229083911, -1.591957337 ], [ 37.231904792, -1.5889251 ], [ 37.245049794, -1.592042247 ], [ 37.25145742, -1.591916233 ], [ 37.252311707, -1.635517597 ], [ 37.256217956, -1.644153356 ], [ 37.258407593, -1.645569126 ], [ 37.272079468, -1.668095231 ], [ 37.264961243, -1.680267334 ], [ 37.278873444, -1.687466383 ], [ 37.289283752, -1.698398232 ], [ 37.288078308, -1.711509347 ], [ 37.313108444, -1.700900614 ], [ 37.329553604, -1.69977802 ], [ 37.331315358, -1.698253154 ], [ 37.334693909, -1.701530933 ], [ 37.342333476, -1.700436274 ], [ 37.344078064, -1.700841268 ], [ 37.345977783, -1.704008579 ], [ 37.354601542, -1.704797824 ], [ 37.357208252, -1.706719816 ], [ 37.364177704, -1.703831673 ], [ 37.373494148, -1.704903483 ], [ 37.38030688, -1.701935212 ], [ 37.384735425, -1.701558779 ], [ 37.387593587, -1.698134462 ], [ 37.390816688, -1.697814554 ], [ 37.392482758, -1.695427417 ], [ 37.395413971, -1.695535088 ], [ 37.398895264, -1.693100254 ], [ 37.401972453, -1.693701942 ], [ 37.405098915, -1.690419585 ], [ 37.407857895, -1.69073242 ], [ 37.409564019, -1.688744247 ], [ 37.412946429, -1.688137727 ], [ 37.408063889, -1.684284568 ], [ 37.406769753, -1.67934978 ], [ 37.404930115, -1.67773656 ], [ 37.405415535, -1.674578398 ], [ 37.401826223, -1.671180646 ], [ 37.400498708, -1.66228505 ], [ 37.395263672, -1.65937836 ], [ 37.393705368, -1.653541833 ], [ 37.388872783, -1.645974437 ], [ 37.386124611, -1.645955622 ], [ 37.385921478, -1.641694903 ], [ 37.382051468, -1.635067701 ], [ 37.383096695, -1.631344378 ], [ 37.37711792, -1.623426199 ], [ 37.370685578, -1.60300076 ], [ 37.366487503, -1.598422289 ], [ 37.36395518, -1.589805802 ], [ 37.34236145, -1.572222441 ], [ 37.341022492, -1.568148732 ], [ 37.335080465, -1.559878747 ], [ 37.340282322, -1.554563544 ], [ 37.353753408, -1.547121644 ], [ 37.355270386, -1.541357815 ], [ 37.358403524, -1.541039626 ], [ 37.360782623, -1.532870024 ], [ 37.364171982, -1.535604954 ], [ 37.364743233, -1.532516032 ], [ 37.371089935, -1.528763175 ], [ 37.379226685, -1.519179265 ], [ 37.382433891, -1.518322081 ], [ 37.393619538, -1.521180749 ], [ 37.39884758, -1.520198226 ], [ 37.421455383, -1.530036211 ], [ 37.431062699, -1.531511008 ], [ 37.432643891, -1.530283421 ], [ 37.435571671, -1.531741261 ], [ 37.437737465, -1.530790686 ], [ 37.438680649, -1.528011471 ], [ 37.441654205, -1.530854583 ], [ 37.44863383, -1.528927922 ], [ 37.451461792, -1.524426699 ], [ 37.455670357, -1.521093309 ], [ 37.458786011, -1.520735264 ], [ 37.459328652, -1.518841177 ], [ 37.46607399, -1.517233372 ], [ 37.471632639, -1.518066248 ], [ 37.474328041, -1.520701438 ], [ 37.476264954, -1.516340136 ], [ 37.48214817, -1.517377049 ], [ 37.48633957, -1.515175044 ], [ 37.498098373, -1.524278164 ], [ 37.500333786, -1.523984889 ], [ 37.505325317, -1.527522087 ], [ 37.508327485, -1.527562975 ], [ 37.512386322, -1.524684787 ], [ 37.515964509, -1.52605468 ], [ 37.517972947, -1.528183639 ], [ 37.517827988, -1.531798422 ], [ 37.521075249, -1.53272599 ], [ 37.520208359, -1.536313414 ], [ 37.521947861, -1.538161695 ], [ 37.525639534, -1.536705583 ], [ 37.535295487, -1.540132761 ], [ 37.544062615, -1.540763676 ], [ 37.545349122, -1.536961317 ], [ 37.550777435, -1.537097811 ], [ 37.554992676, -1.541892469 ], [ 37.550035477, -1.544961571 ], [ 37.551042557, -1.548276186 ], [ 37.563296318, -1.551819354 ], [ 37.562541962, -1.553405106 ], [ 37.556568146, -1.554646373 ], [ 37.556899071, -1.557712078 ], [ 37.560288429, -1.557964444 ], [ 37.562501907, -1.560017317 ], [ 37.567867279, -1.557667732 ], [ 37.575288773, -1.557742774 ], [ 37.576122284, -1.559454679 ], [ 37.573432923, -1.563410461 ], [ 37.574029287, -1.565074603 ], [ 37.578712463, -1.565047264 ], [ 37.582219442, -1.560823281 ], [ 37.590606689, -1.557463169 ], [ 37.597352982, -1.551106572 ], [ 37.598083497, -1.554735005 ], [ 37.600551606, -1.557592749 ], [ 37.599597931, -1.561296165 ], [ 37.606809616, -1.561071068 ], [ 37.608074189, -1.566029429 ], [ 37.614590645, -1.563901484 ], [ 37.618625641, -1.566824675 ], [ 37.619585037, -1.573514044 ], [ 37.623384476, -1.580931783 ], [ 37.631599426, -1.589402556 ], [ 37.635156632, -1.589446246 ], [ 37.640934627, -1.586164286 ], [ 37.641740799, -1.587312817 ], [ 37.639661789, -1.58998096 ], [ 37.643209457, -1.592785418 ], [ 37.641637166, -1.595102509 ], [ 37.643507004, -1.600102275 ], [ 37.642391205, -1.602753937 ], [ 37.64451472, -1.614570379 ], [ 37.646676381, -1.620008389 ], [ 37.65004158, -1.62213999 ], [ 37.649425507, -1.628681957 ], [ 37.655525208, -1.630220652 ], [ 37.656302452, -1.636828124 ], [ 37.660974979, -1.644644231 ], [ 37.66851298, -1.641455173 ], [ 37.673158964, -1.631801536 ], [ 37.681218147, -1.626273304 ], [ 37.683408356, -1.619379115 ], [ 37.686693191, -1.619285484 ], [ 37.688318253, -1.61668241 ], [ 37.6871624, -1.607047855 ], [ 37.690414429, -1.599595785 ], [ 37.684589386, -1.588500977 ], [ 37.68409729, -1.586310506 ], [ 37.685693741, -1.584452927 ], [ 37.689752579, -1.587761372 ], [ 37.692119599, -1.585939884 ], [ 37.693823497, -1.586542964 ], [ 37.693616167, -1.584075057 ], [ 37.695905685, -1.586801097 ], [ 37.70110321, -1.584019303 ], [ 37.711455663, -1.604549408 ], [ 37.718832397, -1.608419847 ], [ 37.727827454, -1.602950013 ], [ 37.728209814, -1.596782486 ], [ 37.734680176, -1.593050957 ], [ 37.736066818, -1.583962142 ], [ 37.732428742, -1.580903411 ], [ 37.735012055, -1.578759392 ], [ 37.735736847, -1.575565791 ], [ 37.745574474, -1.568756297 ], [ 37.749982357, -1.568451822 ], [ 37.753897447, -1.566385728 ], [ 37.750946045, -1.560034275 ], [ 37.750333786, -1.554355204 ], [ 37.742572784, -1.55328842 ], [ 37.734464645, -1.544213295 ], [ 37.724672318, -1.528653145 ], [ 37.724157969, -1.524235845 ], [ 37.720321655, -1.522397876 ], [ 37.713967006, -1.510002176 ], [ 37.706504822, -1.506831229 ], [ 37.701236725, -1.50780654 ], [ 37.695107894, -1.497570552 ], [ 37.70148468, -1.491017461 ], [ 37.707182566, -1.488815308 ], [ 37.712850571, -1.488514066 ], [ 37.718683243, -1.492773116 ], [ 37.727012634, -1.493423343 ], [ 37.732635498, -1.496076345 ], [ 37.761341095, -1.488124728 ], [ 37.773848216, -1.486322641 ], [ 37.77948761, -1.478469014 ], [ 37.780996323, -1.470913708 ], [ 37.788784027, -1.46530664 ], [ 37.797855377, -1.455510914 ], [ 37.808631897, -1.448020101 ], [ 37.8188591, -1.446568727 ], [ 37.819511223, -1.445859581 ], [ 37.816278458, -1.443551451 ], [ 37.818127768, -1.441822086 ], [ 37.812896728, -1.438590884 ], [ 37.813591003, -1.434112 ], [ 37.811776638, -1.429072782 ], [ 37.812774658, -1.426625768 ], [ 37.810258865, -1.424143493 ], [ 37.810341358, -1.420349762 ], [ 37.807704926, -1.418295681 ], [ 37.808472061, -1.416411793 ], [ 37.804916382, -1.402789752 ], [ 37.804714203, -1.394138217 ], [ 37.798372269, -1.395609021 ], [ 37.799174309, -1.392297179 ], [ 37.797252655, -1.387645841 ], [ 37.791686058, -1.38194254 ], [ 37.789831352, -1.375206697 ], [ 37.785643895, -1.375403126 ], [ 37.784084829, -1.371079751 ], [ 37.781326294, -1.371748686 ], [ 37.77567339, -1.360040128 ], [ 37.773406982, -1.360512495 ], [ 37.768302917, -1.357044697 ], [ 37.766119194, -1.357305813 ], [ 37.765660858, -1.354884702 ], [ 37.760045052, -1.35478726 ], [ 37.755724589, -1.357096722 ], [ 37.754065037, -1.354795829 ], [ 37.749396006, -1.357461979 ], [ 37.744781494, -1.356328815 ], [ 37.745878601, -1.35326333 ], [ 37.744281133, -1.34978206 ], [ 37.739881897, -1.347592139 ], [ 37.738001823, -1.342111091 ], [ 37.732601166, -1.341113448 ], [ 37.732500076, -1.335841179 ], [ 37.726032257, -1.323399603 ], [ 37.724056244, -1.322036862 ], [ 37.725538889, -1.319608132 ], [ 37.723944187, -1.316887796 ], [ 37.724997711, -1.313541174 ], [ 37.721632004, -1.311925769 ], [ 37.71713829, -1.302624906 ], [ 37.717350006, -1.299516936 ], [ 37.713664373, -1.298463424 ], [ 37.713612874, -1.290290639 ], [ 37.708554404, -1.288563405 ], [ 37.707400322, -1.281850666 ], [ 37.702440898, -1.27444466 ], [ 37.702612305, -1.271996379 ], [ 37.698636373, -1.270808498 ], [ 37.696896235, -1.268264353 ], [ 37.697787476, -1.265691733 ], [ 37.694081624, -1.257602592 ], [ 37.6935606, -1.249137998 ], [ 37.689130783, -1.248183211 ], [ 37.690751648, -1.246850848 ], [ 37.688123703, -1.244909972 ], [ 37.689439392, -1.241562104 ], [ 37.687840462, -1.238484234 ], [ 37.68428421, -1.234112501 ], [ 37.678325653, -1.233245611 ], [ 37.676053365, -1.23144571 ], [ 37.675401052, -1.229047457 ], [ 37.66756897, -1.221656537 ], [ 37.665652513, -1.218491897 ], [ 37.666495323, -1.216463402 ], [ 37.663812002, -1.21579653 ], [ 37.66132431, -1.210350656 ], [ 37.657034874, -1.206923842 ], [ 37.654763794, -1.200254083 ], [ 37.649923325, -1.197230697 ], [ 37.638513565, -1.168726325 ], [ 37.634473165, -1.161342978 ], [ 37.626241032, -1.152112696 ], [ 37.625830332, -1.149143259 ], [ 37.620814532, -1.144456757 ], [ 37.611017812, -1.140404992 ], [ 37.606105161, -1.142329511 ], [ 37.604106903, -1.140330851 ], [ 37.604094432, -1.136832541 ], [ 37.601776123, -1.132315 ], [ 37.597708977, -1.130707519 ], [ 37.595709852, -1.086816012 ], [ 37.733562469, -1.080048203 ], [ 37.793742923, -1.12518178 ], [ 37.798874537, -1.117751161 ], [ 37.800739288, -1.117937168 ], [ 37.802629089, -1.11088264 ], [ 37.806300481, -1.104825695 ], [ 37.808202108, -1.092056533 ], [ 37.818902969, -1.079853893 ], [ 37.820575714, -1.070885152 ], [ 37.827669462, -1.070930322 ], [ 37.8310709, -1.068267405 ], [ 37.840363503, -1.05205825 ], [ 37.84401989, -1.050481766 ], [ 37.848075867, -1.04217726 ], [ 37.84633255, -1.029400587 ], [ 37.848740896, -1.026355982 ], [ 37.851048787, -1.003324846 ], [ 37.84687233, -0.999133781 ], [ 37.846172333, -0.99507618 ], [ 37.850255694, -0.994185584 ], [ 37.849825541, -0.990859151 ], [ 37.853928884, -0.986716787 ], [ 37.858476639, -0.985691627 ], [ 37.861112595, -0.98261705 ], [ 37.865520477, -0.982572913 ], [ 37.864034653, -0.980218172 ], [ 37.862324524, -0.980032074 ], [ 37.862576008, -0.978460848 ], [ 37.867948532, -0.977763698 ], [ 37.86710968, -0.973215711 ], [ 37.862472534, -0.973946667 ], [ 37.863699849, -0.969011313 ], [ 37.857531547, -0.965888108 ], [ 37.852813721, -0.96661522 ], [ 37.845095634, -0.964839429 ], [ 37.844506836, -0.963827002 ], [ 37.850694021, -0.960907241 ], [ 37.851312637, -0.959251218 ], [ 37.852361679, -0.962137818 ], [ 37.854059601, -0.962312019 ], [ 37.853818893, -0.958396643 ], [ 37.849122047, -0.952572554 ], [ 37.851283482, -0.950496214 ], [ 37.849459648, -0.948182508 ], [ 37.84631602, -0.947282096 ], [ 37.848310471, -0.943860501 ], [ 37.84631602, -0.941113075 ], [ 37.847006162, -0.940218136 ], [ 37.849920273, -0.941649213 ], [ 37.852237224, -0.938939027 ], [ 37.851725578, -0.935796499 ], [ 37.848780823, -0.936186445 ], [ 37.850874583, -0.932857673 ], [ 37.84622345, -0.928176022 ], [ 37.841680527, -0.927469924 ], [ 37.844295502, -0.924066822 ], [ 37.840526581, -0.923687384 ], [ 37.842695872, -0.919912894 ], [ 37.837861252, -0.920207983 ], [ 37.838460541, -0.909848964 ], [ 37.833237648, -0.912576221 ], [ 37.833242416, -0.907783538 ], [ 37.836920166, -0.90700469 ], [ 37.836931864, -0.90555354 ], [ 37.831813812, -0.905613154 ], [ 37.828384399, -0.901414394 ], [ 37.818681717, -0.900095761 ], [ 37.818216324, -0.898950309 ], [ 37.818599701, -0.895982891 ], [ 37.822519938, -0.895082215 ], [ 37.824164391, -0.890985064 ], [ 37.822233836, -0.890843242 ], [ 37.821603139, -0.885056376 ], [ 37.819905281, -0.883240871 ], [ 37.822019577, -0.882079124 ], [ 37.821635246, -0.879733205 ], [ 37.825691986, -0.87537224 ], [ 37.824180603, -0.872604559 ], [ 37.827238719, -0.87242351 ], [ 37.826033274, -0.86679856 ], [ 37.831507683, -0.86443983 ], [ 37.831001282, -0.862265706 ], [ 37.828446388, -0.86082384 ], [ 37.829619884, -0.857480161 ], [ 37.832642364, -0.857579541 ], [ 37.832941437, -0.854943311 ], [ 37.831004143, -0.85402134 ], [ 37.836279551, -0.851574749 ], [ 37.838172913, -0.848354518 ], [ 37.837014198, -0.845301121 ], [ 37.841738383, -0.844619632 ], [ 37.844631672, -0.841902427 ], [ 37.841486613, -0.840116342 ], [ 37.840994517, -0.834972828 ], [ 37.848970413, -0.832702488 ], [ 37.845621109, -0.827633351 ], [ 37.847601573, -0.824707528 ], [ 37.847188677, -0.820835965 ], [ 37.843377431, -0.818678846 ], [ 37.845902443, -0.813770443 ], [ 37.84491583, -0.811426548 ], [ 37.838272858, -0.809527814 ], [ 37.836859385, -0.812175174 ], [ 37.833072662, -0.813540905 ], [ 37.828597069, -0.805733457 ], [ 37.819278717, -0.804385185 ], [ 37.813875198, -0.808500826 ], [ 37.810470581, -0.814397076 ], [ 37.808198929, -0.815059214 ], [ 37.807918549, -0.807175457 ], [ 37.805433909, -0.801835855 ], [ 37.796483994, -0.816585898 ], [ 37.791147232, -0.818877756 ], [ 37.788124085, -0.822516481 ], [ 37.784413338, -0.822612047 ], [ 37.779890061, -0.824929624 ], [ 37.771095276, -0.820727944 ], [ 37.765213013, -0.824219137 ], [ 37.758033752, -0.823957324 ], [ 37.753894806, -0.81516096 ], [ 37.754770279, -0.812904209 ], [ 37.749996185, -0.803438604 ], [ 37.747089386, -0.786740363 ], [ 37.743026733, -0.77847904 ], [ 37.73216629, -0.774464369 ], [ 37.723859787, -0.780405134 ], [ 37.718340556, -0.779494603 ], [ 37.706569672, -0.781518996 ], [ 37.698672613, -0.78460143 ], [ 37.698623657, -0.789072513 ], [ 37.692705154, -0.791393116 ], [ 37.69275856, -0.794235855 ], [ 37.690374375, -0.796753555 ], [ 37.687217712, -0.793980658 ], [ 37.681744893, -0.795547684 ], [ 37.681022644, -0.799573243 ], [ 37.682344437, -0.809006453 ], [ 37.679805756, -0.817516625 ], [ 37.681529045, -0.822224736 ], [ 37.674064636, -0.825745225 ], [ 37.670967102, -0.831699252 ], [ 37.670967102, -0.837114572 ], [ 37.665664673, -0.842089891 ], [ 37.664369584, -0.846285641 ], [ 37.656774521, -0.847470194 ], [ 37.653274536, -0.844689727 ], [ 37.648813248, -0.844535261 ], [ 37.646249771, -0.841986954 ], [ 37.640285492, -0.845487624 ], [ 37.635345459, -0.838580608 ], [ 37.629047394, -0.838632077 ], [ 37.627809525, -0.849975139 ], [ 37.626463572, -0.851615051 ], [ 37.617858887, -0.851485252 ], [ 37.614940643, -0.855123162 ], [ 37.605184555, -0.855011701 ], [ 37.601108551, -0.862536589 ], [ 37.595069885, -0.860631764 ], [ 37.589061737, -0.862742484 ], [ 37.586872864, -0.865870368 ], [ 37.59140269, -0.870631198 ], [ 37.58814621, -0.873066505 ], [ 37.587430954, -0.877955228 ], [ 37.575255394, -0.876805499 ], [ 37.564109802, -0.880589366 ], [ 37.561252594, -0.875286787 ], [ 37.558933258, -0.87507838 ], [ 37.551374436, -0.883860528 ], [ 37.545106252, -0.8828758 ], [ 37.543361664, -0.88654837 ], [ 37.537433624, -0.888609945 ], [ 37.532205582, -0.895796209 ], [ 37.53546524, -0.906327128 ], [ 37.532970428, -0.911657542 ], [ 37.519447327, -0.916017056 ], [ 37.516458512, -0.914249211 ], [ 37.515176773, -0.902074605 ], [ 37.50293541, -0.898978412 ], [ 37.49543953, -0.902515322 ], [ 37.491171519, -0.899089635 ], [ 37.485043844, -0.89733098 ], [ 37.483001709, -0.892919808 ], [ 37.47751236, -0.891728222 ], [ 37.475795746, -0.887372479 ], [ 37.471601486, -0.884281009 ], [ 37.474666595, -0.875537097 ], [ 37.474056244, -0.874141932 ], [ 37.470472336, -0.874705702 ], [ 37.467469692, -0.871753022 ], [ 37.462115288, -0.873891801 ], [ 37.458966255, -0.869161859 ], [ 37.453674316, -0.870310128 ], [ 37.447401047, -0.868993521 ], [ 37.443149567, -0.861148636 ], [ 37.43245697, -0.860512733 ], [ 37.42713356, -0.864840567 ], [ 37.418909073, -0.860105663 ], [ 37.412918091, -0.859564304 ], [ 37.411111832, -0.856765032 ], [ 37.414772987, -0.852262228 ], [ 37.412740708, -0.848532945 ], [ 37.403995514, -0.849739164 ], [ 37.397382736, -0.854559704 ], [ 37.394721985, -0.852971256 ], [ 37.388115406, -0.852673225 ], [ 37.385929108, -0.850190461 ], [ 37.379965782, -0.855660036 ], [ 37.376382192, -0.852938136 ], [ 37.377511979, -0.850300908 ], [ 37.376560212, -0.848624229 ], [ 37.369974137, -0.847170114 ], [ 37.364076614, -0.843026429 ], [ 37.358621597, -0.841905415 ], [ 37.350868225, -0.843821793 ], [ 37.350342751, -0.841190897 ], [ 37.346307119, -0.842692633 ], [ 37.342985153, -0.840434313 ], [ 37.336961747, -0.844868034 ], [ 37.334210396, -0.842281446 ], [ 37.326976777, -0.841456472 ], [ 37.323588371, -0.838334352 ], [ 37.326107979, -0.835806012 ], [ 37.326004664, -0.833693127 ], [ 37.320040385, -0.834625363 ], [ 37.315666199, -0.823625843 ], [ 37.312464714, -0.820627324 ], [ 37.313238144, -0.81721881 ], [ 37.310430845, -0.813933447 ], [ 37.305230713, -0.811832666 ], [ 37.305991173, -0.806565508 ], [ 37.30489095, -0.804685851 ], [ 37.306344033, -0.800712168 ], [ 37.303518677, -0.797833633 ], [ 37.301184178, -0.797594167 ], [ 37.298870087, -0.793383956 ], [ 37.293534279, -0.791469201 ], [ 37.287846883, -0.782789906 ], [ 37.284928322, -0.780992582 ], [ 37.280895233, -0.782846391 ], [ 37.276513417, -0.782517105 ], [ 37.271702575, -0.785254025 ], [ 37.267669151, -0.785282635 ] ] ] } },
{ "type": "Feature", "properties": { "shapeName": "Makueni", "shapeISO": "", "shapeID": "84041B71092434276748", "shapeGroup": "KEN", "shapeType": "ADM1" }, "geometry": { "type": "Polygon", "coordinates": [ [ [ 38.519542932, -2.974786629 ], [ 38.51524353, -2.972758293 ], [ 38.509502411, -2.964934349 ], [ 38.504781087, -2.965694745 ], [ 38.49793201, -2.955742598 ], [ 38.492247963, -2.955646527 ], [ 38.491684437, -2.953669369 ], [ 38.49334259, -2.950048995 ], [ 38.488260142, -2.943408799 ], [ 38.487613106, -2.936692202 ], [ 38.485656738, -2.935735703 ], [ 38.477420807, -2.937077761 ], [ 38.475830555, -2.936083794 ], [ 38.474232992, -2.92617031 ], [ 38.466294765, -2.908798277 ], [ 38.460849762, -2.902494335 ], [ 38.461209107, -2.896727991 ], [ 38.450662401, -2.893129905 ], [ 38.451244736, -2.888769329 ], [ 38.455002308, -2.884026527 ], [ 38.454304695, -2.881163239 ], [ 38.451486799, -2.878962649 ], [ 38.445068359, -2.879976332 ], [ 38.443373108, -2.878852653 ], [ 38.445770264, -2.868915606 ], [ 38.438282967, -2.863949776 ], [ 38.439586639, -2.857921322 ], [ 38.43877093, -2.856269598 ], [ 38.432131631, -2.855086531 ], [ 38.42790699, -2.849547177 ], [ 38.431365172, -2.841361915 ], [ 38.426728948, -2.827432847 ], [ 38.426671709, -2.81939452 ], [ 38.425377846, -2.817009926 ], [ 38.419564056, -2.81455493 ], [ 38.418210166, -2.811409473 ], [ 38.42188549, -2.805288136 ], [ 38.423286438, -2.795601547 ], [ 38.431256612, -2.791529655 ], [ 38.432108561, -2.787604173 ], [ 38.426929855, -2.778310013 ], [ 38.425816854, -2.772348404 ], [ 38.420397186, -2.759664488 ], [ 38.413628578, -2.750014424 ], [ 38.409655571, -2.735222876 ], [ 38.404368718, -2.727112293 ], [ 38.3964715, -2.705839932 ], [ 38.392169953, -2.698422869 ], [ 38.385556115, -2.676792886 ], [ 38.381568909, -2.669714451 ], [ 38.382185618, -2.663236022 ], [ 38.367261887, -2.650348902 ], [ 38.367852783, -2.642652082 ], [ 38.362202454, -2.637104607 ], [ 38.362166882, -2.63082689 ], [ 38.352898189, -2.605227266 ], [ 38.349101257, -2.598957252 ], [ 38.347392559, -2.589420795 ], [ 38.33881251, -2.585116148 ], [ 38.334856669, -2.568936984 ], [ 38.331506457, -2.562426022 ], [ 38.337564468, -2.5579651 ], [ 38.338130188, -2.555240726 ], [ 38.331894684, -2.550540781 ], [ 38.32421608, -2.548949504 ], [ 38.322384198, -2.547346393 ], [ 38.323134286, -2.541111435 ], [ 38.319423676, -2.535443211 ], [ 38.321497599, -2.529474417 ], [ 38.317320688, -2.523909569 ], [ 38.317006683, -2.515707946 ], [ 38.312290955, -2.51197834 ], [ 38.31293651, -2.503846952 ], [ 38.311851501, -2.501761402 ], [ 38.302236175, -2.498256683 ], [ 38.29886198, -2.49385944 ], [ 38.296589661, -2.487113285 ], [ 38.289944649, -2.484625518 ], [ 38.288328171, -2.482735991 ], [ 38.282650948, -2.452129185 ], [ 38.280336952, -2.448035252 ], [ 38.274038315, -2.423974812 ], [ 38.259335995, -2.419893473 ], [ 38.251945496, -2.420315862 ], [ 38.247345924, -2.41689837 ], [ 38.244567235, -2.412240148 ], [ 38.236180623, -2.409394105 ], [ 38.231896083, -2.401854873 ], [ 38.222603934, -2.399277823 ], [ 38.211077372, -2.35526665 ], [ 38.197855949, -2.353220165 ], [ 38.19613266, -2.348745959 ], [ 38.188102722, -2.339648485 ], [ 38.183363342, -2.337821197 ], [ 38.173519135, -2.338016748 ], [ 38.169748942, -2.335184892 ], [ 38.152485847, -2.327824086 ], [ 38.14683342, -2.320912659 ], [ 38.137047359, -2.320521094 ], [ 38.127913157, -2.322101434 ], [ 38.117080688, -2.313785553 ], [ 38.115689595, -2.303291241 ], [ 38.109377543, -2.30061845 ], [ 38.111193657, -2.285834014 ], [ 38.101660728, -2.2818138 ], [ 38.097730001, -2.273136139 ], [ 38.091047287, -2.27345264 ], [ 38.087073008, -2.271633386 ], [ 38.083572388, -2.261765182 ], [ 38.080911255, -2.260549641 ], [ 38.07556661, -2.261365016 ], [ 38.076371892, -2.255172189 ], [ 38.072598775, -2.25125436 ], [ 38.069043159, -2.225046098 ], [ 38.064041138, -2.222762966 ], [ 38.063261032, -2.220979005 ], [ 38.06437397, -2.218217671 ], [ 38.07039939, -2.214425855 ], [ 38.063148499, -2.210650841 ], [ 38.060027652, -2.206448396 ], [ 38.055733272, -2.195458106 ], [ 38.054740701, -2.18705145 ], [ 38.048277664, -2.180230546 ], [ 38.050657272, -2.172854126 ], [ 38.048502604, -2.168593407 ], [ 38.043267886, -2.166237354 ], [ 38.036858368, -2.166529751 ], [ 38.027652741, -2.161918322 ], [ 38.02457428, -2.156949083 ], [ 38.022392273, -2.148142338 ], [ 38.020413717, -2.146743496 ], [ 38.009642029, -2.151687145 ], [ 37.991026878, -2.156675219 ], [ 37.981534322, -2.161578576 ], [ 37.97427063, -2.163252878 ], [ 37.970095317, -2.166791836 ], [ 37.967010498, -2.167061567 ], [ 37.964992523, -2.16525356 ], [ 37.965130329, -2.155487895 ], [ 37.963244302, -2.14316644 ], [ 37.958934784, -2.140229166 ], [ 37.958685875, -2.138196051 ], [ 37.953790937, -2.13284002 ], [ 37.955113002, -2.119600194 ], [ 37.957296371, -2.112668157 ], [ 37.956626224, -2.108007646 ], [ 37.959664277, -2.101936928 ], [ 37.957925796, -2.094436109 ], [ 37.960361481, -2.078957001 ], [ 37.95923233, -2.064166109 ], [ 37.95463562, -2.05772669 ], [ 37.955409241, -2.049469519 ], [ 37.951270421, -2.037445009 ], [ 37.949281693, -2.035864353 ], [ 37.944085757, -2.037326495 ], [ 37.939123154, -2.033114711 ], [ 37.942412059, -2.029285378 ], [ 37.943888187, -2.022834799 ], [ 37.939058304, -2.019539063 ], [ 37.941189448, -2.01129967 ], [ 37.936199888, -2.007897079 ], [ 37.937389851, -2.001597762 ], [ 37.928534699, -1.99543245 ], [ 37.930205854, -1.990911289 ], [ 37.925205231, -1.985591486 ], [ 37.916559855, -1.958796481 ], [ 37.914038386, -1.954853886 ], [ 37.916777039, -1.948281551 ], [ 37.914809545, -1.94028453 ], [ 37.909557978, -1.933795631 ], [ 37.909810638, -1.930367589 ], [ 37.912307739, -1.926124122 ], [ 37.910691155, -1.920390805 ], [ 37.913028172, -1.916628412 ], [ 37.913083758, -1.913080692 ], [ 37.918209924, -1.908950581 ], [ 37.91870594, -1.903009027 ], [ 37.915363312, -1.901772857 ], [ 37.907839639, -1.903580649 ], [ 37.905799866, -1.902196556 ], [ 37.907067776, -1.892735928 ], [ 37.899061584, -1.868470287 ], [ 37.901485443, -1.86332188 ], [ 37.899633026, -1.861142612 ], [ 37.893480301, -1.858650506 ], [ 37.88892201, -1.859515871 ], [ 37.887205442, -1.857998605 ], [ 37.884883118, -1.849843454 ], [ 37.887308757, -1.843677481 ], [ 37.892900213, -1.841469638 ], [ 37.89258194, -1.838373264 ], [ 37.887201309, -1.833115717 ], [ 37.880882422, -1.831584016 ], [ 37.867491913, -1.815698743 ], [ 37.848806381, -1.797805021 ], [ 37.839641571, -1.780321789 ], [ 37.839061483, -1.778394663 ], [ 37.840632545, -1.775795155 ], [ 37.839185079, -1.771541887 ], [ 37.841080802, -1.766910085 ], [ 37.846365792, -1.766591975 ], [ 37.850269953, -1.769240896 ], [ 37.851370494, -1.768536866 ], [ 37.852972666, -1.766173084 ], [ 37.852133857, -1.764519175 ], [ 37.854554918, -1.763423377 ], [ 37.853977585, -1.757553184 ], [ 37.855948925, -1.753974068 ], [ 37.854090119, -1.750936961 ], [ 37.854506599, -1.746173077 ], [ 37.850894928, -1.735495227 ], [ 37.850603739, -1.73022808 ], [ 37.845066547, -1.723305583 ], [ 37.845198198, -1.712310108 ], [ 37.842514992, -1.710015714 ], [ 37.834902082, -1.709268315 ], [ 37.838101196, -1.699120235 ], [ 37.836476803, -1.694306418 ], [ 37.837373098, -1.689539499 ], [ 37.832655668, -1.68884974 ], [ 37.830679576, -1.680760543 ], [ 37.825192769, -1.682360654 ], [ 37.819934209, -1.680036922 ], [ 37.820140839, -1.675362825 ], [ 37.822585042, -1.669820559 ], [ 37.821032333, -1.664868526 ], [ 37.813876343, -1.661359334 ], [ 37.81023248, -1.658146824 ], [ 37.808604922, -1.654322705 ], [ 37.805145688, -1.6532408 ], [ 37.806050777, -1.64875114 ], [ 37.801325162, -1.647562474 ], [ 37.803832054, -1.642187819 ], [ 37.800971985, -1.634739737 ], [ 37.797533417, -1.631564784 ], [ 37.796207809, -1.627226178 ], [ 37.792888006, -1.626291494 ], [ 37.791851997, -1.62017715 ], [ 37.787536621, -1.613032205 ], [ 37.784366862, -1.611325085 ], [ 37.783061028, -1.60503676 ], [ 37.775914192, -1.59412238 ], [ 37.776303291, -1.591063634 ], [ 37.772622681, -1.586570215 ], [ 37.772655487, -1.58358858 ], [ 37.768965403, -1.583191742 ], [ 37.763877869, -1.580052495 ], [ 37.760061264, -1.575985611 ], [ 37.75707372, -1.569208761 ], [ 37.753897447, -1.566385728 ], [ 37.749982357, -1.568451822 ], [ 37.745574474, -1.568756297 ], [ 37.735736847, -1.575565791 ], [ 37.735012055, -1.578759392 ], [ 37.732428742, -1.580903411 ], [ 37.736066818, -1.583962142 ], [ 37.734680176, -1.593050957 ], [ 37.728209814, -1.596782486 ], [ 37.727827454, -1.602950013 ], [ 37.718832397, -1.608419847 ], [ 37.711455663, -1.604549408 ], [ 37.70110321, -1.584019303 ], [ 37.695905685, -1.586801097 ], [ 37.693616167, -1.584075057 ], [ 37.693823497, -1.586542964 ], [ 37.692119599, -1.585939884 ], [ 37.689752579, -1.587761372 ], [ 37.685693741, -1.584452927 ], [ 37.68409729, -1.586310506 ], [ 37.684589386, -1.588500977 ], [ 37.690414429, -1.599595785 ], [ 37.6871624, -1.607047855 ], [ 37.688318253, -1.61668241 ], [ 37.686693191, -1.619285484 ], [ 37.683408356, -1.619379115 ], [ 37.681218147, -1.626273304 ], [ 37.673158964, -1.631801536 ], [ 37.66851298, -1.641455173 ], [ 37.660974979, -1.644644231 ], [ 37.656302452, -1.636828124 ], [ 37.655525208, -1.630220652 ], [ 37.649425507, -1.628681957 ], [ 37.65004158, -1.62213999 ], [ 37.646676381, -1.620008389 ], [ 37.64451472, -1.614570379 ], [ 37.642391205, -1.602753937 ], [ 37.643507004, -1.600102275 ], [ 37.641637166, -1.595102509 ], [ 37.643209457, -1.592785418 ], [ 37.639661789, -1.58998096 ], [ 37.641740799, -1.587312817 ], [ 37.640934627, -1.586164286 ], [ 37.635156632, -1.589446246 ], [ 37.631599426, -1.589402556 ], [ 37.623384476, -1.580931783 ], [ 37.619585037, -1.573514044 ], [ 37.618625641, -1.566824675 ], [ 37.614590645, -1.563901484 ], [ 37.608074189, -1.566029429 ], [ 37.606809616, -1.561071068 ], [ 37.599597931, -1.561296165 ], [ 37.600551606, -1.557592749 ], [ 37.598083497, -1.554735005 ], [ 37.597352982, -1.551106572 ], [ 37.590606689, -1.557463169 ], [ 37.582219442, -1.560823281 ], [ 37.578712463, -1.565047264 ], [ 37.574029287, -1.565074603 ], [ 37.573432923, -1.563410461 ], [ 37.576122284, -1.559454679 ], [ 37.575288773, -1.557742774 ], [ 37.567867279, -1.557667732 ], [ 37.562501907, -1.560017317 ], [ 37.560288429, -1.557964444 ], [ 37.556899071, -1.557712078 ], [ 37.556568146, -1.554646373 ], [ 37.562541962, -1.553405106 ], [ 37.563296318, -1.551819354 ], [ 37.551042557, -1.548276186 ], [ 37.550035477, -1.544961571 ], [ 37.554992676, -1.541892469 ], [ 37.550777435, -1.537097811 ], [ 37.545349122, -1.536961317 ], [ 37.544062615, -1.540763676 ], [ 37.535295487, -1.540132761 ], [ 37.525639534, -1.536705583 ], [ 37.521947861, -1.538161695 ], [ 37.520208359, -1.536313414 ], [ 37.521075249, -1.53272599 ], [ 37.517827988, -1.531798422 ], [ 37.517972947, -1.528183639 ], [ 37.515964509, -1.52605468 ], [ 37.512386322, -1.524684787 ], [ 37.508327485, -1.527562975 ], [ 37.505325317, -1.527522087 ], [ 37.500333786, -1.523984889 ], [ 37.498098373, -1.524278164 ], [ 37.48633957, -1.515175044 ], [ 37.48214817, -1.517377049 ], [ 37.476264954, -1.516340136 ], [ 37.474328041, -1.520701438 ], [ 37.471632639, -1.518066248 ], [ 37.46607399, -1.517233372 ], [ 37.459328652, -1.518841177 ], [ 37.458786011, -1.520735264 ], [ 37.455670357, -1.521093309 ], [ 37.451461792, -1.524426699 ], [ 37.44863383, -1.528927922 ], [ 37.441654205, -1.530854583 ], [ 37.438680649, -1.528011471 ], [ 37.437737465, -1.530790686 ], [ 37.435571671, -1.531741261 ], [ 37.432643891, -1.530283421 ], [ 37.431062699, -1.531511008 ], [ 37.421455383, -1.530036211 ], [ 37.39884758, -1.520198226 ], [ 37.393619538, -1.521180749 ], [ 37.382433891, -1.518322081 ], [ 37.379226685, -1.519179265 ], [ 37.371089935, -1.528763175 ], [ 37.364743233, -1.532516032 ], [ 37.364171982, -1.535604954 ], [ 37.360782623, -1.532870024 ], [ 37.358403524, -1.541039626 ], [ 37.355270386, -1.541357815 ], [ 37.353753408, -1.547121644 ], [ 37.340282322, -1.554563544 ], [ 37.335080465, -1.559878747 ], [ 37.341022492, -1.568148732 ], [ 37.34236145, -1.572222441 ], [ 37.36395518, -1.589805802 ], [ 37.366487503, -1.598422289 ], [ 37.370685578, -1.60300076 ], [ 37.37711792, -1.623426199 ], [ 37.383096695, -1.631344378 ], [ 37.382051468, -1.635067701 ], [ 37.385921478, -1.641694903 ], [ 37.386124611, -1.645955622 ], [ 37.388872783, -1.645974437 ], [ 37.393705368, -1.653541833 ], [ 37.395263672, -1.65937836 ], [ 37.400498708, -1.66228505 ], [ 37.401826223, -1.671180646 ], [ 37.405415535, -1.674578398 ], [ 37.404930115, -1.67773656 ], [ 37.406769753, -1.67934978 ], [ 37.408063889, -1.684284568 ], [ 37.412946429, -1.688137727 ], [ 37.409564019, -1.688744247 ], [ 37.407857895, -1.69073242 ], [ 37.405098915, -1.690419585 ], [ 37.401972453, -1.693701942 ], [ 37.398895264, -1.693100254 ], [ 37.395413971, -1.695535088 ], [ 37.392482758, -1.695427417 ], [ 37.390816688, -1.697814554 ], [ 37.387593587, -1.698134462 ], [ 37.384735425, -1.701558779 ], [ 37.38030688, -1.701935212 ], [ 37.373494148, -1.704903483 ], [ 37.364177704, -1.703831673 ], [ 37.357208252, -1.706719816 ], [ 37.354601542, -1.704797824 ], [ 37.345977783, -1.704008579 ], [ 37.344078064, -1.700841268 ], [ 37.342333476, -1.700436274 ], [ 37.334693909, -1.701530933 ], [ 37.331315358, -1.698253154 ], [ 37.329553604, -1.69977802 ], [ 37.313108444, -1.700900614 ], [ 37.288078308, -1.711509347 ], [ 37.289283752, -1.698398232 ], [ 37.278873444, -1.687466383 ], [ 37.264961243, -1.680267334 ], [ 37.272079468, -1.668095231 ], [ 37.258407593, -1.645569126 ], [ 37.256217956, -1.644153356 ], [ 37.252311707, -1.635517597 ], [ 37.25145742, -1.591916233 ], [ 37.245049794, -1.592042247 ], [ 37.231904792, -1.5889251 ], [ 37.229083911, -1.591957337 ], [ 37.175080448, -1.61689643 ], [ 37.192005158, -1.652705729 ], [ 37.196642039, -1.719944792 ], [ 37.194018885, -1.721201583 ], [ 37.176446915, -1.753593683 ], [ 37.1656545, -1.760949055 ], [ 37.157095909, -1.776504278 ], [ 37.159374237, -1.776911795 ], [ 37.160401663, -1.779193878 ], [ 37.151144028, -1.794352233 ], [ 37.152368546, -1.801123202 ], [ 37.141288757, -1.811560631 ], [ 37.145683289, -1.818833629 ], [ 37.143068949, -1.822151939 ], [ 37.143486023, -1.827402751 ], [ 37.148731232, -1.830855727 ], [ 37.148178101, -1.832936049 ], [ 37.142223358, -1.836134672 ], [ 37.141906738, -1.838506013 ], [ 37.143283844, -1.839710235 ], [ 37.146997452, -1.839411139 ], [ 37.154445648, -1.843766928 ], [ 37.156927109, -1.85041219 ], [ 37.162348747, -1.856790523 ], [ 37.162070751, -1.866755277 ], [ 37.16368866, -1.870764792 ], [ 37.160500209, -1.874048173 ], [ 37.160482407, -1.882252544 ], [ 37.158395131, -1.884665449 ], [ 37.154511769, -1.883460323 ], [ 37.153015137, -1.885814707 ], [ 37.158905029, -1.891701897 ], [ 37.157556534, -1.896120369 ], [ 37.169632594, -1.911490401 ], [ 37.170146942, -1.915857195 ], [ 37.183089574, -1.922904164 ], [ 37.182212194, -1.928073883 ], [ 37.186635971, -1.933027019 ], [ 37.192472458, -1.934450209 ], [ 37.200441361, -1.931875884 ], [ 37.206512133, -1.933579355 ], [ 37.211349487, -1.931388259 ], [ 37.214412689, -1.93253243 ], [ 37.223449707, -1.932090402 ], [ 37.236072541, -1.935212672 ], [ 37.244037628, -1.941828966 ], [ 37.247308731, -1.949339509 ], [ 37.253562927, -1.952555656 ], [ 37.255407334, -1.956664383 ], [ 37.259307861, -1.958497763 ], [ 37.264540354, -1.957405527 ], [ 37.26581192, -1.958351016 ], [ 37.26789856, -1.964399636 ], [ 37.275611877, -1.974789381 ], [ 37.280826569, -1.994123518 ], [ 37.284534454, -1.994838595 ], [ 37.299295426, -2.003399491 ], [ 37.302856446, -2.001617193 ], [ 37.307888031, -2.001803398 ], [ 37.313786507, -2.006936073 ], [ 37.359172821, -2.011379003 ], [ 37.364528656, -2.013764381 ], [ 37.364629746, -2.021907568 ], [ 37.382114411, -2.022515058 ], [ 37.451759338, -2.072750807 ], [ 37.465076447, -2.078796864 ], [ 37.462516516, -2.085195213 ], [ 37.475868225, -2.090808153 ], [ 37.478622437, -2.083870649 ], [ 37.533622742, -2.105777502 ], [ 37.53704834, -2.110957265 ], [ 37.541687012, -2.112612009 ], [ 37.543840408, -2.115236819 ], [ 37.543056488, -2.121787548 ], [ 37.544288635, -2.124387622 ], [ 37.550457001, -2.127093315 ], [ 37.564767838, -2.126929045 ], [ 37.57334137, -2.137795806 ], [ 37.592540741, -2.152803898 ], [ 37.621459961, -2.160982847 ], [ 37.664873123, -2.155410051 ], [ 37.692394257, -2.1647017 ], [ 37.699077606, -2.16432786 ], [ 37.705936432, -2.172823012 ], [ 37.708152771, -2.182129145 ], [ 37.724005381, -2.188741366 ], [ 37.723962784, -2.19135503 ], [ 37.715511322, -2.190354824 ], [ 37.706096649, -2.194535971 ], [ 37.694876353, -2.20967261 ], [ 37.687885285, -2.215768655 ], [ 37.683759689, -2.223774711 ], [ 37.679301182, -2.227353757 ], [ 37.674924215, -2.228000879 ], [ 37.675673962, -2.239183247 ], [ 37.678683281, -2.24307847 ], [ 37.678339005, -2.253334641 ], [ 37.676152547, -2.260002454 ], [ 37.678492228, -2.264410178 ], [ 37.673261642, -2.267772079 ], [ 37.67210865, -2.279353023 ], [ 37.667378108, -2.280761202 ], [ 37.667966207, -2.283763687 ], [ 37.67013073, -2.285352767 ], [ 37.67004776, -2.287718852 ], [ 37.664344025, -2.289923573 ], [ 37.66021347, -2.288893779 ], [ 37.658381871, -2.286840745 ], [ 37.655278778, -2.287476778 ], [ 37.648129781, -2.291729689 ], [ 37.64591217, -2.299156268 ], [ 37.642786662, -2.297219038 ], [ 37.636497498, -2.297497153 ], [ 37.632099152, -2.294010718 ], [ 37.631128947, -2.30116876 ], [ 37.62612915, -2.301139593 ], [ 37.622362137, -2.30416429 ], [ 37.617712021, -2.297349811 ], [ 37.612182617, -2.297707438 ], [ 37.610279083, -2.301829159 ], [ 37.607194901, -2.30286026 ], [ 37.607826233, -2.306917191 ], [ 37.604276657, -2.311174154 ], [ 37.60149765, -2.309217453 ], [ 37.600007375, -2.310963889 ], [ 37.598557472, -2.309552431 ], [ 37.596352577, -2.311685145 ], [ 37.849739075, -2.603888273 ], [ 37.860466003, -2.622300625 ], [ 37.868984222, -2.64292717 ], [ 37.878936768, -2.660920382 ], [ 37.892337799, -2.674407244 ], [ 37.901103973, -2.701521397 ], [ 37.90719986, -2.703689575 ], [ 37.920976639, -2.704385757 ], [ 37.924411774, -2.708747625 ], [ 37.930118561, -2.722549677 ], [ 37.928970337, -2.738325993 ], [ 37.926270803, -2.740561088 ], [ 37.926251412, -2.749073744 ], [ 37.929821014, -2.762942076 ], [ 37.937362439, -2.770810602 ], [ 37.974414823, -2.787388935 ], [ 38.100130814, -2.720448761 ], [ 38.102229563, -2.718006895 ], [ 38.114959198, -2.71268853 ], [ 38.116457071, -2.711522642 ], [ 38.118218464, -2.705190688 ], [ 38.12314633, -2.703759552 ], [ 38.128246941, -2.698381046 ], [ 38.153258193, -2.698034502 ], [ 38.157526158, -2.693366638 ], [ 38.157107544, -2.688717798 ], [ 38.161137711, -2.679587404 ], [ 38.162502303, -2.693029635 ], [ 38.167115206, -2.693378112 ], [ 38.184032604, -2.702638366 ], [ 38.246849064, -2.747695443 ], [ 38.258339513, -2.758089559 ], [ 38.278846267, -2.782269445 ], [ 38.301063523, -2.814720631 ], [ 38.318729392, -2.832720755 ], [ 38.338083278, -2.864646668 ], [ 38.361467348, -2.897640566 ], [ 38.391880036, -2.925480251 ], [ 38.398059369, -2.927084424 ], [ 38.405097956, -2.925670512 ], [ 38.408938053, -2.927321242 ], [ 38.420417777, -2.944193179 ], [ 38.431370738, -2.95708221 ], [ 38.448196888, -2.972017347 ], [ 38.458236933, -2.991148408 ], [ 38.459995371, -2.991851286 ], [ 38.463750889, -2.987835574 ], [ 38.466857896, -2.988108661 ], [ 38.468442924, -2.984917375 ], [ 38.476806634, -2.985564707 ], [ 38.48907835, -2.977806757 ], [ 38.49296613, -2.98396487 ], [ 38.508382793, -2.982444539 ], [ 38.513580206, -2.983435942 ], [ 38.514423053, -2.978879297 ], [ 38.519542932, -2.974786629 ] ] ] } },
{ "type": "Feature", "properties": { "shapeName": "Nyandarua", "shapeISO": "", "shapeID": "84041B28549084367121", "shapeGroup": "KEN", "shapeType": "ADM1" }, "geometry": { "type": "Polygon", "coordinates": [ [ [ 36.707622528, -0.625236094 ], [ 36.700691223, -0.619421482 ], [ 36.689785004, -0.602298915 ], [ 36.68429184, -0.596157163 ], [ 36.67972374, -0.585986554 ], [ 36.680610657, -0.576806962 ], [ 36.672794342, -0.573681056 ], [ 36.670322418, -0.571057022 ], [ 36.668876648, -0.556470931 ], [ 36.669971466, -0.547625005 ], [ 36.668273926, -0.539873898 ], [ 36.663883209, -0.5326702 ], [ 36.664363861, -0.526035726 ], [ 36.658889771, -0.515416145 ], [ 36.657996368, -0.508858943 ], [ 36.658409119, -0.504128933 ], [ 36.661972046, -0.500229001 ], [ 36.660491943, -0.493235111 ], [ 36.661325455, -0.488349601 ], [ 36.667438507, -0.477054238 ], [ 36.667057037, -0.471521854 ], [ 36.66394043, -0.463207438 ], [ 36.65970993, -0.459185362 ], [ 36.651699067, -0.457579761 ], [ 36.650363922, -0.432032347 ], [ 36.634082794, -0.410062015 ], [ 36.623497009, -0.399982929 ], [ 36.623289109, -0.398234188 ], [ 36.631910324, -0.387435198 ], [ 36.631254197, -0.385118723 ], [ 36.61637497, -0.376343325 ], [ 36.607042313, -0.374165401 ], [ 36.604103088, -0.370349914 ], [ 36.60502243, -0.364372462 ], [ 36.61675644, -0.353530377 ], [ 36.611064911, -0.343276411 ], [ 36.60918808, -0.331146598 ], [ 36.610403061, -0.324721977 ], [ 36.615039825, -0.315932691 ], [ 36.615707397, -0.306855202 ], [ 36.68416214, -0.182504535 ], [ 36.682508469, -0.172473259 ], [ 36.690299988, -0.171789601 ], [ 36.659701538, -0.149813464 ], [ 36.656337738, -0.150761664 ], [ 36.635044098, -0.104246914 ], [ 36.592414856, -0.099924162 ], [ 36.572540283, -0.101256669 ], [ 36.565879822, -0.094289601 ], [ 36.561843872, -0.086484976 ], [ 36.555103302, -0.087874569 ], [ 36.560585022, -0.073902227 ], [ 36.551315308, -0.067144729 ], [ 36.555692673, -0.056827009 ], [ 36.555663109, -0.05253208 ], [ 36.560851288, -0.046247915 ], [ 36.561213902, -0.040947486 ], [ 36.565774917, -0.039578852 ], [ 36.576664395, -0.030280146 ], [ 36.582285563, -0.019136371 ], [ 36.586156028, -0.017662799 ], [ 36.650539398, -0.013711101 ], [ 36.637138367, 0.016927186 ], [ 36.60853831, 0.005860186 ], [ 36.603370667, 0.005459962 ], [ 36.593597412, 0.025815647 ], [ 36.591270447, 0.045103587 ], [ 36.577232361, 0.070330001 ], [ 36.523490906, 0.050442901 ], [ 36.511505127, 0.089085028 ], [ 36.490594228, 0.110786212 ], [ 36.465232849, 0.140240267 ], [ 36.445915222, 0.095205151 ], [ 36.443096161, 0.097215772 ], [ 36.44346466, 0.092849535 ], [ 36.423049927, 0.085223332 ], [ 36.401423454, 0.057871414 ], [ 36.426352967, 0.046482963 ], [ 36.424739838, 0.044701073 ], [ 36.418839455, 0.041272304 ], [ 36.406880951, 0.041767192 ], [ 36.403465271, 0.040144429 ], [ 36.400352478, 0.038243803 ], [ 36.40177536, 0.031126272 ], [ 36.399629593, 0.030412429 ], [ 36.394525528, 0.032601554 ], [ 36.390544891, 0.03637296 ], [ 36.389664014, 0.029698636 ], [ 36.352829934, 0.018258311 ], [ 36.347537995, 0.033832897 ], [ 36.32793045, 0.0269979 ], [ 36.32907486, 0.021859087 ], [ 36.304496765, 0.018090211 ], [ 36.300903321, 0.005401585 ], [ 36.295255661, 0.004567648 ], [ 36.292556763, 0.013622148 ], [ 36.279316902, 0.004210023 ], [ 36.273769378, 0.002858211 ], [ 36.26733017, -0.018055478 ], [ 36.256988912, -0.019521451 ], [ 36.252592525, -0.03146039 ], [ 36.255119324, -0.0328147 ], [ 36.252552252, -0.044960649 ], [ 36.24823568, -0.049388189 ], [ 36.246594173, -0.057858452 ], [ 36.250656426, -0.057753016 ], [ 36.25147795, -0.082028047 ], [ 36.246668969, -0.115739139 ], [ 36.227689446, -0.112423547 ], [ 36.228489989, -0.10452364 ], [ 36.220678017, -0.103166924 ], [ 36.219369982, -0.110931201 ], [ 36.200781194, -0.134152449 ], [ 36.211492652, -0.185699751 ], [ 36.212108518, -0.201723892 ], [ 36.218875797, -0.209347866 ], [ 36.224621963, -0.209298153 ], [ 36.237280853, -0.227848829 ], [ 36.246086121, -0.252614349 ], [ 36.21282196, -0.267533541 ], [ 36.21391033, -0.292240676 ], [ 36.225018891, -0.344093947 ], [ 36.228725916, -0.351000378 ], [ 36.231965383, -0.341465369 ], [ 36.24598821, -0.344703396 ], [ 36.249855883, -0.343144398 ], [ 36.252399065, -0.340256585 ], [ 36.262999388, -0.340826929 ], [ 36.275787298, -0.390434047 ], [ 36.292972274, -0.371339704 ], [ 36.311146498, -0.366731915 ], [ 36.313869476, -0.383837909 ], [ 36.334308773, -0.386733958 ], [ 36.360208512, -0.376056835 ], [ 36.364996494, -0.393449214 ], [ 36.37795394, -0.402195747 ], [ 36.38052651, -0.409241976 ], [ 36.379902033, -0.421450307 ], [ 36.381228638, -0.423952818 ], [ 36.386086782, -0.425380965 ], [ 36.387158481, -0.437656714 ], [ 36.38910221, -0.441050876 ], [ 36.388576161, -0.452552338 ], [ 36.386450581, -0.456541645 ], [ 36.386992296, -0.460732748 ], [ 36.390822411, -0.463373802 ], [ 36.392545826, -0.469557064 ], [ 36.395051956, -0.47188279 ], [ 36.39322688, -0.475006795 ], [ 36.398067885, -0.487388028 ], [ 36.397250294, -0.499708686 ], [ 36.402748108, -0.50388068 ], [ 36.403223908, -0.508987242 ], [ 36.400651449, -0.514076987 ], [ 36.404699909, -0.519031573 ], [ 36.40544167, -0.522040473 ], [ 36.40139075, -0.526797582 ], [ 36.400549349, -0.533327299 ], [ 36.403996391, -0.537937815 ], [ 36.402880676, -0.544444471 ], [ 36.406049034, -0.550792029 ], [ 36.403880259, -0.55524428 ], [ 36.404499475, -0.562784364 ], [ 36.40326945, -0.570686479 ], [ 36.407001168, -0.572877984 ], [ 36.431198599, -0.569823627 ], [ 36.443275452, -0.567999005 ], [ 36.451461165, -0.563619703 ], [ 36.456249995, -0.610164799 ], [ 36.468010448, -0.624542071 ], [ 36.506099701, -0.620890975 ], [ 36.51208744, -0.608924693 ], [ 36.512393188, -0.61849947 ], [ 36.515650219, -0.622609923 ], [ 36.519885402, -0.623727566 ], [ 36.516152578, -0.627403091 ], [ 36.516577046, -0.630322563 ], [ 36.52389546, -0.635093339 ], [ 36.526204914, -0.64254366 ], [ 36.526174545, -0.64724802 ], [ 36.52123322, -0.65090797 ], [ 36.544159737, -0.694603162 ], [ 36.521008385, -0.70839815 ], [ 36.531146142, -0.729397466 ], [ 36.557163796, -0.829261886 ], [ 36.561509313, -0.839815743 ], [ 36.552588858, -0.852561092 ], [ 36.554527283, -0.870524376 ], [ 36.544269097, -0.905892815 ], [ 36.554402218, -0.918584418 ], [ 36.571683884, -0.908139959 ], [ 36.563155174, -0.904274129 ], [ 36.565740586, -0.900914073 ], [ 36.580192566, -0.890371233 ], [ 36.589482307, -0.886584252 ], [ 36.601127625, -0.862022281 ], [ 36.591459275, -0.84696269 ], [ 36.588762283, -0.825874447 ], [ 36.622287751, -0.829287827 ], [ 36.621969223, -0.825711071 ], [ 36.673871994, -0.77636747 ], [ 36.65986824, -0.770844072 ], [ 36.654975891, -0.770866394 ], [ 36.650348664, -0.772730588 ], [ 36.6445961, -0.770971179 ], [ 36.653701782, -0.762641132 ], [ 36.657882691, -0.765872031 ], [ 36.66217041, -0.76597929 ], [ 36.666103363, -0.760776579 ], [ 36.671821594, -0.756628156 ], [ 36.686836243, -0.761919647 ], [ 36.70125707, -0.779530645 ], [ 36.705003739, -0.782211333 ], [ 36.706718445, -0.781344414 ], [ 36.710250855, -0.787701636 ], [ 36.711939494, -0.788441082 ], [ 36.711483002, -0.790889472 ], [ 36.713827769, -0.791616599 ], [ 36.719161987, -0.799176186 ], [ 36.718608856, -0.801079616 ], [ 36.722161702, -0.804484516 ], [ 36.722248077, -0.796818495 ], [ 36.724086761, -0.790194929 ], [ 36.720449448, -0.784260183 ], [ 36.71938324, -0.777334451 ], [ 36.723823548, -0.781632572 ], [ 36.728099823, -0.777986308 ], [ 36.736682892, -0.777830482 ], [ 36.725275994, -0.766847178 ], [ 36.719833374, -0.757037997 ], [ 36.717376709, -0.747775972 ], [ 36.715919495, -0.730789363 ], [ 36.713294983, -0.724165976 ], [ 36.713205338, -0.712403237 ], [ 36.706728744, -0.695607275 ], [ 36.708694458, -0.684965193 ], [ 36.70785141, -0.674791813 ], [ 36.709416198, -0.66333437 ], [ 36.70583725, -0.644525111 ], [ 36.708126068, -0.631592631 ], [ 36.707622528, -0.625236094 ] ] ] } },
{ "type": "Feature", "properties": { "shapeName": "Nyeri", "shapeISO": "", "shapeID": "84041B95669428538400", "shapeGroup": "KEN", "shapeType": "ADM1" }, "geometry": { "type": "Polygon", "coordinates": [ [ [ 37.12063437, -0.018374703 ], [ 37.112651825, -0.035453316 ], [ 37.111782074, -0.03312144 ], [ 37.105583191, -0.027743877 ], [ 37.100635529, -0.026006874 ], [ 37.099681854, -0.022104565 ], [ 37.092758179, -0.014918562 ], [ 37.088269552, -0.013927146 ], [ 37.079421997, -0.00265247 ], [ 37.077541352, 0.000952438 ], [ 37.078910828, 0.004563266 ], [ 37.07734108, 0.008304966 ], [ 37.078596622, 0.015436302 ], [ 37.071365356, 0.005711374 ], [ 37.068889618, -0.000827187 ], [ 37.061203003, 0.001615186 ], [ 37.05222702, -0.006663503 ], [ 37.051273346, -0.01263594 ], [ 37.027030945, -0.042913813 ], [ 37.025302887, -0.046947751 ], [ 36.997585297, -0.062507217 ], [ 36.990280152, -0.063641187 ], [ 36.986339569, -0.066745624 ], [ 36.980224609, -0.066745624 ], [ 36.978029251, -0.068623159 ], [ 36.978179932, -0.075817317 ], [ 36.982120514, -0.093179941 ], [ 36.98570633, -0.132719874 ], [ 36.995782852, -0.142646685 ], [ 37.007885933, -0.147021949 ], [ 37.007617951, -0.151489406 ], [ 37.014827728, -0.16029337 ], [ 37.016738892, -0.169758812 ], [ 37.019378662, -0.173661127 ], [ 37.008216858, -0.219665244 ], [ 37.013267517, -0.228976876 ], [ 37.010202135, -0.240071124 ], [ 37.006813049, -0.240540403 ], [ 36.997946421, -0.250893692 ], [ 36.98859024, -0.25433439 ], [ 36.998298645, -0.269039452 ], [ 36.987442017, -0.29313147 ], [ 36.958028794, -0.279971763 ], [ 36.879489899, -0.256104678 ], [ 36.87286377, -0.250394017 ], [ 36.871468882, -0.245027597 ], [ 36.856571198, -0.252555937 ], [ 36.841175079, -0.211606815 ], [ 36.844833374, -0.2100005 ], [ 36.839671665, -0.19538913 ], [ 36.842205456, -0.195656085 ], [ 36.845942179, -0.193375021 ], [ 36.850734075, -0.195178678 ], [ 36.853170077, -0.194307778 ], [ 36.852642059, -0.193361949 ], [ 36.85497284, -0.192839999 ], [ 36.854512596, -0.190358936 ], [ 36.859796143, -0.186074862 ], [ 36.865862846, -0.184464438 ], [ 36.865921021, -0.178346356 ], [ 36.869088173, -0.178956086 ], [ 36.871606445, -0.174019536 ], [ 36.870173772, -0.169752964 ], [ 36.86542956, -0.165465123 ], [ 36.862947941, -0.154930089 ], [ 36.858768463, -0.150511414 ], [ 36.859268188, -0.146356871 ], [ 36.861789704, -0.143544376 ], [ 36.860737324, -0.140872815 ], [ 36.848433177, -0.134925957 ], [ 36.831542969, -0.132294253 ], [ 36.830997467, -0.101644568 ], [ 36.791607857, -0.105190046 ], [ 36.76839447, -0.111768186 ], [ 36.765357971, -0.106752753 ], [ 36.752201081, -0.118043657 ], [ 36.716819763, -0.126390055 ], [ 36.711452484, -0.1330145 ], [ 36.659701538, -0.149813464 ], [ 36.690299988, -0.171789601 ], [ 36.682508469, -0.172473259 ], [ 36.68416214, -0.182504535 ], [ 36.615707397, -0.306855202 ], [ 36.615039825, -0.315932691 ], [ 36.610403061, -0.324721977 ], [ 36.60918808, -0.331146598 ], [ 36.611064911, -0.343276411 ], [ 36.61675644, -0.353530377 ], [ 36.60502243, -0.364372462 ], [ 36.604103088, -0.370349914 ], [ 36.607042313, -0.374165401 ], [ 36.61637497, -0.376343325 ], [ 36.631254197, -0.385118723 ], [ 36.631910324, -0.387435198 ], [ 36.623289109, -0.398234188 ], [ 36.623497009, -0.399982929 ], [ 36.634082794, -0.410062015 ], [ 36.650363922, -0.432032347 ], [ 36.651699067, -0.457579761 ], [ 36.65970993, -0.459185362 ], [ 36.66394043, -0.463207438 ], [ 36.667057037, -0.471521854 ], [ 36.667438507, -0.477054238 ], [ 36.661325455, -0.488349601 ], [ 36.660491943, -0.493235111 ], [ 36.661972046, -0.500229001 ], [ 36.658409119, -0.504128933 ], [ 36.657996368, -0.508858943 ], [ 36.658889771, -0.515416145 ], [ 36.664363861, -0.526035726 ], [ 36.663883209, -0.5326702 ], [ 36.668273926, -0.539873898 ], [ 36.669971466, -0.547625005 ], [ 36.668876648, -0.556470931 ], [ 36.670322418, -0.571057022 ], [ 36.672794342, -0.573681056 ], [ 36.680610657, -0.576806962 ], [ 36.67972374, -0.585986554 ], [ 36.68429184, -0.596157163 ], [ 36.689785004, -0.602298915 ], [ 36.700691223, -0.619421482 ], [ 36.707622528, -0.625236094 ], [ 36.710361481, -0.617618084 ], [ 36.709457397, -0.609264076 ], [ 36.71185875, -0.605599582 ], [ 36.709098816, -0.599030852 ], [ 36.710201264, -0.593085706 ], [ 36.708106995, -0.584970891 ], [ 36.713352203, -0.580956161 ], [ 36.717025757, -0.575540602 ], [ 36.722133636, -0.573183 ], [ 36.724319458, -0.568877995 ], [ 36.73506546, -0.564384878 ], [ 36.75, -0.569039106 ], [ 36.758361817, -0.56635791 ], [ 36.762666702, -0.567150741 ], [ 36.778251648, -0.564799786 ], [ 36.792381287, -0.568609715 ], [ 36.801322937, -0.566649735 ], [ 36.808982849, -0.569227457 ], [ 36.811128616, -0.579251945 ], [ 36.822673798, -0.581779003 ], [ 36.838207245, -0.592657983 ], [ 36.846641541, -0.592580914 ], [ 36.860954285, -0.604776144 ], [ 36.863092041, -0.605204678 ], [ 36.867609024, -0.60308516 ], [ 36.872691473, -0.604878768 ], [ 36.876520157, -0.604618132 ], [ 36.882497406, -0.606568515 ], [ 36.884531975, -0.609324845 ], [ 36.894800822, -0.606770436 ], [ 36.913780848, -0.60813721 ], [ 36.920370483, -0.602177143 ], [ 36.924142838, -0.603212103 ], [ 36.937981923, -0.595933457 ], [ 36.949526215, -0.593089688 ], [ 36.957199097, -0.586772879 ], [ 36.967256546, -0.585278094 ], [ 36.970280784, -0.5818574 ], [ 36.977502441, -0.577534249 ], [ 36.982055664, -0.577665985 ], [ 36.984848023, -0.574711576 ], [ 36.98753357, -0.574202135 ], [ 36.994400183, -0.576407122 ], [ 36.996969223, -0.583831876 ], [ 37.015570164, -0.583732769 ], [ 37.025850296, -0.589889377 ], [ 37.033898354, -0.589683429 ], [ 37.048943838, -0.594019314 ], [ 37.056208801, -0.601754284 ], [ 37.059392929, -0.609764367 ], [ 37.063675881, -0.611368939 ], [ 37.067358399, -0.60960021 ], [ 37.075817585, -0.615012601 ], [ 37.078202248, -0.614631273 ], [ 37.079445839, -0.61857301 ], [ 37.082582156, -0.618739476 ], [ 37.085521062, -0.62292999 ], [ 37.088197708, -0.622145653 ], [ 37.095207214, -0.624314537 ], [ 37.096776581, -0.626482928 ], [ 37.099654198, -0.626255683 ], [ 37.102375793, -0.629457402 ], [ 37.100941181, -0.631775617 ], [ 37.101671491, -0.636536734 ], [ 37.109577179, -0.640150348 ], [ 37.114733378, -0.640868922 ], [ 37.119339752, -0.644288313 ], [ 37.127833176, -0.643694641 ], [ 37.139035797, -0.636876082 ], [ 37.145115376, -0.636707626 ], [ 37.152836609, -0.639909363 ], [ 37.154750824, -0.635288149 ], [ 37.159673309, -0.636149919 ], [ 37.167056492, -0.633986746 ], [ 37.169181015, -0.634958601 ], [ 37.170482635, -0.630735516 ], [ 37.17307451, -0.631499807 ], [ 37.174995967, -0.630401935 ], [ 37.171558804, -0.626792384 ], [ 37.173166275, -0.620521635 ], [ 37.176469803, -0.618611045 ], [ 37.174175263, -0.617255926 ], [ 37.174193573, -0.615551043 ], [ 37.178756714, -0.613553723 ], [ 37.17979145, -0.609353721 ], [ 37.17825826, -0.599635005 ], [ 37.170250575, -0.596910268 ], [ 37.16784668, -0.590133031 ], [ 37.166007451, -0.592453088 ], [ 37.160243988, -0.591277167 ], [ 37.149920464, -0.579639062 ], [ 37.150455475, -0.575516439 ], [ 37.149056753, -0.571275691 ], [ 37.145813942, -0.570417091 ], [ 37.144193649, -0.568161537 ], [ 37.145036524, -0.560742338 ], [ 37.148154365, -0.562785367 ], [ 37.149787903, -0.55236228 ], [ 37.146457127, -0.543437345 ], [ 37.148008982, -0.537844241 ], [ 37.14532725, -0.526316057 ], [ 37.149761677, -0.520956069 ], [ 37.152433804, -0.523214326 ], [ 37.154537519, -0.523039358 ], [ 37.15571714, -0.518600205 ], [ 37.159693146, -0.521632981 ], [ 37.163484192, -0.521831131 ], [ 37.164691653, -0.51850949 ], [ 37.16236496, -0.519158372 ], [ 37.162136078, -0.517696917 ], [ 37.169528961, -0.512594104 ], [ 37.170713806, -0.50811128 ], [ 37.168810526, -0.502280255 ], [ 37.163811366, -0.498227348 ], [ 37.165722211, -0.495612107 ], [ 37.164039612, -0.493529335 ], [ 37.162048885, -0.494080064 ], [ 37.161668505, -0.491948481 ], [ 37.166969776, -0.485562027 ], [ 37.176847186, -0.481158882 ], [ 37.175528208, -0.441483945 ], [ 37.176973979, -0.439641813 ], [ 37.182196617, -0.43778303 ], [ 37.187572479, -0.440982719 ], [ 37.199165662, -0.438643872 ], [ 37.19929409, -0.429153181 ], [ 37.202716828, -0.426887776 ], [ 37.204986572, -0.421612442 ], [ 37.307811737, -0.149574071 ], [ 37.137329102, -0.037650127 ], [ 37.131762187, -0.032475022 ], [ 37.132481893, -0.02759348 ], [ 37.125169118, -0.023488648 ], [ 37.12063437, -0.018374703 ] ] ] } },
{ "type": "Feature", "properties": { "shapeName": "Kirinyaga", "shapeISO": "", "shapeID": "84041B65963379650483", "shapeGroup": "KEN", "shapeType": "ADM1" }, "geometry": { "type": "Polygon", "coordinates": [ [ [ 37.307811737, -0.149574071 ], [ 37.204986572, -0.421612442 ], [ 37.202716828, -0.426887776 ], [ 37.19929409, -0.429153181 ], [ 37.199165662, -0.438643872 ], [ 37.187572479, -0.440982719 ], [ 37.182196617, -0.43778303 ], [ 37.176973979, -0.439641813 ], [ 37.175528208, -0.441483945 ], [ 37.176847186, -0.481158882 ], [ 37.166969776, -0.485562027 ], [ 37.161668505, -0.491948481 ], [ 37.162048885, -0.494080064 ], [ 37.164039612, -0.493529335 ], [ 37.165722211, -0.495612107 ], [ 37.163811366, -0.498227348 ], [ 37.168810526, -0.502280255 ], [ 37.170713806, -0.50811128 ], [ 37.169528961, -0.512594104 ], [ 37.162136078, -0.517696917 ], [ 37.16236496, -0.519158372 ], [ 37.164691653, -0.51850949 ], [ 37.163484192, -0.521831131 ], [ 37.159693146, -0.521632981 ], [ 37.15571714, -0.518600205 ], [ 37.154537519, -0.523039358 ], [ 37.152433804, -0.523214326 ], [ 37.149761677, -0.520956069 ], [ 37.14532725, -0.526316057 ], [ 37.148008982, -0.537844241 ], [ 37.146457127, -0.543437345 ], [ 37.149787903, -0.55236228 ], [ 37.148154365, -0.562785367 ], [ 37.145036524, -0.560742338 ], [ 37.144193649, -0.568161537 ], [ 37.145813942, -0.570417091 ], [ 37.149056753, -0.571275691 ], [ 37.150455475, -0.575516439 ], [ 37.149920464, -0.579639062 ], [ 37.160243988, -0.591277167 ], [ 37.166007451, -0.592453088 ], [ 37.16784668, -0.590133031 ], [ 37.170250575, -0.596910268 ], [ 37.17825826, -0.599635005 ], [ 37.17979145, -0.609353721 ], [ 37.178756714, -0.613553723 ], [ 37.174193573, -0.615551043 ], [ 37.174175263, -0.617255926 ], [ 37.176469803, -0.618611045 ], [ 37.173166275, -0.620521635 ], [ 37.171558804, -0.626792384 ], [ 37.174995967, -0.630401935 ], [ 37.17307451, -0.631499807 ], [ 37.170482635, -0.630735516 ], [ 37.169181015, -0.634958601 ], [ 37.168615977, -0.637642602 ], [ 37.172186216, -0.640701031 ], [ 37.169017029, -0.647655737 ], [ 37.174495697, -0.649353822 ], [ 37.177047729, -0.653349519 ], [ 37.17671903, -0.655563334 ], [ 37.179369927, -0.657793864 ], [ 37.180493164, -0.664407218 ], [ 37.178567887, -0.665733129 ], [ 37.182520867, -0.665685996 ], [ 37.183130709, -0.663659039 ], [ 37.185287221, -0.665879728 ], [ 37.188191223, -0.663903141 ], [ 37.190264702, -0.665224125 ], [ 37.197268963, -0.662195146 ], [ 37.200771332, -0.662661026 ], [ 37.202241898, -0.664601296 ], [ 37.20414861, -0.675356765 ], [ 37.210427094, -0.680769956 ], [ 37.213400523, -0.688488563 ], [ 37.214310328, -0.688826521 ], [ 37.225748062, -0.671685636 ], [ 37.228541056, -0.671231985 ], [ 37.232727687, -0.66668874 ], [ 37.237548034, -0.666351875 ], [ 37.236315918, -0.667579663 ], [ 37.237262726, -0.67150414 ], [ 37.236327489, -0.675768966 ], [ 37.238908768, -0.679476976 ], [ 37.240943909, -0.687844416 ], [ 37.244164467, -0.690861978 ], [ 37.241681099, -0.693327814 ], [ 37.244470596, -0.697303444 ], [ 37.242177582, -0.700220263 ], [ 37.243597984, -0.705491185 ], [ 37.245677948, -0.706998318 ], [ 37.24887085, -0.706151217 ], [ 37.247965622, -0.709530404 ], [ 37.248891831, -0.711329549 ], [ 37.256158034, -0.719870235 ], [ 37.253802776, -0.720918208 ], [ 37.251402855, -0.718510464 ], [ 37.250531515, -0.722720564 ], [ 37.257375717, -0.72451359 ], [ 37.25734965, -0.732281168 ], [ 37.26552391, -0.741275176 ], [ 37.265404702, -0.743440762 ], [ 37.262898445, -0.745419249 ], [ 37.270196533, -0.752271831 ], [ 37.269639969, -0.753845096 ], [ 37.263708115, -0.752586245 ], [ 37.26060772, -0.749241769 ], [ 37.259500122, -0.751274288 ], [ 37.25658989, -0.751949966 ], [ 37.255467415, -0.755772486 ], [ 37.261901856, -0.767425492 ], [ 37.262429237, -0.779847394 ], [ 37.264873123, -0.780896649 ], [ 37.265218523, -0.78425146 ], [ 37.267669151, -0.785282635 ], [ 37.266934395, -0.777647957 ], [ 37.276702881, -0.753791749 ], [ 37.289115906, -0.75452133 ], [ 37.29792881, -0.752961084 ], [ 37.306031227, -0.748831948 ], [ 37.315135956, -0.748299956 ], [ 37.318247541, -0.757830363 ], [ 37.326235135, -0.764757221 ], [ 37.348280907, -0.772206664 ], [ 37.358246803, -0.769763157 ], [ 37.359267235, -0.761716038 ], [ 37.3667202, -0.761996135 ], [ 37.370751381, -0.763775528 ], [ 37.377211889, -0.760851055 ], [ 37.388177872, -0.752705037 ], [ 37.406633377, -0.747630954 ], [ 37.421054841, -0.747375756 ], [ 37.444185257, -0.730641484 ], [ 37.463916778, -0.733324567 ], [ 37.463540486, -0.729086729 ], [ 37.467010498, -0.728437021 ], [ 37.46749878, -0.726420887 ], [ 37.473191834, -0.72426492 ], [ 37.492467308, -0.731661084 ], [ 37.495975918, -0.730552375 ], [ 37.492800871, -0.722619538 ], [ 37.489196777, -0.720351607 ], [ 37.487550259, -0.716733619 ], [ 37.484651566, -0.717915753 ], [ 37.48383077, -0.714733069 ], [ 37.479256221, -0.71420426 ], [ 37.478214264, -0.712675001 ], [ 37.477307002, -0.707203458 ], [ 37.479757977, -0.691564947 ], [ 37.477799098, -0.686801235 ], [ 37.475003379, -0.684831415 ], [ 37.474183219, -0.678535981 ], [ 37.476693153, -0.676728204 ], [ 37.477889379, -0.667031864 ], [ 37.475672586, -0.664402595 ], [ 37.475991567, -0.662204424 ], [ 37.472189161, -0.652631131 ], [ 37.474110921, -0.644704193 ], [ 37.478599003, -0.638936264 ], [ 37.478017171, -0.635674139 ], [ 37.479630947, -0.633395448 ], [ 37.479319763, -0.629234827 ], [ 37.480822166, -0.62533145 ], [ 37.482189178, -0.623949683 ], [ 37.4856884, -0.623795927 ], [ 37.486920675, -0.622119387 ], [ 37.48814937, -0.614222808 ], [ 37.486481349, -0.60922872 ], [ 37.48360672, -0.606075013 ], [ 37.48350954, -0.603054978 ], [ 37.480940103, -0.601017054 ], [ 37.478734652, -0.601294905 ], [ 37.476799965, -0.598932092 ], [ 37.47903383, -0.596165454 ], [ 37.477708181, -0.593296826 ], [ 37.479330063, -0.589591453 ], [ 37.482827822, -0.588347991 ], [ 37.485226631, -0.581505403 ], [ 37.483560562, -0.578601628 ], [ 37.478851318, -0.575612605 ], [ 37.475763957, -0.569189072 ], [ 37.476842562, -0.567196732 ], [ 37.474281311, -0.559096381 ], [ 37.472108024, -0.555920763 ], [ 37.4633255, -0.555297103 ], [ 37.462034607, -0.55464617 ], [ 37.460847855, -0.549478591 ], [ 37.452728272, -0.548933729 ], [ 37.449877262, -0.546157479 ], [ 37.447484334, -0.543268815 ], [ 37.44575882, -0.529459095 ], [ 37.436863582, -0.520692247 ], [ 37.433663941, -0.519462895 ], [ 37.427038465, -0.509282487 ], [ 37.425491969, -0.502561649 ], [ 37.426853657, -0.49955954 ], [ 37.4255867, -0.498089008 ], [ 37.429987526, -0.494167946 ], [ 37.425088247, -0.486100167 ], [ 37.423933302, -0.481042053 ], [ 37.428458691, -0.464146499 ], [ 37.426560084, -0.462213372 ], [ 37.428064134, -0.445484807 ], [ 37.425572967, -0.445782471 ], [ 37.422586822, -0.442476898 ], [ 37.422645569, -0.440483846 ], [ 37.424423218, -0.439432681 ], [ 37.423110485, -0.438398074 ], [ 37.424969673, -0.437480088 ], [ 37.424150255, -0.434402727 ], [ 37.425783793, -0.433695391 ], [ 37.426235676, -0.431235232 ], [ 37.42494812, -0.42089318 ], [ 37.307811737, -0.149574071 ] ] ] } },
{ "type": "Feature", "properties": { "shapeName": "Murang'a", "shapeISO": "", "shapeID": "84041B76933648255209", "shapeGroup": "KEN", "shapeType": "ADM1" }, "geometry": { "type": "Polygon", "coordinates": [ [ [ 37.267669151, -0.785282635 ], [ 37.265218523, -0.78425146 ], [ 37.264873123, -0.780896649 ], [ 37.262429237, -0.779847394 ], [ 37.261901856, -0.767425492 ], [ 37.255467415, -0.755772486 ], [ 37.25658989, -0.751949966 ], [ 37.259500122, -0.751274288 ], [ 37.26060772, -0.749241769 ], [ 37.263708115, -0.752586245 ], [ 37.269639969, -0.753845096 ], [ 37.270196533, -0.752271831 ], [ 37.262898445, -0.745419249 ], [ 37.265404702, -0.743440762 ], [ 37.26552391, -0.741275176 ], [ 37.25734965, -0.732281168 ], [ 37.257375717, -0.72451359 ], [ 37.250531515, -0.722720564 ], [ 37.251402855, -0.718510464 ], [ 37.253802776, -0.720918208 ], [ 37.256158034, -0.719870235 ], [ 37.248891831, -0.711329549 ], [ 37.247965622, -0.709530404 ], [ 37.24887085, -0.706151217 ], [ 37.245677948, -0.706998318 ], [ 37.243597984, -0.705491185 ], [ 37.242177582, -0.700220263 ], [ 37.244470596, -0.697303444 ], [ 37.241681099, -0.693327814 ], [ 37.244164467, -0.690861978 ], [ 37.240943909, -0.687844416 ], [ 37.238908768, -0.679476976 ], [ 37.236327489, -0.675768966 ], [ 37.237262726, -0.67150414 ], [ 37.236315918, -0.667579663 ], [ 37.237548034, -0.666351875 ], [ 37.232727687, -0.66668874 ], [ 37.228541056, -0.671231985 ], [ 37.225748062, -0.671685636 ], [ 37.214310328, -0.688826521 ], [ 37.213400523, -0.688488563 ], [ 37.210427094, -0.680769956 ], [ 37.20414861, -0.675356765 ], [ 37.202241898, -0.664601296 ], [ 37.200771332, -0.662661026 ], [ 37.197268963, -0.662195146 ], [ 37.190264702, -0.665224125 ], [ 37.188191223, -0.663903141 ], [ 37.185287221, -0.665879728 ], [ 37.183130709, -0.663659039 ], [ 37.182520867, -0.665685996 ], [ 37.178567887, -0.665733129 ], [ 37.180493164, -0.664407218 ], [ 37.179369927, -0.657793864 ], [ 37.17671903, -0.655563334 ], [ 37.177047729, -0.653349519 ], [ 37.174495697, -0.649353822 ], [ 37.169017029, -0.647655737 ], [ 37.172186216, -0.640701031 ], [ 37.168615977, -0.637642602 ], [ 37.169181015, -0.634958601 ], [ 37.167056492, -0.633986746 ], [ 37.159673309, -0.636149919 ], [ 37.154750824, -0.635288149 ], [ 37.152836609, -0.639909363 ], [ 37.145115376, -0.636707626 ], [ 37.139035797, -0.636876082 ], [ 37.127833176, -0.643694641 ], [ 37.119339752, -0.644288313 ], [ 37.114733378, -0.640868922 ], [ 37.109577179, -0.640150348 ], [ 37.101671491, -0.636536734 ], [ 37.100941181, -0.631775617 ], [ 37.102375793, -0.629457402 ], [ 37.099654198, -0.626255683 ], [ 37.096776581, -0.626482928 ], [ 37.095207214, -0.624314537 ], [ 37.088197708, -0.622145653 ], [ 37.085521062, -0.62292999 ], [ 37.082582156, -0.618739476 ], [ 37.079445839, -0.61857301 ], [ 37.078202248, -0.614631273 ], [ 37.075817585, -0.615012601 ], [ 37.067358399, -0.60960021 ], [ 37.063675881, -0.611368939 ], [ 37.059392929, -0.609764367 ], [ 37.056208801, -0.601754284 ], [ 37.048943838, -0.594019314 ], [ 37.033898354, -0.589683429 ], [ 37.025850296, -0.589889377 ], [ 37.015570164, -0.583732769 ], [ 36.996969223, -0.583831876 ], [ 36.994400183, -0.576407122 ], [ 36.98753357, -0.574202135 ], [ 36.984848023, -0.574711576 ], [ 36.982055664, -0.577665985 ], [ 36.977502441, -0.577534249 ], [ 36.970280784, -0.5818574 ], [ 36.967256546, -0.585278094 ], [ 36.957199097, -0.586772879 ], [ 36.949526215, -0.593089688 ], [ 36.937981923, -0.595933457 ], [ 36.924142838, -0.603212103 ], [ 36.920370483, -0.602177143 ], [ 36.913780848, -0.60813721 ], [ 36.894800822, -0.606770436 ], [ 36.884531975, -0.609324845 ], [ 36.882497406, -0.606568515 ], [ 36.876520157, -0.604618132 ], [ 36.872691473, -0.604878768 ], [ 36.867609024, -0.60308516 ], [ 36.863092041, -0.605204678 ], [ 36.860954285, -0.604776144 ], [ 36.846641541, -0.592580914 ], [ 36.838207245, -0.592657983 ], [ 36.822673798, -0.581779003 ], [ 36.811128616, -0.579251945 ], [ 36.808982849, -0.569227457 ], [ 36.801322937, -0.566649735 ], [ 36.792381287, -0.568609715 ], [ 36.778251648, -0.564799786 ], [ 36.762666702, -0.567150741 ], [ 36.758361817, -0.56635791 ], [ 36.75, -0.569039106 ], [ 36.73506546, -0.564384878 ], [ 36.724319458, -0.568877995 ], [ 36.722133636, -0.573183 ], [ 36.717025757, -0.575540602 ], [ 36.713352203, -0.580956161 ], [ 36.708106995, -0.584970891 ], [ 36.710201264, -0.593085706 ], [ 36.709098816, -0.599030852 ], [ 36.71185875, -0.605599582 ], [ 36.709457397, -0.609264076 ], [ 36.710361481, -0.617618084 ], [ 36.707622528, -0.625236094 ], [ 36.708126068, -0.631592631 ], [ 36.70583725, -0.644525111 ], [ 36.709416198, -0.66333437 ], [ 36.70785141, -0.674791813 ], [ 36.708694458, -0.684965193 ], [ 36.706728744, -0.695607275 ], [ 36.713205338, -0.712403237 ], [ 36.713294983, -0.724165976 ], [ 36.715919495, -0.730789363 ], [ 36.717376709, -0.747775972 ], [ 36.719833374, -0.757037997 ], [ 36.725275994, -0.766847178 ], [ 36.736682892, -0.777830482 ], [ 36.728099823, -0.777986308 ], [ 36.723823548, -0.781632572 ], [ 36.71938324, -0.777334451 ], [ 36.720449448, -0.784260183 ], [ 36.724086761, -0.790194929 ], [ 36.722248077, -0.796818495 ], [ 36.722161702, -0.804484516 ], [ 36.72685051, -0.809313238 ], [ 36.732395172, -0.810005188 ], [ 36.735800425, -0.811848501 ], [ 36.735891978, -0.81394581 ], [ 36.742017746, -0.816762358 ], [ 36.750718435, -0.831279596 ], [ 36.770746504, -0.830652186 ], [ 36.779011536, -0.835036159 ], [ 36.782168389, -0.839586928 ], [ 36.783864339, -0.838531087 ], [ 36.789289747, -0.843346996 ], [ 36.792617798, -0.843739569 ], [ 36.796859741, -0.847662469 ], [ 36.802920341, -0.850633353 ], [ 36.806194305, -0.855252057 ], [ 36.810036087, -0.854201525 ], [ 36.809452057, -0.85710307 ], [ 36.813934326, -0.857778981 ], [ 36.81595548, -0.860943526 ], [ 36.818555451, -0.860491467 ], [ 36.822624207, -0.863272384 ], [ 36.824728775, -0.863182726 ], [ 36.827145386, -0.86831255 ], [ 36.831749916, -0.870387092 ], [ 36.83207016, -0.872389197 ], [ 36.836478097, -0.872419229 ], [ 36.840139389, -0.876152187 ], [ 36.84239769, -0.874969341 ], [ 36.849534988, -0.880742192 ], [ 36.860004425, -0.881751168 ], [ 36.861557484, -0.884191297 ], [ 36.861000061, -0.885879963 ], [ 36.864071846, -0.888515115 ], [ 36.867537362, -0.88993477 ], [ 36.868645986, -0.887876759 ], [ 36.870562744, -0.887796354 ], [ 36.872756958, -0.890910983 ], [ 36.87780571, -0.890916139 ], [ 36.88028272, -0.89298141 ], [ 36.880477905, -0.896257142 ], [ 36.885970116, -0.894033546 ], [ 36.887991905, -0.894984826 ], [ 36.889604569, -0.898044815 ], [ 36.888484955, -0.901010573 ], [ 36.893096288, -0.909318775 ], [ 36.901195526, -0.91101929 ], [ 36.902811323, -0.909526612 ], [ 36.903387451, -0.911321461 ], [ 36.907732646, -0.912312497 ], [ 36.907945633, -0.915920287 ], [ 36.91079092, -0.918155648 ], [ 36.911436717, -0.921682437 ], [ 36.916341782, -0.928922206 ], [ 36.91867981, -0.928145814 ], [ 36.923694611, -0.934181571 ], [ 36.928014119, -0.933527748 ], [ 36.932369232, -0.938569814 ], [ 36.943432617, -0.944643283 ], [ 36.944062042, -0.947419345 ], [ 36.951285362, -0.951405451 ], [ 36.952383995, -0.954276949 ], [ 36.955618286, -0.95433569 ], [ 36.957536221, -0.960220948 ], [ 36.962029266, -0.965187323 ], [ 36.964968682, -0.971528038 ], [ 36.980854988, -0.976418331 ], [ 36.991285324, -0.988122344 ], [ 36.995973968, -0.989933527 ], [ 37.017380715, -1.007801801 ], [ 37.022630692, -1.009887338 ], [ 37.024370829, -1.014003406 ], [ 37.0272789, -1.015454213 ], [ 37.031337738, -1.025285781 ], [ 37.037368774, -1.02891171 ], [ 37.050907135, -1.031905055 ], [ 37.055533409, -1.027606756 ], [ 37.06150945, -1.025338491 ], [ 37.063098908, -1.021446884 ], [ 37.060377121, -1.013669649 ], [ 37.061180115, -1.010720968 ], [ 37.062999725, -1.010362267 ], [ 37.063144684, -1.012816012 ], [ 37.066466013, -1.016530991 ], [ 37.07024765, -1.016960561 ], [ 37.067825317, -1.019723535 ], [ 37.068767548, -1.023806214 ], [ 37.072149277, -1.023667097 ], [ 37.077283859, -1.027945638 ], [ 37.081676483, -1.028492033 ], [ 37.08821106, -1.032018005 ], [ 37.092517853, -1.030713797 ], [ 37.097630819, -1.034421881 ], [ 37.101012421, -1.031825185 ], [ 37.106966019, -1.033533573 ], [ 37.111371994, -1.037513137 ], [ 37.116095543, -1.039126605 ], [ 37.120960236, -1.048570395 ], [ 37.123842239, -1.051359117 ], [ 37.132629395, -1.046201706 ], [ 37.136569977, -1.048549771 ], [ 37.143330574, -1.046894997 ], [ 37.147148133, -1.047709465 ], [ 37.154725392, -1.051199357 ], [ 37.156513691, -1.047473624 ], [ 37.15917778, -1.049443265 ], [ 37.160657883, -1.046951711 ], [ 37.17393303, -1.04221952 ], [ 37.176859856, -1.034989804 ], [ 37.175037384, -1.033311844 ], [ 37.176944733, -1.031530333 ], [ 37.183094025, -1.03609556 ], [ 37.187204997, -1.036851565 ], [ 37.192608834, -1.040456533 ], [ 37.198284149, -1.038404882 ], [ 37.204034806, -1.033162385 ], [ 37.209897995, -1.031615913 ], [ 37.213326454, -1.033092767 ], [ 37.215965271, -1.027414679 ], [ 37.220172882, -1.024826943 ], [ 37.224453926, -1.02500993 ], [ 37.230819702, -1.016123414 ], [ 37.241783142, -1.023072958 ], [ 37.245591482, -1.022958716 ], [ 37.252837372, -1.017970228 ], [ 37.254547119, -1.018864393 ], [ 37.255904389, -1.017352271 ], [ 37.257133484, -1.018087626 ], [ 37.264704228, -1.0159989 ], [ 37.268460083, -1.022453165 ], [ 37.273239136, -1.025035501 ], [ 37.278582891, -1.031067172 ], [ 37.27973938, -1.034819722 ], [ 37.283622742, -1.036842763 ], [ 37.285299683, -1.04119451 ], [ 37.288792928, -1.042766491 ], [ 37.293075562, -1.048140764 ], [ 37.298510869, -1.051561475 ], [ 37.310569763, -1.065171852 ], [ 37.314697266, -1.062592728 ], [ 37.31549263, -1.064552545 ], [ 37.318130494, -1.065350949 ], [ 37.325196584, -1.076450407 ], [ 37.329432169, -1.075593035 ], [ 37.333963394, -1.080457329 ], [ 37.338748932, -1.077803284 ], [ 37.348491669, -1.090628266 ], [ 37.352280617, -1.091198623 ], [ 37.358152008, -1.089736986 ], [ 37.362598269, -1.093485274 ], [ 37.38752238, -1.05758973 ], [ 37.42087555, -1.033615112 ], [ 37.40605545, -1.012048483 ], [ 37.362328847, -0.987672091 ], [ 37.338260651, -0.985256076 ], [ 37.332885742, -0.976380825 ], [ 37.345640819, -0.976791421 ], [ 37.366718292, -0.964075208 ], [ 37.35458374, -0.947410583 ], [ 37.343338013, -0.961600304 ], [ 37.336730957, -0.958581418 ], [ 37.335176849, -0.95942924 ], [ 37.333913803, -0.955671951 ], [ 37.328041712, -0.951585392 ], [ 37.328014946, -0.949707889 ], [ 37.330419541, -0.947677304 ], [ 37.327928543, -0.944882164 ], [ 37.316848755, -0.948025107 ], [ 37.314620972, -0.940062046 ], [ 37.325485992, -0.933940101 ], [ 37.324468466, -0.930027847 ], [ 37.318715668, -0.925094104 ], [ 37.317545891, -0.922239289 ], [ 37.319728851, -0.919695973 ], [ 37.300922394, -0.906814277 ], [ 37.282196045, -0.896759212 ], [ 37.25617218, -0.86804992 ], [ 37.252260208, -0.861169025 ], [ 37.241584778, -0.861503363 ], [ 37.240703583, -0.857783496 ], [ 37.225496292, -0.852220952 ], [ 37.233184814, -0.83710891 ], [ 37.258481343, -0.837231914 ], [ 37.262664159, -0.791200707 ], [ 37.267669151, -0.785282635 ] ] ] } },
{ "type": "Feature", "properties": { "shapeName": "Kiambu", "shapeISO": "", "shapeID": "84041B93184238747098", "shapeGroup": "KEN", "shapeType": "ADM1" }, "geometry": { "type": "Polygon", "coordinates": [ [ [ 37.362598269, -1.093485274 ], [ 37.358152008, -1.089736986 ], [ 37.352280617, -1.091198623 ], [ 37.348491669, -1.090628266 ], [ 37.338748932, -1.077803284 ], [ 37.333963394, -1.080457329 ], [ 37.329432169, -1.075593035 ], [ 37.325196584, -1.076450407 ], [ 37.318130494, -1.065350949 ], [ 37.31549263, -1.064552545 ], [ 37.314697266, -1.062592728 ], [ 37.310569763, -1.065171852 ], [ 37.298510869, -1.051561475 ], [ 37.293075562, -1.048140764 ], [ 37.288792928, -1.042766491 ], [ 37.285299683, -1.04119451 ], [ 37.283622742, -1.036842763 ], [ 37.27973938, -1.034819722 ], [ 37.278582891, -1.031067172 ], [ 37.273239136, -1.025035501 ], [ 37.268460083, -1.022453165 ], [ 37.264704228, -1.0159989 ], [ 37.257133484, -1.018087626 ], [ 37.255904389, -1.017352271 ], [ 37.254547119, -1.018864393 ], [ 37.252837372, -1.017970228 ], [ 37.245591482, -1.022958716 ], [ 37.241783142, -1.023072958 ], [ 37.230819702, -1.016123414 ], [ 37.224453926, -1.02500993 ], [ 37.220172882, -1.024826943 ], [ 37.215965271, -1.027414679 ], [ 37.213326454, -1.033092767 ], [ 37.209897995, -1.031615913 ], [ 37.204034806, -1.033162385 ], [ 37.198284149, -1.038404882 ], [ 37.192608834, -1.040456533 ], [ 37.187204997, -1.036851565 ], [ 37.183094025, -1.03609556 ], [ 37.176944733, -1.031530333 ], [ 37.175037384, -1.033311844 ], [ 37.176859856, -1.034989804 ], [ 37.17393303, -1.04221952 ], [ 37.160657883, -1.046951711 ], [ 37.15917778, -1.049443265 ], [ 37.156513691, -1.047473624 ], [ 37.154725392, -1.051199357 ], [ 37.147148133, -1.047709465 ], [ 37.143330574, -1.046894997 ], [ 37.136569977, -1.048549771 ], [ 37.132629395, -1.046201706 ], [ 37.123842239, -1.051359117 ], [ 37.120960236, -1.048570395 ], [ 37.116095543, -1.039126605 ], [ 37.111371994, -1.037513137 ], [ 37.106966019, -1.033533573 ], [ 37.101012421, -1.031825185 ], [ 37.097630819, -1.034421881 ], [ 37.092517853, -1.030713797 ], [ 37.08821106, -1.032018005 ], [ 37.081676483, -1.028492033 ], [ 37.077283859, -1.027945638 ], [ 37.072149277, -1.023667097 ], [ 37.068767548, -1.023806214 ], [ 37.067825317, -1.019723535 ], [ 37.07024765, -1.016960561 ], [ 37.066466013, -1.016530991 ], [ 37.063144684, -1.012816012 ], [ 37.062999725, -1.010362267 ], [ 37.061180115, -1.010720968 ], [ 37.060377121, -1.013669649 ], [ 37.063098908, -1.021446884 ], [ 37.06150945, -1.025338491 ], [ 37.055533409, -1.027606756 ], [ 37.050907135, -1.031905055 ], [ 37.037368774, -1.02891171 ], [ 37.031337738, -1.025285781 ], [ 37.0272789, -1.015454213 ], [ 37.024370829, -1.014003406 ], [ 37.022630692, -1.009887338 ], [ 37.017380715, -1.007801801 ], [ 36.995973968, -0.989933527 ], [ 36.991285324, -0.988122344 ], [ 36.980854988, -0.976418331 ], [ 36.964968682, -0.971528038 ], [ 36.962029266, -0.965187323 ], [ 36.957536221, -0.960220948 ], [ 36.955618286, -0.95433569 ], [ 36.952383995, -0.954276949 ], [ 36.951285362, -0.951405451 ], [ 36.944062042, -0.947419345 ], [ 36.943432617, -0.944643283 ], [ 36.932369232, -0.938569814 ], [ 36.928014119, -0.933527748 ], [ 36.923694611, -0.934181571 ], [ 36.91867981, -0.928145814 ], [ 36.916341782, -0.928922206 ], [ 36.911436717, -0.921682437 ], [ 36.91079092, -0.918155648 ], [ 36.907945633, -0.915920287 ], [ 36.907732646, -0.912312497 ], [ 36.903387451, -0.911321461 ], [ 36.902811323, -0.909526612 ], [ 36.901195526, -0.91101929 ], [ 36.893096288, -0.909318775 ], [ 36.888484955, -0.901010573 ], [ 36.889604569, -0.898044815 ], [ 36.887991905, -0.894984826 ], [ 36.885970116, -0.894033546 ], [ 36.880477905, -0.896257142 ], [ 36.88028272, -0.89298141 ], [ 36.87780571, -0.890916139 ], [ 36.872756958, -0.890910983 ], [ 36.870562744, -0.887796354 ], [ 36.868645986, -0.887876759 ], [ 36.867537362, -0.88993477 ], [ 36.864071846, -0.888515115 ], [ 36.861000061, -0.885879963 ], [ 36.861557484, -0.884191297 ], [ 36.860004425, -0.881751168 ], [ 36.849534988, -0.880742192 ], [ 36.84239769, -0.874969341 ], [ 36.840139389, -0.876152187 ], [ 36.836478097, -0.872419229 ], [ 36.83207016, -0.872389197 ], [ 36.831749916, -0.870387092 ], [ 36.827145386, -0.86831255 ], [ 36.824728775, -0.863182726 ], [ 36.822624207, -0.863272384 ], [ 36.818555451, -0.860491467 ], [ 36.81595548, -0.860943526 ], [ 36.813934326, -0.857778981 ], [ 36.809452057, -0.85710307 ], [ 36.810036087, -0.854201525 ], [ 36.806194305, -0.855252057 ], [ 36.802920341, -0.850633353 ], [ 36.796859741, -0.847662469 ], [ 36.792617798, -0.843739569 ], [ 36.789289747, -0.843346996 ], [ 36.783864339, -0.838531087 ], [ 36.782168389, -0.839586928 ], [ 36.779011536, -0.835036159 ], [ 36.770746504, -0.830652186 ], [ 36.750718435, -0.831279596 ], [ 36.742017746, -0.816762358 ], [ 36.735891978, -0.81394581 ], [ 36.735800425, -0.811848501 ], [ 36.732395172, -0.810005188 ], [ 36.72685051, -0.809313238 ], [ 36.722161702, -0.804484516 ], [ 36.718608856, -0.801079616 ], [ 36.719161987, -0.799176186 ], [ 36.713827769, -0.791616599 ], [ 36.711483002, -0.790889472 ], [ 36.711939494, -0.788441082 ], [ 36.710250855, -0.787701636 ], [ 36.706718445, -0.781344414 ], [ 36.705003739, -0.782211333 ], [ 36.70125707, -0.779530645 ], [ 36.686836243, -0.761919647 ], [ 36.671821594, -0.756628156 ], [ 36.666103363, -0.760776579 ], [ 36.66217041, -0.76597929 ], [ 36.657882691, -0.765872031 ], [ 36.653701782, -0.762641132 ], [ 36.6445961, -0.770971179 ], [ 36.650348664, -0.772730588 ], [ 36.654975891, -0.770866394 ], [ 36.65986824, -0.770844072 ], [ 36.673871994, -0.77636747 ], [ 36.621969223, -0.825711071 ], [ 36.622287751, -0.829287827 ], [ 36.588762283, -0.825874447 ], [ 36.591459275, -0.84696269 ], [ 36.601127625, -0.862022281 ], [ 36.589482307, -0.886584252 ], [ 36.580192566, -0.890371233 ], [ 36.565740586, -0.900914073 ], [ 36.563155174, -0.904274129 ], [ 36.571683884, -0.908139959 ], [ 36.554402218, -0.918584418 ], [ 36.554235601, -0.924161892 ], [ 36.566959197, -0.926060944 ], [ 36.572650002, -0.929668458 ], [ 36.561682307, -0.93660247 ], [ 36.569128309, -0.943242968 ], [ 36.574924469, -0.941986203 ], [ 36.579460275, -0.945466242 ], [ 36.587823376, -0.962922109 ], [ 36.587332269, -0.975795263 ], [ 36.591663361, -0.983319252 ], [ 36.596080232, -0.982786719 ], [ 36.598229693, -0.990678083 ], [ 36.59998703, -0.991446406 ], [ 36.596649132, -0.995203069 ], [ 36.595101452, -1.009321239 ], [ 36.588442611, -1.036322951 ], [ 36.591147807, -1.061980709 ], [ 36.569892883, -1.100517511 ], [ 36.566952137, -1.098645142 ], [ 36.545102671, -1.123867272 ], [ 36.536753783, -1.152578334 ], [ 36.512621307, -1.239572429 ], [ 36.490814209, -1.267989516 ], [ 36.659706116, -1.300525784 ], [ 36.665987015, -1.312167942 ], [ 36.670215607, -1.30358243 ], [ 36.67430687, -1.304752827 ], [ 36.678290939, -1.297938621 ], [ 36.680805206, -1.296204864 ], [ 36.686336517, -1.282303929 ], [ 36.689291001, -1.279256343 ], [ 36.687660853, -1.272497912 ], [ 36.691026688, -1.27339685 ], [ 36.690097809, -1.269434929 ], [ 36.694359462, -1.268185218 ], [ 36.693180909, -1.266334661 ], [ 36.69657135, -1.265996337 ], [ 36.693347295, -1.261641492 ], [ 36.69493103, -1.259395083 ], [ 36.693941752, -1.257903854 ], [ 36.696365356, -1.257601023 ], [ 36.700675965, -1.25982058 ], [ 36.702598572, -1.255783916 ], [ 36.715856553, -1.258417546 ], [ 36.718535614, -1.260810757 ], [ 36.725519181, -1.248294115 ], [ 36.725040436, -1.245201647 ], [ 36.72728157, -1.243224859 ], [ 36.728656769, -1.232403993 ], [ 36.746696472, -1.234678984 ], [ 36.756502152, -1.216778457 ], [ 36.769893647, -1.223865866 ], [ 36.771602631, -1.220980406 ], [ 36.778297424, -1.224342108 ], [ 36.783758799, -1.212538799 ], [ 36.789644877, -1.206404169 ], [ 36.784128825, -1.202017665 ], [ 36.790906906, -1.18904984 ], [ 36.834037018, -1.212483024 ], [ 36.830254873, -1.203808983 ], [ 36.834114075, -1.207768559 ], [ 36.837226868, -1.208368301 ], [ 36.839141846, -1.207007408 ], [ 36.849246979, -1.211320758 ], [ 36.851091385, -1.200508684 ], [ 36.855772018, -1.19924581 ], [ 36.859498978, -1.200572073 ], [ 36.863210678, -1.18792057 ], [ 36.873626709, -1.193813801 ], [ 36.885782242, -1.193479418 ], [ 36.890508652, -1.190699935 ], [ 36.898418427, -1.190366328 ], [ 36.895008087, -1.185492992 ], [ 36.896029473, -1.183985978 ], [ 36.894306183, -1.180607279 ], [ 36.888002396, -1.171354115 ], [ 36.893552781, -1.166848779 ], [ 36.897469521, -1.158210039 ], [ 36.919075012, -1.159868121 ], [ 36.927003861, -1.166500538 ], [ 36.933401108, -1.167380094 ], [ 36.938949585, -1.170129418 ], [ 36.941638402, -1.173297831 ], [ 36.912433624, -1.205048084 ], [ 36.915520668, -1.2101022 ], [ 36.920698166, -1.214248955 ], [ 36.931175232, -1.219945987 ], [ 36.93762207, -1.219165087 ], [ 36.948986053, -1.224645138 ], [ 36.953136444, -1.22423923 ], [ 36.957050324, -1.227012872 ], [ 36.961166382, -1.225231409 ], [ 36.969490051, -1.226661324 ], [ 36.977689743, -1.222271561 ], [ 36.986743927, -1.221169909 ], [ 36.991249085, -1.22261548 ], [ 36.994981766, -1.230136335 ], [ 37.003758749, -1.233890136 ], [ 37.010801316, -1.234003841 ], [ 37.012741089, -1.232515454 ], [ 37.013439178, -1.227621913 ], [ 37.016997337, -1.224934707 ], [ 37.022004263, -1.224625611 ], [ 37.023010254, -1.221586645 ], [ 37.030155182, -1.218444824 ], [ 37.033361435, -1.213707745 ], [ 37.037765503, -1.210351467 ], [ 37.053693772, -1.204123378 ], [ 37.057302475, -1.206525147 ], [ 37.062713623, -1.202702761 ], [ 37.080287933, -1.234879971 ], [ 37.088153839, -1.231168031 ], [ 37.094875336, -1.24239552 ], [ 37.086242676, -1.246274471 ], [ 37.10175972, -1.259075367 ], [ 37.102553049, -1.257930319 ], [ 37.109300614, -1.257284879 ], [ 37.109428406, -1.244781851 ], [ 37.116157532, -1.246154904 ], [ 37.118715286, -1.24522233 ], [ 37.118581772, -1.235538483 ], [ 37.120754242, -1.232577026 ], [ 37.125814438, -1.230647564 ], [ 37.134880066, -1.231275797 ], [ 37.140434265, -1.224051594 ], [ 37.150798798, -1.223324656 ], [ 37.154407501, -1.219322205 ], [ 37.155860901, -1.209845543 ], [ 37.15285492, -1.20828402 ], [ 37.152997971, -1.206991792 ], [ 37.159618378, -1.203031142 ], [ 37.156137085, -1.197023249 ], [ 37.155662537, -1.193063914 ], [ 37.161361695, -1.191242158 ], [ 37.165714264, -1.186611473 ], [ 37.174114227, -1.171382427 ], [ 37.180664062, -1.166105628 ], [ 37.182533264, -1.162587762 ], [ 37.180826187, -1.154349506 ], [ 37.18497467, -1.147780418 ], [ 37.183330536, -1.141758739 ], [ 37.186893463, -1.135737061 ], [ 37.184658051, -1.132237196 ], [ 37.181724548, -1.131160259 ], [ 37.181648254, -1.12815392 ], [ 37.179195404, -1.126493692 ], [ 37.175064087, -1.114109397 ], [ 37.180934906, -1.107145429 ], [ 37.187896729, -1.103950739 ], [ 37.190031052, -1.095874488 ], [ 37.192691803, -1.092212558 ], [ 37.200983048, -1.08847028 ], [ 37.211322784, -1.077966928 ], [ 37.22410965, -1.076473653 ], [ 37.228338242, -1.073795676 ], [ 37.232299805, -1.073415279 ], [ 37.242996216, -1.077938199 ], [ 37.246377945, -1.076236724 ], [ 37.249861399, -1.077526649 ], [ 37.262546539, -1.067588568 ], [ 37.281728745, -1.065179705 ], [ 37.287567139, -1.069361985 ], [ 37.295413971, -1.070366979 ], [ 37.301769257, -1.074534416 ], [ 37.30581665, -1.079854727 ], [ 37.310901642, -1.082603455 ], [ 37.319015503, -1.093450844 ], [ 37.32621193, -1.097071528 ], [ 37.327320099, -1.100234091 ], [ 37.338565826, -1.110682487 ], [ 37.342641292, -1.116949578 ], [ 37.362598269, -1.093485274 ] ] ] } },
{ "type": "Feature", "properties": { "shapeName": "Turkana", "shapeISO": "", "shapeID": "84041B15545177329011", "shapeGroup": "KEN", "shapeType": "ADM1" }, "geometry": { "type": "Polygon", "coordinates": [ [ [ 36.050304409, 4.451455597 ], [ 36.050476074, 4.455078125 ], [ 35.998474121, 4.497924805 ], [ 35.942871094, 4.547302246 ], [ 35.963684082, 4.564880371 ], [ 35.96307373, 4.576477051 ], [ 35.942077637, 4.581115723 ], [ 35.939697266, 4.584472656 ], [ 35.939880371, 4.592285156 ], [ 35.947509766, 4.624328613 ], [ 35.949890137, 4.628479004 ], [ 35.922302246, 4.641113281 ], [ 35.921508789, 4.643127441 ], [ 35.921691895, 4.694885254 ], [ 35.915100098, 4.738708496 ], [ 35.910095215, 4.809875488 ], [ 35.903503418, 4.853881836 ], [ 35.89630127, 4.888305664 ], [ 35.885681152, 4.905883789 ], [ 35.873474121, 4.919921875 ], [ 35.860107422, 4.92767334 ], [ 35.842712402, 4.932128906 ], [ 35.835083008, 4.937683105 ], [ 35.837097168, 4.988708496 ], [ 35.841674805, 5.016296387 ], [ 35.841308594, 5.048095703 ], [ 35.843322754, 5.078674316 ], [ 35.851074219, 5.12109375 ], [ 35.853088379, 5.14630127 ], [ 35.855285645, 5.153076172 ], [ 35.855712891, 5.160888672 ], [ 35.852111816, 5.178894043 ], [ 35.855102539, 5.188903809 ], [ 35.854675293, 5.194519043 ], [ 35.851074219, 5.203674316 ], [ 35.848876953, 5.216674805 ], [ 35.840087891, 5.230285645 ], [ 35.835510254, 5.24432373 ], [ 35.842285156, 5.277709961 ], [ 35.851501465, 5.288696289 ], [ 35.853515625, 5.296508789 ], [ 35.845703125, 5.307678223 ], [ 35.84552002, 5.322509766 ], [ 35.843688965, 5.326721191 ], [ 35.83770752, 5.332702637 ], [ 35.837280273, 5.33972168 ], [ 35.835327148, 5.343322754 ], [ 35.827697754, 5.346130371 ], [ 35.815124512, 5.340515137 ], [ 35.804321289, 5.344116211 ], [ 35.800292969, 5.343688965 ], [ 35.794128418, 5.348083496 ], [ 35.78729248, 5.347900391 ], [ 35.774108887, 5.358093262 ], [ 35.763122559, 5.358886719 ], [ 35.761901855, 5.360473633 ], [ 35.762329102, 5.365905762 ], [ 35.753112793, 5.370910645 ], [ 35.741882324, 5.373291016 ], [ 35.735717773, 5.370910645 ], [ 35.73248291, 5.371704102 ], [ 35.725524902, 5.369689941 ], [ 35.723876953, 5.371887207 ], [ 35.72668457, 5.378479004 ], [ 35.723327637, 5.382080078 ], [ 35.718078613, 5.384521484 ], [ 35.705871582, 5.383483887 ], [ 35.698303223, 5.385681152 ], [ 35.692077637, 5.385498047 ], [ 35.683898926, 5.388305664 ], [ 35.673522949, 5.386291504 ], [ 35.668884277, 5.387512207 ], [ 35.656921387, 5.382324219 ], [ 35.644287109, 5.381713867 ], [ 35.638122559, 5.375488281 ], [ 35.63269043, 5.374511719 ], [ 35.630126953, 5.376281738 ], [ 35.622680664, 5.390319824 ], [ 35.614501953, 5.398681641 ], [ 35.610473633, 5.408325195 ], [ 35.605895996, 5.414123535 ], [ 35.265930176, 5.413513184 ], [ 35.125305176, 5.243103027 ], [ 34.883483887, 5.042480469 ], [ 34.701721191, 4.887512207 ], [ 34.594909668, 4.794128418 ], [ 34.472900391, 4.692077637 ], [ 34.140930176, 4.367675781 ], [ 33.992126465, 4.223693848 ], [ 34.038696289, 4.187683105 ], [ 34.047821045, 4.178894043 ], [ 34.066101074, 4.142883301 ], [ 34.049926758, 4.121704102 ], [ 34.063293457, 4.094299316 ], [ 34.080688477, 4.086303711 ], [ 34.092102051, 4.069519043 ], [ 34.091674805, 4.047485352 ], [ 34.088928223, 4.038330078 ], [ 34.05847168, 4.028686523 ], [ 34.06072998, 4.010070801 ], [ 34.07989502, 4.004516602 ], [ 34.104309082, 3.97869873 ], [ 34.134887695, 3.961120605 ], [ 34.129089355, 3.935119629 ], [ 34.11907959, 3.903076172 ], [ 34.114685059, 3.897521973 ], [ 34.090881348, 3.885681152 ], [ 34.08807373, 3.862670898 ], [ 34.092895508, 3.861694336 ], [ 34.108520508, 3.868896484 ], [ 34.127685547, 3.872497559 ], [ 34.149475098, 3.870117188 ], [ 34.16809082, 3.87109375 ], [ 34.169311523, 3.876281738 ], [ 34.176086426, 3.880310059 ], [ 34.201477051, 3.883483887 ], [ 34.215881348, 3.881530762 ], [ 34.225891113, 3.850708008 ], [ 34.225524902, 3.830871582 ], [ 34.217102051, 3.832275391 ], [ 34.180297852, 3.831726074 ], [ 34.169921875, 3.821716309 ], [ 34.164123535, 3.811706543 ], [ 34.157287598, 3.808288574 ], [ 34.152893066, 3.807678223 ], [ 34.153076172, 3.80090332 ], [ 34.159118652, 3.802124023 ], [ 34.162719727, 3.797485352 ], [ 34.170471191, 3.801330566 ], [ 34.175476074, 3.80090332 ], [ 34.189697266, 3.79510498 ], [ 34.188903809, 3.791870117 ], [ 34.19128418, 3.782714844 ], [ 34.165283203, 3.776672363 ], [ 34.172485352, 3.767883301 ], [ 34.190490723, 3.772277832 ], [ 34.220703125, 3.784484863 ], [ 34.227294922, 3.782897949 ], [ 34.226074219, 3.774719238 ], [ 34.228271484, 3.774291992 ], [ 34.232299805, 3.781921387 ], [ 34.24609375, 3.78527832 ], [ 34.25970459, 3.766296387 ], [ 34.267089844, 3.749084473 ], [ 34.283081055, 3.733093262 ], [ 34.308105469, 3.71307373 ], [ 34.305114746, 3.690673828 ], [ 34.30267334, 3.686706543 ], [ 34.306274414, 3.686706543 ], [ 34.317687988, 3.721496582 ], [ 34.324890137, 3.728088379 ], [ 34.336730957, 3.73248291 ], [ 34.354492187, 3.73651123 ], [ 34.370727539, 3.735473633 ], [ 34.378295898, 3.731689453 ], [ 34.395874023, 3.710510254 ], [ 34.400878906, 3.706298828 ], [ 34.40447998, 3.69329834 ], [ 34.422485352, 3.689086914 ], [ 34.455078125, 3.677307129 ], [ 34.463928223, 3.669921875 ], [ 34.453674316, 3.612304687 ], [ 34.456481934, 3.580322266 ], [ 34.45111084, 3.520080566 ], [ 34.445922852, 3.511901855 ], [ 34.434509277, 3.498901367 ], [ 34.42388916, 3.492126465 ], [ 34.396484375, 3.489501953 ], [ 34.391479492, 3.494873047 ], [ 34.389099121, 3.493286133 ], [ 34.391723633, 3.483093262 ], [ 34.405883789, 3.469726562 ], [ 34.417297363, 3.451904297 ], [ 34.418701172, 3.43371582 ], [ 34.410888672, 3.41809082 ], [ 34.401489258, 3.415710449 ], [ 34.400085449, 3.378295898 ], [ 34.401672363, 3.371520996 ], [ 34.413330078, 3.362487793 ], [ 34.427124023, 3.345275879 ], [ 34.448120117, 3.282897949 ], [ 34.451904297, 3.228881836 ], [ 34.457275391, 3.202697754 ], [ 34.455078125, 3.184082031 ], [ 34.460510254, 3.17590332 ], [ 34.471679687, 3.17388916 ], [ 34.484130859, 3.165710449 ], [ 34.489685059, 3.155700684 ], [ 34.49407959, 3.142700195 ], [ 34.511474609, 3.150695801 ], [ 34.537109375, 3.143310547 ], [ 34.546325684, 3.136901855 ], [ 34.559509277, 3.112670898 ], [ 34.573486328, 3.100708008 ], [ 34.576477051, 3.080078125 ], [ 34.57409668, 3.053527832 ], [ 34.57611084, 3.021911621 ], [ 34.580871582, 3.012084961 ], [ 34.58807373, 3.003295898 ], [ 34.588928223, 3.000305176 ], [ 34.588928223, 2.978881836 ], [ 34.599487305, 2.922912598 ], [ 34.640319824, 2.904724121 ], [ 34.653686523, 2.864685059 ], [ 34.669677734, 2.861328125 ], [ 34.685302734, 2.861328125 ], [ 34.692321777, 2.859924316 ], [ 34.702270508, 2.87512207 ], [ 34.708679199, 2.871276855 ], [ 34.712097168, 2.862670898 ], [ 34.732299805, 2.855712891 ], [ 34.737121582, 2.852111816 ], [ 34.749694824, 2.823486328 ], [ 34.760070801, 2.826477051 ], [ 34.766479492, 2.820129395 ], [ 34.774475098, 2.797302246 ], [ 34.781494141, 2.766479492 ], [ 34.784118652, 2.747680664 ], [ 34.783874512, 2.740478516 ], [ 34.775085449, 2.696289062 ], [ 34.789489746, 2.681884766 ], [ 34.798706055, 2.653320313 ], [ 34.82989502, 2.61932373 ], [ 34.837890625, 2.602111816 ], [ 34.852722168, 2.581481934 ], [ 34.867919922, 2.568725586 ], [ 34.878723145, 2.570678711 ], [ 34.879882813, 2.587097168 ], [ 34.893493652, 2.590881348 ], [ 34.897277832, 2.585510254 ], [ 34.90447998, 2.547302246 ], [ 34.912902832, 2.515075684 ], [ 34.932312012, 2.514892578 ], [ 34.937683105, 2.497314453 ], [ 34.947875977, 2.473083496 ], [ 34.953674316, 2.473327637 ], [ 34.954284668, 2.469421387 ], [ 34.952087402, 2.462585449 ], [ 34.953125, 2.45892334 ], [ 34.945224915, 2.454653266 ], [ 34.952026367, 2.455008745 ], [ 34.970230102, 2.444276333 ], [ 35.025562287, 2.432598511 ], [ 35.025623321, 2.439893007 ], [ 35.022853851, 2.442851782 ], [ 35.019325256, 2.456733465 ], [ 35.021835327, 2.464494705 ], [ 35.019313812, 2.47081852 ], [ 35.020465851, 2.483680248 ], [ 35.015657425, 2.497721553 ], [ 35.019699097, 2.509043813 ], [ 35.027225494, 2.517304301 ], [ 35.038650513, 2.533906698 ], [ 35.05550766, 2.563703418 ], [ 35.058315277, 2.573672891 ], [ 35.056524277, 2.587243795 ], [ 35.059831619, 2.599308968 ], [ 35.059495926, 2.606847167 ], [ 35.065425873, 2.620865464 ], [ 35.074245453, 2.624446392 ], [ 35.081123352, 2.635423064 ], [ 35.092313767, 2.641445518 ], [ 35.096138001, 2.645504594 ], [ 35.108102798, 2.647885084 ], [ 35.112628937, 2.652656197 ], [ 35.131702423, 2.645117998 ], [ 35.157470703, 2.628444433 ], [ 35.166841507, 2.616694569 ], [ 35.178459168, 2.598057628 ], [ 35.185844421, 2.578922153 ], [ 35.186870575, 2.571516275 ], [ 35.212882996, 2.542492628 ], [ 35.215454102, 2.496263822 ], [ 35.220478058, 2.478653987 ], [ 35.221087138, 2.466442585 ], [ 35.223332805, 2.459098298 ], [ 35.228780111, 2.450051308 ], [ 35.232281276, 2.447117533 ], [ 35.245644161, 2.445381602 ], [ 35.250478109, 2.439798196 ], [ 35.272212982, 2.437429071 ], [ 35.291711807, 2.428517223 ], [ 35.29510498, 2.425506473 ], [ 35.297523499, 2.420642019 ], [ 35.303100586, 2.399074077 ], [ 35.306877136, 2.350660324 ], [ 35.307291031, 2.326702952 ], [ 35.311834335, 2.280207872 ], [ 35.343265533, 2.167423248 ], [ 35.393684387, 1.964873493 ], [ 35.390601742, 1.963559794 ], [ 35.389246941, 1.961097539 ], [ 35.38941129, 1.95759505 ], [ 35.39133606, 1.954860711 ], [ 35.386900829, 1.950827147 ], [ 35.381554604, 1.949728966 ], [ 35.377490997, 1.946873546 ], [ 35.374967575, 1.942808986 ], [ 35.374275207, 1.935795267 ], [ 35.369415283, 1.930275441 ], [ 35.451812744, 1.851287842 ], [ 35.453344172, 1.846216722 ], [ 35.457007408, 1.847636312 ], [ 35.461338043, 1.841494938 ], [ 35.467546781, 1.843265067 ], [ 35.469001897, 1.839828269 ], [ 35.472898483, 1.83749786 ], [ 35.474287669, 1.829493086 ], [ 35.476541693, 1.826621337 ], [ 35.474677722, 1.824928166 ], [ 35.476826032, 1.822687149 ], [ 35.472577667, 1.817425633 ], [ 35.473448435, 1.814156731 ], [ 35.477399614, 1.814256867 ], [ 35.477425575, 1.813266725 ], [ 35.4749794, 1.811081866 ], [ 35.474162292, 1.80715255 ], [ 35.470911843, 1.804673518 ], [ 35.47429657, 1.804609915 ], [ 35.475862715, 1.800408787 ], [ 35.482685089, 1.79747656 ], [ 35.482592106, 1.792794749 ], [ 35.485617744, 1.791489813 ], [ 35.485663096, 1.787364145 ], [ 35.487665994, 1.786653147 ], [ 35.490152359, 1.782247454 ], [ 35.492696381, 1.782868397 ], [ 35.491738796, 1.780614493 ], [ 35.497191959, 1.776112583 ], [ 35.494912581, 1.770531383 ], [ 35.496119908, 1.769174457 ], [ 35.498154958, 1.769683162 ], [ 35.498109272, 1.767191129 ], [ 35.499856741, 1.768320303 ], [ 35.503397941, 1.767034113 ], [ 35.515954018, 1.770282805 ], [ 35.528153229, 1.764241338 ], [ 35.532372951, 1.763774812 ], [ 35.53759079, 1.765840936 ], [ 35.545516332, 1.764550825 ], [ 35.54935379, 1.76649189 ], [ 35.559468587, 1.762346745 ], [ 35.561902046, 1.763248399 ], [ 35.56714621, 1.76004617 ], [ 35.569451904, 1.762358451 ], [ 35.574549103, 1.76272625 ], [ 35.58214669, 1.760114289 ], [ 35.586155653, 1.76065217 ], [ 35.593236651, 1.764393057 ], [ 35.598311901, 1.762656897 ], [ 35.603818893, 1.754566173 ], [ 35.607327325, 1.753403894 ], [ 35.60864385, 1.751283765 ], [ 35.613782883, 1.751856178 ], [ 35.618289948, 1.749822935 ], [ 35.619856153, 1.750742197 ], [ 35.628810247, 1.747005304 ], [ 35.638115819, 1.745325144 ], [ 35.641422817, 1.742542607 ], [ 35.648343768, 1.742156335 ], [ 35.658006396, 1.73375581 ], [ 35.66109848, 1.734048391 ], [ 35.665643964, 1.731343082 ], [ 35.669188817, 1.731197476 ], [ 35.673496246, 1.723253826 ], [ 35.67918614, 1.721442291 ], [ 35.688998222, 1.713631123 ], [ 35.701674144, 1.707235396 ], [ 35.717918396, 1.693855578 ], [ 35.71954902, 1.690650647 ], [ 35.725259145, 1.688998044 ], [ 35.738563538, 1.679049055 ], [ 35.759040832, 1.673850218 ], [ 35.76287651, 1.670113146 ], [ 35.771923065, 1.66609174 ], [ 35.781700134, 1.664295196 ], [ 35.785653114, 1.656131744 ], [ 36.097290039, 1.169311523 ], [ 36.173277303, 1.171238909 ], [ 36.317321777, 0.991516113 ], [ 36.342285156, 0.994110107 ], [ 36.342929416, 0.990196288 ], [ 36.346390823, 0.986556801 ], [ 36.348053683, 0.974517031 ], [ 36.351747282, 0.966980747 ], [ 36.364074707, 0.964294434 ], [ 36.366006408, 0.958968307 ], [ 36.370246492, 0.955911858 ], [ 36.375610352, 0.957275391 ], [ 36.384185791, 0.954864502 ], [ 36.384376571, 0.951636663 ], [ 36.389205619, 0.948807955 ], [ 36.390203588, 0.941795858 ], [ 36.388193012, 0.940731521 ], [ 36.388671875, 0.932128906 ], [ 36.387084961, 0.928710937 ], [ 36.393707275, 0.921203613 ], [ 36.393183194, 0.913503871 ], [ 36.393939614, 0.912393913 ], [ 36.395350252, 0.913119036 ], [ 36.419102108, 0.935277434 ], [ 36.431273513, 0.951690178 ], [ 36.445849325, 0.983627874 ], [ 36.450635367, 1.000924458 ], [ 36.453191951, 1.018281341 ], [ 36.442661399, 1.042822051 ], [ 36.444780526, 1.056163274 ], [ 36.44254034, 1.061629339 ], [ 36.443788964, 1.073490111 ], [ 36.439215924, 1.085107817 ], [ 36.438889803, 1.090052134 ], [ 36.440119574, 1.101197416 ], [ 36.444407868, 1.111550936 ], [ 36.444551611, 1.11589295 ], [ 36.439958361, 1.133004522 ], [ 36.43383539, 1.139736648 ], [ 36.436706543, 1.146728516 ], [ 36.434975643, 1.148938958 ], [ 36.435197713, 1.151884319 ], [ 36.440945545, 1.163453437 ], [ 36.442631893, 1.175222552 ], [ 36.438043075, 1.178581536 ], [ 36.432824313, 1.17893122 ], [ 36.419921875, 1.186889648 ], [ 36.398204433, 1.173661856 ], [ 36.394946445, 1.173248778 ], [ 36.391616528, 1.175825627 ], [ 36.388916016, 1.187927246 ], [ 36.39648524, 1.194534184 ], [ 36.397326815, 1.207818938 ], [ 36.394745076, 1.21872055 ], [ 36.395342389, 1.221053844 ], [ 36.406142944, 1.230262465 ], [ 36.41192627, 1.232299805 ], [ 36.416675797, 1.227352134 ], [ 36.421492293, 1.235634954 ], [ 36.420962761, 1.238977779 ], [ 36.415137948, 1.246214495 ], [ 36.414387261, 1.255253146 ], [ 36.412078562, 1.260026923 ], [ 36.40943033, 1.259264739 ], [ 36.406168396, 1.253205509 ], [ 36.404536393, 1.252509466 ], [ 36.396917166, 1.25539763 ], [ 36.389099121, 1.26348877 ], [ 36.388754965, 1.265945124 ], [ 36.391728659, 1.27017646 ], [ 36.394864963, 1.269882297 ], [ 36.398030355, 1.276527508 ], [ 36.402276217, 1.274153038 ], [ 36.405065198, 1.274274773 ], [ 36.409255009, 1.27875422 ], [ 36.416953874, 1.274791607 ], [ 36.42388916, 1.267089844 ], [ 36.430421408, 1.266817415 ], [ 36.447573089, 1.252194887 ], [ 36.451093319, 1.253515569 ], [ 36.453399091, 1.257709337 ], [ 36.450606767, 1.271670896 ], [ 36.44454742, 1.278164153 ], [ 36.440286312, 1.287492329 ], [ 36.436706543, 1.291320801 ], [ 36.438043075, 1.300877727 ], [ 36.436093888, 1.303809382 ], [ 36.426031112, 1.300030999 ], [ 36.421091731, 1.295842688 ], [ 36.415100098, 1.299072266 ], [ 36.40612793, 1.299682617 ], [ 36.403076172, 1.308105469 ], [ 36.396480086, 1.308511907 ], [ 36.393223162, 1.313203878 ], [ 36.396118164, 1.318481445 ], [ 36.403930664, 1.317321777 ], [ 36.41266246, 1.329716774 ], [ 36.421081543, 1.334716797 ], [ 36.422480575, 1.346474358 ], [ 36.425564494, 1.34946563 ], [ 36.433979365, 1.352854168 ], [ 36.442991368, 1.363056356 ], [ 36.460251671, 1.371567856 ], [ 36.465862205, 1.383777804 ], [ 36.466918945, 1.398681641 ], [ 36.46209639, 1.403078116 ], [ 36.455322266, 1.39831543 ], [ 36.449521568, 1.410913379 ], [ 36.447433622, 1.412334177 ], [ 36.441585496, 1.410729232 ], [ 36.43762141, 1.411730913 ], [ 36.428283691, 1.408508301 ], [ 36.427490234, 1.415283203 ], [ 36.419994242, 1.416763399 ], [ 36.409063374, 1.428461923 ], [ 36.401532528, 1.433320354 ], [ 36.39639424, 1.441821297 ], [ 36.392360518, 1.44534621 ], [ 36.386015625, 1.445669322 ], [ 36.380310059, 1.44152832 ], [ 36.373922338, 1.441960199 ], [ 36.367675781, 1.438476563 ], [ 36.354897616, 1.43766762 ], [ 36.348990345, 1.440461571 ], [ 36.341524293, 1.447538014 ], [ 36.326980706, 1.467084734 ], [ 36.322022439, 1.471509459 ], [ 36.316279989, 1.471887981 ], [ 36.292459127, 1.465154817 ], [ 36.289701575, 1.465908476 ], [ 36.28880419, 1.468487876 ], [ 36.299991492, 1.491343226 ], [ 36.296917393, 1.500118825 ], [ 36.299072266, 1.50592041 ], [ 36.298278809, 1.50970459 ], [ 36.300981112, 1.514872356 ], [ 36.301186209, 1.534824362 ], [ 36.302674569, 1.541236468 ], [ 36.334646297, 1.569435589 ], [ 36.344594685, 1.574827626 ], [ 36.34552002, 1.571472168 ], [ 36.357116699, 1.571105957 ], [ 36.358931258, 1.587074651 ], [ 36.37109375, 1.596313477 ], [ 36.377075496, 1.58608637 ], [ 36.37595361, 1.575107365 ], [ 36.372497559, 1.570678711 ], [ 36.375748534, 1.543294498 ], [ 36.390080409, 1.525096042 ], [ 36.394039901, 1.525673968 ], [ 36.397727462, 1.528086486 ], [ 36.413360251, 1.562294265 ], [ 36.420281942, 1.57042387 ], [ 36.426513672, 1.573120117 ], [ 36.428501815, 1.582677385 ], [ 36.432425645, 1.589311203 ], [ 36.433269218, 1.597022418 ], [ 36.437220494, 1.602071195 ], [ 36.441238718, 1.615022124 ], [ 36.444688973, 1.618441204 ], [ 36.447442782, 1.618774309 ], [ 36.455139792, 1.6147868 ], [ 36.462783211, 1.614818596 ], [ 36.46472168, 1.625488281 ], [ 36.469187557, 1.637290618 ], [ 36.47043296, 1.657259037 ], [ 36.477430362, 1.667605849 ], [ 36.481422171, 1.67989567 ], [ 36.486083984, 1.68347168 ], [ 36.487581795, 1.7051872 ], [ 36.499528599, 1.707415461 ], [ 36.503732695, 1.711605034 ], [ 36.504516602, 1.714111328 ], [ 36.503112793, 1.718505859 ], [ 36.508601912, 1.725074895 ], [ 36.509874283, 1.734241974 ], [ 36.515952987, 1.742563958 ], [ 36.520737036, 1.7426518 ], [ 36.522277832, 1.749694824 ], [ 36.5276353, 1.757501012 ], [ 36.526489258, 1.764099121 ], [ 36.525056912, 1.764103878 ], [ 36.522712496, 1.758447413 ], [ 36.519287109, 1.756896973 ], [ 36.518676758, 1.764526367 ], [ 36.512971493, 1.768590774 ], [ 36.51171875, 1.773071289 ], [ 36.512977108, 1.775282415 ], [ 36.518920898, 1.772277832 ], [ 36.519231453, 1.775118792 ], [ 36.516214473, 1.781742035 ], [ 36.522881991, 1.786111956 ], [ 36.524936607, 1.791032909 ], [ 36.522521973, 1.793273926 ], [ 36.526409194, 1.796142925 ], [ 36.534729004, 1.807128906 ], [ 36.524439869, 1.812145239 ], [ 36.515539364, 1.823227678 ], [ 36.514742635, 1.831083928 ], [ 36.516719026, 1.832189901 ], [ 36.522094727, 1.830688477 ], [ 36.524291992, 1.833404541 ], [ 36.521852157, 1.837266204 ], [ 36.524865622, 1.846883029 ], [ 36.522888184, 1.852722168 ], [ 36.519181453, 1.848689885 ], [ 36.516598932, 1.851972948 ], [ 36.515025741, 1.862611516 ], [ 36.515127879, 1.876699616 ], [ 36.515680916, 1.879484368 ], [ 36.520324707, 1.882507324 ], [ 36.521118164, 1.885498047 ], [ 36.524789071, 1.886613372 ], [ 36.525452694, 1.890285979 ], [ 36.528777808, 1.892709775 ], [ 36.53252325, 1.899877239 ], [ 36.538696289, 1.903198242 ], [ 36.537554414, 1.907701292 ], [ 36.54205268, 1.924276557 ], [ 36.539844967, 1.940112642 ], [ 36.541320801, 1.960327148 ], [ 36.539672852, 1.960876465 ], [ 36.536951034, 1.954732024 ], [ 36.534301758, 1.953674316 ], [ 36.532470703, 1.954284668 ], [ 36.532104492, 1.957275391 ], [ 36.535838569, 1.968729402 ], [ 36.541028158, 1.977925613 ], [ 36.546604194, 1.995816391 ], [ 36.545471191, 2.00012207 ], [ 36.5402295, 2.003637639 ], [ 36.541503906, 2.007507324 ], [ 36.543273926, 2.008117676 ], [ 36.54510498, 2.007873535 ], [ 36.547485352, 2.004089355 ], [ 36.547259476, 2.01761242 ], [ 36.54481523, 2.02173256 ], [ 36.544833258, 2.023970784 ], [ 36.547178698, 2.025538235 ], [ 36.546325684, 2.031311035 ], [ 36.547790527, 2.032470703 ], [ 36.549926758, 2.031677246 ], [ 36.55182784, 2.034690569 ], [ 36.556033553, 2.042929925 ], [ 36.556274414, 2.048522949 ], [ 36.569061428, 2.057966107 ], [ 36.566088436, 2.081083928 ], [ 36.567631893, 2.092490716 ], [ 36.564828084, 2.099833343 ], [ 36.564857196, 2.104432954 ], [ 36.580682137, 2.121869671 ], [ 36.583575797, 2.128452134 ], [ 36.585029403, 2.140891155 ], [ 36.588133962, 2.145801112 ], [ 36.589698739, 2.146931878 ], [ 36.595380854, 2.146722291 ], [ 36.600285499, 2.154240977 ], [ 36.609486434, 2.161717132 ], [ 36.612475797, 2.162652134 ], [ 36.611268342, 2.156918198 ], [ 36.620529598, 2.161475579 ], [ 36.636525203, 2.164229387 ], [ 36.648678719, 2.169140276 ], [ 36.658825155, 2.174889446 ], [ 36.670837117, 2.186870891 ], [ 36.681497176, 2.193275237 ], [ 36.687512339, 2.196061889 ], [ 36.701197528, 2.199146881 ], [ 36.703043223, 2.203056478 ], [ 36.700500488, 2.217712402 ], [ 36.70408868, 2.221615911 ], [ 36.711486816, 2.224121094 ], [ 36.712500106, 2.23049096 ], [ 36.710083008, 2.240112305 ], [ 36.713592643, 2.24504703 ], [ 36.714426668, 2.251539007 ], [ 36.712548045, 2.256975423 ], [ 36.707654177, 2.262351543 ], [ 36.709282674, 2.264872356 ], [ 36.715896192, 2.26802908 ], [ 36.722746006, 2.274355563 ], [ 36.723684823, 2.277052134 ], [ 36.722264085, 2.287105911 ], [ 36.724673104, 2.302038079 ], [ 36.601297078, 2.360826507 ], [ 36.60140938, 2.405183985 ], [ 36.60240457, 2.404801879 ], [ 36.592294693, 2.41343832 ], [ 36.586832682, 2.407401879 ], [ 36.57917281, 2.406810401 ], [ 36.57573986, 2.404030919 ], [ 36.568524933, 2.404795742 ], [ 36.566577148, 2.400146103 ], [ 36.559580803, 2.396591186 ], [ 36.552698408, 2.398773193 ], [ 36.548055649, 2.40304476 ], [ 36.542136192, 2.404333293 ], [ 36.538947296, 2.407633543 ], [ 36.532026927, 2.432215929 ], [ 36.5244929, 2.446192344 ], [ 36.524832916, 2.459002733 ], [ 36.529461169, 2.473516014 ], [ 36.527324676, 2.485194802 ], [ 36.528093338, 2.493267536 ], [ 36.531085968, 2.50006485 ], [ 36.530065537, 2.522756159 ], [ 36.524762154, 2.526741743 ], [ 36.524288178, 2.533013701 ], [ 36.515075684, 2.560253143 ], [ 36.494050979, 2.575446129 ], [ 36.475183487, 2.600260675 ], [ 36.472658158, 2.609517276 ], [ 36.463294983, 2.609710932 ], [ 36.454111099, 2.61215651 ], [ 36.442433039, 2.62652421 ], [ 36.441816966, 2.630209446 ], [ 36.438025157, 2.634503921 ], [ 36.438022137, 2.64365831 ], [ 36.434432983, 2.653833548 ], [ 36.436080933, 2.67049861 ], [ 36.434032917, 2.680074632 ], [ 36.438279788, 2.691786349 ], [ 36.447294235, 2.705492377 ], [ 36.439245224, 2.711679936 ], [ 36.431999842, 2.714978397 ], [ 36.429304123, 2.719078183 ], [ 36.421267509, 2.736703753 ], [ 36.421857198, 2.74584508 ], [ 36.418710708, 2.763497829 ], [ 36.413410187, 2.769401789 ], [ 36.412015279, 2.773872058 ], [ 36.399112701, 2.794453859 ], [ 36.387819926, 2.818949381 ], [ 36.386750513, 2.828572689 ], [ 36.380054474, 2.840062022 ], [ 36.367601395, 2.852039695 ], [ 36.363932133, 2.858600706 ], [ 36.360552788, 2.861456811 ], [ 36.346459707, 2.863456726 ], [ 36.32252121, 2.874658227 ], [ 36.299788157, 2.888448795 ], [ 36.291264852, 2.888642152 ], [ 36.282823563, 2.892458796 ], [ 36.26943334, 2.910020749 ], [ 36.266412735, 2.92411387 ], [ 36.261630376, 2.934580386 ], [ 36.260679245, 2.948130131 ], [ 36.258095318, 2.960277673 ], [ 36.254854202, 2.966465831 ], [ 36.254028956, 2.964954952 ], [ 36.255655289, 2.959265351 ], [ 36.254518509, 2.955057144 ], [ 36.246709824, 2.950558722 ], [ 36.234323501, 2.958267331 ], [ 36.230500222, 2.957662761 ], [ 36.225168705, 2.959208846 ], [ 36.224780628, 2.956604409 ], [ 36.223061879, 2.956053655 ], [ 36.216991425, 2.959969282 ], [ 36.201257706, 2.963071108 ], [ 36.192451477, 2.969245275 ], [ 36.179832458, 2.967318217 ], [ 36.170796966, 2.969151735 ], [ 36.165454864, 2.967650771 ], [ 36.140367508, 2.970533073 ], [ 36.134788513, 2.96827356 ], [ 36.133328597, 2.969527741 ], [ 36.135996819, 2.97361362 ], [ 36.137285868, 2.98044459 ], [ 36.130059281, 2.975347611 ], [ 36.129078865, 2.976496816 ], [ 36.129772186, 2.981168151 ], [ 36.125943184, 2.980167687 ], [ 36.123860931, 2.981172609 ], [ 36.127298355, 3.002517104 ], [ 36.13161064, 3.010021771 ], [ 36.136298917, 3.013857101 ], [ 36.136568069, 3.02858005 ], [ 36.140859604, 3.037456155 ], [ 36.142225266, 3.055500031 ], [ 36.141664505, 3.059056044 ], [ 36.139297485, 3.062091827 ], [ 36.140253703, 3.070906321 ], [ 36.141736984, 3.073458791 ], [ 36.145889282, 3.073530436 ], [ 36.148328781, 3.075112105 ], [ 36.151676178, 3.080500365 ], [ 36.152639389, 3.085806727 ], [ 36.152639389, 3.090808272 ], [ 36.149518967, 3.095028758 ], [ 36.152231216, 3.116247654 ], [ 36.149435043, 3.134674311 ], [ 36.145273209, 3.143262386 ], [ 36.139247894, 3.148880482 ], [ 36.138433456, 3.152109027 ], [ 36.138690949, 3.156098843 ], [ 36.150548935, 3.190992832 ], [ 36.152020772, 3.211482763 ], [ 36.151018574, 3.216804578 ], [ 36.148461024, 3.221833507 ], [ 36.144995689, 3.223399579 ], [ 36.140089035, 3.21690774 ], [ 36.142268658, 3.212232619 ], [ 36.140672684, 3.209253192 ], [ 36.128448486, 3.210881352 ], [ 36.119657517, 3.21393764 ], [ 36.110837936, 3.220811367 ], [ 36.100576782, 3.220580292 ], [ 36.084959984, 3.225597322 ], [ 36.071886063, 3.226485014 ], [ 36.051643372, 3.239017725 ], [ 36.050283432, 3.779731274 ], [ 36.04962349, 4.131873131 ], [ 36.050304409, 4.451455597 ] ] ] } },
{ "type": "Feature", "properties": { "shapeName": "West Pokot", "shapeISO": "", "shapeID": "84041B60516303049092", "shapeGroup": "KEN", "shapeType": "ADM1" }, "geometry": { "type": "Polygon", "coordinates": [ [ [ 34.945224915, 2.454653266 ], [ 34.942210013, 2.453934147 ], [ 34.942712148, 2.449705521 ], [ 34.940673393, 2.449802001 ], [ 34.937410013, 2.446834147 ], [ 34.935035387, 2.439279417 ], [ 34.930610013, 2.438734147 ], [ 34.930979156, 2.431245565 ], [ 34.916110013, 2.424134147 ], [ 34.91560804, 2.411041801 ], [ 34.913478435, 2.402280139 ], [ 34.914210013, 2.397034147 ], [ 34.917839051, 2.393856526 ], [ 34.916910013, 2.387134147 ], [ 34.917810013, 2.380834147 ], [ 34.947410013, 2.200734147 ], [ 34.980510013, 2.053134147 ], [ 34.983610013, 1.981434147 ], [ 34.992710013, 1.966634147 ], [ 35.027603176, 1.92281328 ], [ 35.000310013, 1.839534147 ], [ 34.998817444, 1.748936057 ], [ 34.99059557, 1.666705887 ], [ 34.959910013, 1.606334147 ], [ 34.943100282, 1.578322816 ], [ 34.922110013, 1.563134147 ], [ 34.905105591, 1.553473592 ], [ 34.889280404, 1.555903052 ], [ 34.863410013, 1.528734147 ], [ 34.854310013, 1.496034147 ], [ 34.856124352, 1.477508436 ], [ 34.853910013, 1.472234147 ], [ 34.852615039, 1.460414107 ], [ 34.848426819, 1.453127503 ], [ 34.844478607, 1.451624513 ], [ 34.836564067, 1.451570477 ], [ 34.827610013, 1.446134147 ], [ 34.81735611, 1.431528926 ], [ 34.80424033, 1.425620241 ], [ 34.798410013, 1.421034147 ], [ 34.792930603, 1.411804259 ], [ 34.786310013, 1.406934147 ], [ 34.778662765, 1.398222834 ], [ 34.777515941, 1.394680324 ], [ 34.775910013, 1.387934147 ], [ 34.776710013, 1.384234147 ], [ 34.780331612, 1.37949428 ], [ 34.785210013, 1.368534147 ], [ 34.828754425, 1.310319126 ], [ 34.829797745, 1.304424077 ], [ 34.828210013, 1.296634147 ], [ 34.828310013, 1.287334147 ], [ 34.829010013, 1.275834147 ], [ 34.830885569, 1.271197965 ], [ 34.819981833, 1.262267652 ], [ 34.906925201, 1.28382349 ], [ 34.905071259, 1.252435088 ], [ 34.939041138, 1.253647923 ], [ 34.969696045, 1.248559237 ], [ 34.994024277, 1.259239555 ], [ 35.01260376, 1.255875945 ], [ 35.025447846, 1.2341549 ], [ 35.043550492, 1.216475726 ], [ 35.036056519, 1.205042064 ], [ 35.042829514, 1.196006835 ], [ 35.046459834, 1.195288161 ], [ 35.061515808, 1.181810856 ], [ 35.065891266, 1.179724932 ], [ 35.070194244, 1.180269361 ], [ 35.073900223, 1.178541899 ], [ 35.080001831, 1.174394608 ], [ 35.084457397, 1.168980956 ], [ 35.087970734, 1.183583975 ], [ 35.116352081, 1.188575864 ], [ 35.119992937, 1.188576102 ], [ 35.125174522, 1.185084814 ], [ 35.151618894, 1.200574562 ], [ 35.237079616, 1.159567255 ], [ 35.325290868, 1.119952883 ], [ 35.357475797, 1.133752134 ], [ 35.500187081, 1.253029594 ], [ 35.544508919, 1.287057211 ], [ 35.55878067, 1.286497593 ], [ 35.559583028, 1.289460301 ], [ 35.567224956, 1.292028647 ], [ 35.57923317, 1.292132438 ], [ 35.588946473, 1.283250047 ], [ 35.606349945, 1.279281368 ], [ 35.612162957, 1.281780892 ], [ 35.617174703, 1.290183149 ], [ 35.627549818, 1.296227326 ], [ 35.631747499, 1.301351306 ], [ 35.672493926, 1.31613334 ], [ 35.687493621, 1.318830643 ], [ 35.697356819, 1.318756157 ], [ 35.697428165, 1.324865181 ], [ 35.700086594, 1.328926683 ], [ 35.696344376, 1.329832375 ], [ 35.698163033, 1.331114173 ], [ 35.695051193, 1.33505398 ], [ 35.696016947, 1.339158495 ], [ 35.690811052, 1.340343335 ], [ 35.688848942, 1.342163784 ], [ 35.692346573, 1.343756914 ], [ 35.687807083, 1.347132206 ], [ 35.690946579, 1.353247762 ], [ 35.68836689, 1.355788082 ], [ 35.687889099, 1.358869433 ], [ 35.691466518, 1.362982896 ], [ 35.691347123, 1.368383825 ], [ 35.694791794, 1.368242681 ], [ 35.69333458, 1.372747004 ], [ 35.702830307, 1.386584811 ], [ 35.699308395, 1.387871325 ], [ 35.699110032, 1.390352786 ], [ 35.702604287, 1.395770239 ], [ 35.70322146, 1.40079868 ], [ 35.704994864, 1.402199199 ], [ 35.71182251, 1.402525127 ], [ 35.710381239, 1.404939447 ], [ 35.706777573, 1.406053305 ], [ 35.707353592, 1.409875512 ], [ 35.710992227, 1.41172418 ], [ 35.710773972, 1.414207897 ], [ 35.707537311, 1.415403971 ], [ 35.706436157, 1.418801904 ], [ 35.70822525, 1.421271622 ], [ 35.70597744, 1.42899254 ], [ 35.708875861, 1.431795823 ], [ 35.706507683, 1.438160002 ], [ 35.711958528, 1.44233289 ], [ 35.71295166, 1.448027253 ], [ 35.7208708, 1.452766577 ], [ 35.720491409, 1.456894815 ], [ 35.722639543, 1.458029409 ], [ 35.723345729, 1.460637802 ], [ 35.719503374, 1.468423061 ], [ 35.719295564, 1.471814457 ], [ 35.720489502, 1.473959625 ], [ 35.724499999, 1.475429319 ], [ 35.727140773, 1.480906489 ], [ 35.729984997, 1.48193571 ], [ 35.729064942, 1.487543166 ], [ 35.735002518, 1.491400659 ], [ 35.742095205, 1.500713638 ], [ 35.742656439, 1.504630806 ], [ 35.751806269, 1.506072144 ], [ 35.752207921, 1.510591848 ], [ 35.755661565, 1.516383129 ], [ 35.761581421, 1.519258618 ], [ 35.760928367, 1.522222114 ], [ 35.763202946, 1.525684908 ], [ 35.763454437, 1.532699108 ], [ 35.769162908, 1.534431596 ], [ 35.768791156, 1.545183426 ], [ 35.770768076, 1.550181557 ], [ 35.773618184, 1.552801318 ], [ 35.775689642, 1.571895206 ], [ 35.779932022, 1.571875513 ], [ 35.779882431, 1.578411222 ], [ 35.78361937, 1.581111216 ], [ 35.779369777, 1.589380146 ], [ 35.782295797, 1.592927349 ], [ 35.780676801, 1.596471017 ], [ 35.781487162, 1.601082237 ], [ 35.779176712, 1.604588986 ], [ 35.784137975, 1.606627599 ], [ 35.786575318, 1.609638572 ], [ 35.780647278, 1.616843462 ], [ 35.780468078, 1.624154901 ], [ 35.790402805, 1.626416341 ], [ 35.787686545, 1.63156167 ], [ 35.784604342, 1.633661738 ], [ 35.781241918, 1.633693462 ], [ 35.77994529, 1.639326727 ], [ 35.777519226, 1.641286612 ], [ 35.777458191, 1.645037413 ], [ 35.781495595, 1.649106669 ], [ 35.779620019, 1.651084508 ], [ 35.779842377, 1.655390739 ], [ 35.780908341, 1.656535689 ], [ 35.785653114, 1.656131744 ], [ 35.781700134, 1.664295196 ], [ 35.771923065, 1.66609174 ], [ 35.76287651, 1.670113146 ], [ 35.759040832, 1.673850218 ], [ 35.738563538, 1.679049055 ], [ 35.725259145, 1.688998044 ], [ 35.71954902, 1.690650647 ], [ 35.717918396, 1.693855578 ], [ 35.701674144, 1.707235396 ], [ 35.688998222, 1.713631123 ], [ 35.67918614, 1.721442291 ], [ 35.673496246, 1.723253826 ], [ 35.669188817, 1.731197476 ], [ 35.665643964, 1.731343082 ], [ 35.66109848, 1.734048391 ], [ 35.658006396, 1.73375581 ], [ 35.648343768, 1.742156335 ], [ 35.641422817, 1.742542607 ], [ 35.638115819, 1.745325144 ], [ 35.628810247, 1.747005304 ], [ 35.619856153, 1.750742197 ], [ 35.618289948, 1.749822935 ], [ 35.613782883, 1.751856178 ], [ 35.60864385, 1.751283765 ], [ 35.607327325, 1.753403894 ], [ 35.603818893, 1.754566173 ], [ 35.598311901, 1.762656897 ], [ 35.593236651, 1.764393057 ], [ 35.586155653, 1.76065217 ], [ 35.58214669, 1.760114289 ], [ 35.574549103, 1.76272625 ], [ 35.569451904, 1.762358451 ], [ 35.56714621, 1.76004617 ], [ 35.561902046, 1.763248399 ], [ 35.559468587, 1.762346745 ], [ 35.54935379, 1.76649189 ], [ 35.545516332, 1.764550825 ], [ 35.53759079, 1.765840936 ], [ 35.532372951, 1.763774812 ], [ 35.528153229, 1.764241338 ], [ 35.515954018, 1.770282805 ], [ 35.503397941, 1.767034113 ], [ 35.499856741, 1.768320303 ], [ 35.498109272, 1.767191129 ], [ 35.498154958, 1.769683162 ], [ 35.496119908, 1.769174457 ], [ 35.494912581, 1.770531383 ], [ 35.497191959, 1.776112583 ], [ 35.491738796, 1.780614493 ], [ 35.492696381, 1.782868397 ], [ 35.490152359, 1.782247454 ], [ 35.487665994, 1.786653147 ], [ 35.485663096, 1.787364145 ], [ 35.485617744, 1.791489813 ], [ 35.482592106, 1.792794749 ], [ 35.482685089, 1.79747656 ], [ 35.475862715, 1.800408787 ], [ 35.47429657, 1.804609915 ], [ 35.470911843, 1.804673518 ], [ 35.474162292, 1.80715255 ], [ 35.4749794, 1.811081866 ], [ 35.477425575, 1.813266725 ], [ 35.477399614, 1.814256867 ], [ 35.473448435, 1.814156731 ], [ 35.472577667, 1.817425633 ], [ 35.476826032, 1.822687149 ], [ 35.474677722, 1.824928166 ], [ 35.476541693, 1.826621337 ], [ 35.474287669, 1.829493086 ], [ 35.472898483, 1.83749786 ], [ 35.469001897, 1.839828269 ], [ 35.467546781, 1.843265067 ], [ 35.461338043, 1.841494938 ], [ 35.457007408, 1.847636312 ], [ 35.453344172, 1.846216722 ], [ 35.451812744, 1.851287842 ], [ 35.369415283, 1.930275441 ], [ 35.374275207, 1.935795267 ], [ 35.374967575, 1.942808986 ], [ 35.377490997, 1.946873546 ], [ 35.381554604, 1.949728966 ], [ 35.386900829, 1.950827147 ], [ 35.39133606, 1.954860711 ], [ 35.38941129, 1.95759505 ], [ 35.389246941, 1.961097539 ], [ 35.390601742, 1.963559794 ], [ 35.393684387, 1.964873493 ], [ 35.343265533, 2.167423248 ], [ 35.311834335, 2.280207872 ], [ 35.307291031, 2.326702952 ], [ 35.306877136, 2.350660324 ], [ 35.303100586, 2.399074077 ], [ 35.297523499, 2.420642019 ], [ 35.29510498, 2.425506473 ], [ 35.291711807, 2.428517223 ], [ 35.272212982, 2.437429071 ], [ 35.250478109, 2.439798196 ], [ 35.245644161, 2.445381602 ], [ 35.232281276, 2.447117533 ], [ 35.228780111, 2.450051308 ], [ 35.223332805, 2.459098298 ], [ 35.221087138, 2.466442585 ], [ 35.220478058, 2.478653987 ], [ 35.215454102, 2.496263822 ], [ 35.212882996, 2.542492628 ], [ 35.186870575, 2.571516275 ], [ 35.185844421, 2.578922153 ], [ 35.178459168, 2.598057628 ], [ 35.166841507, 2.616694569 ], [ 35.157470703, 2.628444433 ], [ 35.131702423, 2.645117998 ], [ 35.112628937, 2.652656197 ], [ 35.108102798, 2.647885084 ], [ 35.096138001, 2.645504594 ], [ 35.092313767, 2.641445518 ], [ 35.081123352, 2.635423064 ], [ 35.074245453, 2.624446392 ], [ 35.065425873, 2.620865464 ], [ 35.059495926, 2.606847167 ], [ 35.059831619, 2.599308968 ], [ 35.056524277, 2.587243795 ], [ 35.058315277, 2.573672891 ], [ 35.05550766, 2.563703418 ], [ 35.038650513, 2.533906698 ], [ 35.027225494, 2.517304301 ], [ 35.019699097, 2.509043813 ], [ 35.015657425, 2.497721553 ], [ 35.020465851, 2.483680248 ], [ 35.019313812, 2.47081852 ], [ 35.021835327, 2.464494705 ], [ 35.019325256, 2.456733465 ], [ 35.022853851, 2.442851782 ], [ 35.025623321, 2.439893007 ], [ 35.025562287, 2.432598511 ], [ 34.970230102, 2.444276333 ], [ 34.952026367, 2.455008745 ], [ 34.945224915, 2.454653266 ] ] ] } },
{ "type": "Feature", "properties": { "shapeName": "Samburu", "shapeISO": "", "shapeID": "84041B68820083537026", "shapeGroup": "KEN", "shapeType": "ADM1" }, "geometry": { "type": "Polygon", "coordinates": [ [ [ 36.60240457, 2.404801879 ], [ 36.60140938, 2.405183985 ], [ 36.601297078, 2.360826507 ], [ 36.724673104, 2.302038079 ], [ 36.722264085, 2.287105911 ], [ 36.723684823, 2.277052134 ], [ 36.722746006, 2.274355563 ], [ 36.715896192, 2.26802908 ], [ 36.709282674, 2.264872356 ], [ 36.707654177, 2.262351543 ], [ 36.712548045, 2.256975423 ], [ 36.714426668, 2.251539007 ], [ 36.713592643, 2.24504703 ], [ 36.710083008, 2.240112305 ], [ 36.712500106, 2.23049096 ], [ 36.711486816, 2.224121094 ], [ 36.70408868, 2.221615911 ], [ 36.700500488, 2.217712402 ], [ 36.703043223, 2.203056478 ], [ 36.701197528, 2.199146881 ], [ 36.687512339, 2.196061889 ], [ 36.681497176, 2.193275237 ], [ 36.670837117, 2.186870891 ], [ 36.658825155, 2.174889446 ], [ 36.648678719, 2.169140276 ], [ 36.636525203, 2.164229387 ], [ 36.620529598, 2.161475579 ], [ 36.611268342, 2.156918198 ], [ 36.612475797, 2.162652134 ], [ 36.609486434, 2.161717132 ], [ 36.600285499, 2.154240977 ], [ 36.595380854, 2.146722291 ], [ 36.589698739, 2.146931878 ], [ 36.588133962, 2.145801112 ], [ 36.585029403, 2.140891155 ], [ 36.583575797, 2.128452134 ], [ 36.580682137, 2.121869671 ], [ 36.564857196, 2.104432954 ], [ 36.564828084, 2.099833343 ], [ 36.567631893, 2.092490716 ], [ 36.566088436, 2.081083928 ], [ 36.569061428, 2.057966107 ], [ 36.556274414, 2.048522949 ], [ 36.556033553, 2.042929925 ], [ 36.55182784, 2.034690569 ], [ 36.549926758, 2.031677246 ], [ 36.547790527, 2.032470703 ], [ 36.546325684, 2.031311035 ], [ 36.547178698, 2.025538235 ], [ 36.544833258, 2.023970784 ], [ 36.54481523, 2.02173256 ], [ 36.547259476, 2.01761242 ], [ 36.547485352, 2.004089355 ], [ 36.54510498, 2.007873535 ], [ 36.543273926, 2.008117676 ], [ 36.541503906, 2.007507324 ], [ 36.5402295, 2.003637639 ], [ 36.545471191, 2.00012207 ], [ 36.546604194, 1.995816391 ], [ 36.541028158, 1.977925613 ], [ 36.535838569, 1.968729402 ], [ 36.532104492, 1.957275391 ], [ 36.532470703, 1.954284668 ], [ 36.534301758, 1.953674316 ], [ 36.536951034, 1.954732024 ], [ 36.539672852, 1.960876465 ], [ 36.541320801, 1.960327148 ], [ 36.539844967, 1.940112642 ], [ 36.54205268, 1.924276557 ], [ 36.537554414, 1.907701292 ], [ 36.538696289, 1.903198242 ], [ 36.53252325, 1.899877239 ], [ 36.528777808, 1.892709775 ], [ 36.525452694, 1.890285979 ], [ 36.524789071, 1.886613372 ], [ 36.521118164, 1.885498047 ], [ 36.520324707, 1.882507324 ], [ 36.515680916, 1.879484368 ], [ 36.515127879, 1.876699616 ], [ 36.515025741, 1.862611516 ], [ 36.516598932, 1.851972948 ], [ 36.519181453, 1.848689885 ], [ 36.522888184, 1.852722168 ], [ 36.524865622, 1.846883029 ], [ 36.521852157, 1.837266204 ], [ 36.524291992, 1.833404541 ], [ 36.522094727, 1.830688477 ], [ 36.516719026, 1.832189901 ], [ 36.514742635, 1.831083928 ], [ 36.515539364, 1.823227678 ], [ 36.524439869, 1.812145239 ], [ 36.534729004, 1.807128906 ], [ 36.526409194, 1.796142925 ], [ 36.522521973, 1.793273926 ], [ 36.524936607, 1.791032909 ], [ 36.522881991, 1.786111956 ], [ 36.516214473, 1.781742035 ], [ 36.519231453, 1.775118792 ], [ 36.518920898, 1.772277832 ], [ 36.512977108, 1.775282415 ], [ 36.51171875, 1.773071289 ], [ 36.512971493, 1.768590774 ], [ 36.518676758, 1.764526367 ], [ 36.519287109, 1.756896973 ], [ 36.522712496, 1.758447413 ], [ 36.525056912, 1.764103878 ], [ 36.526489258, 1.764099121 ], [ 36.5276353, 1.757501012 ], [ 36.522277832, 1.749694824 ], [ 36.520737036, 1.7426518 ], [ 36.515952987, 1.742563958 ], [ 36.509874283, 1.734241974 ], [ 36.508601912, 1.725074895 ], [ 36.503112793, 1.718505859 ], [ 36.504516602, 1.714111328 ], [ 36.503732695, 1.711605034 ], [ 36.499528599, 1.707415461 ], [ 36.487581795, 1.7051872 ], [ 36.486083984, 1.68347168 ], [ 36.481422171, 1.67989567 ], [ 36.477430362, 1.667605849 ], [ 36.47043296, 1.657259037 ], [ 36.469187557, 1.637290618 ], [ 36.46472168, 1.625488281 ], [ 36.462783211, 1.614818596 ], [ 36.455139792, 1.6147868 ], [ 36.447442782, 1.618774309 ], [ 36.444688973, 1.618441204 ], [ 36.441238718, 1.615022124 ], [ 36.437220494, 1.602071195 ], [ 36.433269218, 1.597022418 ], [ 36.432425645, 1.589311203 ], [ 36.428501815, 1.582677385 ], [ 36.426513672, 1.573120117 ], [ 36.420281942, 1.57042387 ], [ 36.413360251, 1.562294265 ], [ 36.397727462, 1.528086486 ], [ 36.394039901, 1.525673968 ], [ 36.390080409, 1.525096042 ], [ 36.375748534, 1.543294498 ], [ 36.372497559, 1.570678711 ], [ 36.37595361, 1.575107365 ], [ 36.377075496, 1.58608637 ], [ 36.37109375, 1.596313477 ], [ 36.358931258, 1.587074651 ], [ 36.357116699, 1.571105957 ], [ 36.34552002, 1.571472168 ], [ 36.344594685, 1.574827626 ], [ 36.334646297, 1.569435589 ], [ 36.302674569, 1.541236468 ], [ 36.301186209, 1.534824362 ], [ 36.300981112, 1.514872356 ], [ 36.298278809, 1.50970459 ], [ 36.299072266, 1.50592041 ], [ 36.296917393, 1.500118825 ], [ 36.299991492, 1.491343226 ], [ 36.28880419, 1.468487876 ], [ 36.289701575, 1.465908476 ], [ 36.292459127, 1.465154817 ], [ 36.316279989, 1.471887981 ], [ 36.322022439, 1.471509459 ], [ 36.326980706, 1.467084734 ], [ 36.341524293, 1.447538014 ], [ 36.348990345, 1.440461571 ], [ 36.354897616, 1.43766762 ], [ 36.367675781, 1.438476563 ], [ 36.373922338, 1.441960199 ], [ 36.380310059, 1.44152832 ], [ 36.386015625, 1.445669322 ], [ 36.392360518, 1.44534621 ], [ 36.39639424, 1.441821297 ], [ 36.401532528, 1.433320354 ], [ 36.409063374, 1.428461923 ], [ 36.419994242, 1.416763399 ], [ 36.427490234, 1.415283203 ], [ 36.428283691, 1.408508301 ], [ 36.43762141, 1.411730913 ], [ 36.441585496, 1.410729232 ], [ 36.447433622, 1.412334177 ], [ 36.449521568, 1.410913379 ], [ 36.455322266, 1.39831543 ], [ 36.46209639, 1.403078116 ], [ 36.466918945, 1.398681641 ], [ 36.465862205, 1.383777804 ], [ 36.460251671, 1.371567856 ], [ 36.442991368, 1.363056356 ], [ 36.433979365, 1.352854168 ], [ 36.425564494, 1.34946563 ], [ 36.422480575, 1.346474358 ], [ 36.421081543, 1.334716797 ], [ 36.41266246, 1.329716774 ], [ 36.403930664, 1.317321777 ], [ 36.396118164, 1.318481445 ], [ 36.393223162, 1.313203878 ], [ 36.396480086, 1.308511907 ], [ 36.403076172, 1.308105469 ], [ 36.40612793, 1.299682617 ], [ 36.415100098, 1.299072266 ], [ 36.421091731, 1.295842688 ], [ 36.426031112, 1.300030999 ], [ 36.436093888, 1.303809382 ], [ 36.438043075, 1.300877727 ], [ 36.436706543, 1.291320801 ], [ 36.440286312, 1.287492329 ], [ 36.44454742, 1.278164153 ], [ 36.450606767, 1.271670896 ], [ 36.453399091, 1.257709337 ], [ 36.451093319, 1.253515569 ], [ 36.447573089, 1.252194887 ], [ 36.430421408, 1.266817415 ], [ 36.42388916, 1.267089844 ], [ 36.416953874, 1.274791607 ], [ 36.409255009, 1.27875422 ], [ 36.405065198, 1.274274773 ], [ 36.402276217, 1.274153038 ], [ 36.398030355, 1.276527508 ], [ 36.394864963, 1.269882297 ], [ 36.391728659, 1.27017646 ], [ 36.388754965, 1.265945124 ], [ 36.389099121, 1.26348877 ], [ 36.396917166, 1.25539763 ], [ 36.404536393, 1.252509466 ], [ 36.406168396, 1.253205509 ], [ 36.40943033, 1.259264739 ], [ 36.412078562, 1.260026923 ], [ 36.414387261, 1.255253146 ], [ 36.415137948, 1.246214495 ], [ 36.420962761, 1.238977779 ], [ 36.421492293, 1.235634954 ], [ 36.416675797, 1.227352134 ], [ 36.41192627, 1.232299805 ], [ 36.406142944, 1.230262465 ], [ 36.395342389, 1.221053844 ], [ 36.394745076, 1.21872055 ], [ 36.397326815, 1.207818938 ], [ 36.39648524, 1.194534184 ], [ 36.388916016, 1.187927246 ], [ 36.391616528, 1.175825627 ], [ 36.394946445, 1.173248778 ], [ 36.398204433, 1.173661856 ], [ 36.419921875, 1.186889648 ], [ 36.432824313, 1.17893122 ], [ 36.438043075, 1.178581536 ], [ 36.442631893, 1.175222552 ], [ 36.440945545, 1.163453437 ], [ 36.435197713, 1.151884319 ], [ 36.434975643, 1.148938958 ], [ 36.436706543, 1.146728516 ], [ 36.43383539, 1.139736648 ], [ 36.439958361, 1.133004522 ], [ 36.444551611, 1.11589295 ], [ 36.444407868, 1.111550936 ], [ 36.440119574, 1.101197416 ], [ 36.438889803, 1.090052134 ], [ 36.439215924, 1.085107817 ], [ 36.443788964, 1.073490111 ], [ 36.44254034, 1.061629339 ], [ 36.444780526, 1.056163274 ], [ 36.442661399, 1.042822051 ], [ 36.453191951, 1.018281341 ], [ 36.450635367, 1.000924458 ], [ 36.445849325, 0.983627874 ], [ 36.431273513, 0.951690178 ], [ 36.419102108, 0.935277434 ], [ 36.395350252, 0.913119036 ], [ 36.394475797, 0.910902134 ], [ 36.397375797, 0.905052134 ], [ 36.402985771, 0.901755645 ], [ 36.410575797, 0.900652134 ], [ 36.417475797, 0.902752134 ], [ 36.419675797, 0.901852134 ], [ 36.424526338, 0.897288891 ], [ 36.424175797, 0.894652134 ], [ 36.42698744, 0.888763049 ], [ 36.444175797, 0.873352134 ], [ 36.446875797, 0.871952134 ], [ 36.456975797, 0.872052134 ], [ 36.460275797, 0.870352134 ], [ 36.465275797, 0.865652134 ], [ 36.471175797, 0.863852134 ], [ 36.472975797, 0.860152134 ], [ 36.481475797, 0.853752134 ], [ 36.484675797, 0.854252134 ], [ 36.48966469, 0.847837823 ], [ 36.483853869, 0.824365949 ], [ 36.482897334, 0.816414835 ], [ 36.484886706, 0.814827897 ], [ 36.67477582, 0.814953238 ], [ 36.675443098, 0.818214036 ], [ 36.679155845, 0.818314567 ], [ 36.680557251, 0.820689828 ], [ 36.702191914, 0.823161029 ], [ 36.713113166, 0.819899251 ], [ 36.735294607, 0.82933062 ], [ 36.738624409, 0.831808577 ], [ 36.756871126, 0.860552014 ], [ 36.781435513, 0.869422993 ], [ 36.793138499, 0.871326993 ], [ 36.81918335, 0.855947673 ], [ 36.819291018, 0.842796931 ], [ 36.833022323, 0.815255527 ], [ 36.834353665, 0.8029454 ], [ 36.843381695, 0.796654835 ], [ 36.841752004, 0.791932524 ], [ 36.842362844, 0.789493549 ], [ 36.85054781, 0.774472817 ], [ 36.861760718, 0.748903642 ], [ 36.862682292, 0.74261173 ], [ 36.86499019, 0.739374366 ], [ 36.886834145, 0.736162047 ], [ 36.888181529, 0.738173247 ], [ 36.893027475, 0.740017836 ], [ 36.902490025, 0.741216845 ], [ 36.904479351, 0.738527653 ], [ 36.908127785, 0.737387419 ], [ 36.908355539, 0.731459738 ], [ 36.915100767, 0.729133303 ], [ 36.920320479, 0.739333669 ], [ 36.928520463, 0.741573221 ], [ 36.930795159, 0.744529334 ], [ 36.931532857, 0.748645842 ], [ 36.934942305, 0.75405473 ], [ 36.940364802, 0.748830488 ], [ 36.948096861, 0.744538442 ], [ 36.966588174, 0.74315624 ], [ 36.970611378, 0.744775296 ], [ 36.973347368, 0.747886747 ], [ 36.979336261, 0.745437218 ], [ 36.992159068, 0.748842264 ], [ 36.995077525, 0.751492668 ], [ 37.001610683, 0.75094972 ], [ 37.008206986, 0.752708974 ], [ 37.042971326, 0.765161884 ], [ 37.058329618, 0.772762627 ], [ 37.060593761, 0.768259585 ], [ 37.067792777, 0.76649137 ], [ 37.069680355, 0.767607777 ], [ 37.07041199, 0.77843529 ], [ 37.08623615, 0.782898866 ], [ 37.091322528, 0.783055524 ], [ 37.101224344, 0.787557935 ], [ 37.106403669, 0.786438844 ], [ 37.10921785, 0.780869494 ], [ 37.116590551, 0.782890748 ], [ 37.123209161, 0.777523575 ], [ 37.126930924, 0.766407362 ], [ 37.134367302, 0.759951698 ], [ 37.150011639, 0.760922785 ], [ 37.151108362, 0.75421745 ], [ 37.161391246, 0.752097354 ], [ 37.165206344, 0.743801733 ], [ 37.170349103, 0.743878895 ], [ 37.174691923, 0.745911285 ], [ 37.180491729, 0.743238318 ], [ 37.199814482, 0.747148402 ], [ 37.204046593, 0.746021758 ], [ 37.206283125, 0.742264348 ], [ 37.21383825, 0.740195601 ], [ 37.2187679, 0.740394938 ], [ 37.225774591, 0.745200676 ], [ 37.230259876, 0.750351513 ], [ 37.235164524, 0.752322077 ], [ 37.244668286, 0.762754539 ], [ 37.256207232, 0.764641294 ], [ 37.270721189, 0.751184266 ], [ 37.27371638, 0.74570062 ], [ 37.288565714, 0.737758317 ], [ 37.290556765, 0.731993483 ], [ 37.299801284, 0.721681137 ], [ 37.304713664, 0.705122012 ], [ 37.307709306, 0.702410149 ], [ 37.313212719, 0.687766441 ], [ 37.325369069, 0.668231431 ], [ 37.325890731, 0.660237481 ], [ 37.33130356, 0.651946305 ], [ 37.342180477, 0.647128518 ], [ 37.343031429, 0.640000996 ], [ 37.347475206, 0.634972411 ], [ 37.34855312, 0.628792403 ], [ 37.352711737, 0.623346122 ], [ 37.351840962, 0.617371834 ], [ 37.354312897, 0.601652384 ], [ 37.36366122, 0.599774274 ], [ 37.364448558, 0.588845988 ], [ 37.36736507, 0.587619459 ], [ 37.372931846, 0.589069292 ], [ 37.389031076, 0.578539825 ], [ 37.392456055, 0.578004963 ], [ 37.407480046, 0.581032728 ], [ 37.424187911, 0.580608766 ], [ 37.428897858, 0.584805787 ], [ 37.436202724, 0.580957273 ], [ 37.440819368, 0.583421455 ], [ 37.446206942, 0.581699079 ], [ 37.461513199, 0.587363307 ], [ 37.466217809, 0.593403635 ], [ 37.471023464, 0.594177097 ], [ 37.477693261, 0.589460843 ], [ 37.480320775, 0.589303764 ], [ 37.482375797, 0.590852134 ], [ 37.491441152, 0.590156876 ], [ 37.493011491, 0.586257531 ], [ 37.490870983, 0.579754999 ], [ 37.502753791, 0.575826232 ], [ 37.507643771, 0.570534259 ], [ 37.515145778, 0.567909931 ], [ 37.522931582, 0.571542758 ], [ 37.53206858, 0.566833623 ], [ 37.534651923, 0.568167383 ], [ 37.538838478, 0.575222904 ], [ 37.54503936, 0.578852017 ], [ 37.550999297, 0.574208391 ], [ 37.557387751, 0.571680116 ], [ 37.562994353, 0.573108956 ], [ 37.565822344, 0.571853432 ], [ 37.573475188, 0.575443546 ], [ 37.579963907, 0.574133021 ], [ 37.582401401, 0.577006932 ], [ 37.581461251, 0.585507594 ], [ 37.582557679, 0.588867784 ], [ 37.589525843, 0.588890343 ], [ 37.596114995, 0.592675246 ], [ 37.605265526, 0.592191979 ], [ 37.617917857, 0.600973219 ], [ 37.622770471, 0.599250708 ], [ 37.626764469, 0.60132793 ], [ 37.630358895, 0.597941226 ], [ 37.633056727, 0.598078375 ], [ 37.636321697, 0.601547184 ], [ 37.637136063, 0.609332286 ], [ 37.642385507, 0.615159533 ], [ 37.638312988, 0.615111804 ], [ 37.639561491, 0.622828677 ], [ 37.643909214, 0.62305049 ], [ 37.645934038, 0.627881055 ], [ 37.650063158, 0.632380095 ], [ 37.666676972, 0.634888331 ], [ 37.674540098, 0.642039026 ], [ 37.676429019, 0.640287978 ], [ 37.678226223, 0.643017838 ], [ 37.681582326, 0.64347236 ], [ 37.683137751, 0.646251086 ], [ 37.68284637, 0.652416184 ], [ 37.685106707, 0.657485577 ], [ 37.692170216, 0.664832968 ], [ 37.698043246, 0.664818659 ], [ 37.704469081, 0.668291215 ], [ 37.709575797, 0.669052134 ], [ 37.712515838, 0.66581691 ], [ 37.71387874, 0.661417714 ], [ 37.725498752, 0.655585809 ], [ 37.728056728, 0.657211581 ], [ 37.730646841, 0.662460347 ], [ 37.735993245, 0.662683302 ], [ 37.737818963, 0.66639905 ], [ 37.741282628, 0.6684119 ], [ 37.744552984, 0.675148709 ], [ 37.74940472, 0.677322821 ], [ 37.758661026, 0.672816706 ], [ 37.76977044, 0.674760705 ], [ 37.776387314, 0.678093799 ], [ 37.783353209, 0.677730902 ], [ 37.792255842, 0.672038472 ], [ 37.802535151, 0.676483026 ], [ 37.815963512, 0.676787892 ], [ 37.82330923, 0.680144189 ], [ 37.833301863, 0.679987521 ], [ 37.836527164, 0.681832333 ], [ 37.844509082, 0.691349257 ], [ 37.844986388, 0.693734952 ], [ 37.842747242, 0.699773235 ], [ 37.843998524, 0.706564192 ], [ 37.84840813, 0.715302409 ], [ 37.860083368, 0.721000891 ], [ 37.867298938, 0.727618964 ], [ 37.874102322, 0.729675205 ], [ 37.876372043, 0.733518616 ], [ 37.874180141, 0.737136257 ], [ 37.877965565, 0.744781024 ], [ 37.890679624, 0.738265864 ], [ 37.893805518, 0.730630449 ], [ 37.896415242, 0.728383649 ], [ 37.902270969, 0.729433391 ], [ 37.903403384, 0.727696204 ], [ 37.901928282, 0.72286044 ], [ 37.905542815, 0.721160759 ], [ 37.909213436, 0.72216319 ], [ 37.911220704, 0.7192218 ], [ 37.911807939, 0.714747028 ], [ 37.915281874, 0.714214259 ], [ 37.919365221, 0.720059156 ], [ 37.925026787, 0.720183155 ], [ 37.929520313, 0.723298705 ], [ 37.945956093, 0.744938205 ], [ 37.955039908, 0.745820015 ], [ 37.959696039, 0.752030085 ], [ 37.972707867, 0.756313537 ], [ 37.973548972, 0.760746185 ], [ 37.98590422, 0.777885183 ], [ 37.994333662, 0.779287175 ], [ 37.999834814, 0.788288604 ], [ 38.004582272, 0.789223553 ], [ 38.008728837, 0.793570203 ], [ 38.008258079, 0.802223462 ], [ 38.013333394, 0.805667015 ], [ 38.015996674, 0.804777131 ], [ 38.01571589, 0.797420475 ], [ 38.022087423, 0.799353273 ], [ 38.031198049, 0.792347995 ], [ 38.045099158, 0.788001328 ], [ 38.046978052, 0.783642486 ], [ 38.053652176, 0.779231436 ], [ 38.05963472, 0.779409166 ], [ 38.070287908, 0.783494469 ], [ 38.0804941, 0.783750558 ], [ 38.046843477, 0.805623032 ], [ 38.032641714, 1.085485238 ], [ 38.000945321, 1.128829294 ], [ 37.973481826, 1.16195005 ], [ 37.949182015, 1.19424069 ], [ 37.946302442, 1.263430463 ], [ 37.951669884, 1.38732822 ], [ 37.853486175, 1.459164576 ], [ 37.850065367, 1.452606664 ], [ 37.850214268, 1.446542964 ], [ 37.846580505, 1.442815781 ], [ 37.84717982, 1.43577005 ], [ 37.843844024, 1.429711308 ], [ 37.844730377, 1.42635715 ], [ 37.843049144, 1.425553332 ], [ 37.831881687, 1.42495525 ], [ 37.825955581, 1.420434304 ], [ 37.817666634, 1.422752913 ], [ 37.810660927, 1.417868242 ], [ 37.800305229, 1.418061591 ], [ 37.795319753, 1.41457072 ], [ 37.787835044, 1.415488838 ], [ 37.784861034, 1.4186105 ], [ 37.782495265, 1.418856457 ], [ 37.778217316, 1.411554456 ], [ 37.770145072, 1.414097736 ], [ 37.763044454, 1.41378868 ], [ 37.755976994, 1.411530583 ], [ 37.747829437, 1.413014889 ], [ 37.736424532, 1.406858332 ], [ 37.713568698, 1.407651102 ], [ 37.693085979, 1.402573231 ], [ 37.684618588, 1.398972256 ], [ 37.676929474, 1.403275967 ], [ 37.672857958, 1.401882352 ], [ 37.67039107, 1.399070259 ], [ 37.662109245, 1.397927242 ], [ 37.658718109, 1.39490056 ], [ 37.654060451, 1.400846745 ], [ 37.64769616, 1.398330683 ], [ 37.640293996, 1.391127284 ], [ 37.63338788, 1.387574311 ], [ 37.630283356, 1.383506179 ], [ 37.624072789, 1.383125313 ], [ 37.623073578, 1.377565384 ], [ 37.617451485, 1.377349492 ], [ 37.611185204, 1.37494406 ], [ 37.60493621, 1.378306909 ], [ 37.599672303, 1.390738633 ], [ 37.597611341, 1.389783217 ], [ 37.597072601, 1.384090424 ], [ 37.591139658, 1.379166516 ], [ 37.588306427, 1.368021369 ], [ 37.580711365, 1.364028454 ], [ 37.582756042, 1.370358706 ], [ 37.581560589, 1.373246567 ], [ 37.577525388, 1.379870923 ], [ 37.574182015, 1.380370972 ], [ 37.570579571, 1.388363768 ], [ 37.564544678, 1.389739037 ], [ 37.558888972, 1.39610903 ], [ 37.499871142, 1.500552037 ], [ 37.474164617, 1.55137468 ], [ 37.408931702, 1.650288628 ], [ 37.359884798, 1.728149701 ], [ 37.344297094, 1.736573287 ], [ 37.305332734, 1.751568997 ], [ 37.274034304, 1.869895151 ], [ 37.233255807, 1.872584445 ], [ 37.219567666, 1.891385721 ], [ 37.181072109, 1.918074994 ], [ 37.171367116, 1.927144582 ], [ 37.163931411, 1.940171702 ], [ 37.161220806, 1.964583615 ], [ 37.157571892, 1.963737349 ], [ 37.122857039, 1.967138554 ], [ 37.093155816, 1.974752519 ], [ 37.075356127, 1.982531053 ], [ 37.011352724, 1.984426859 ], [ 37.008356282, 1.986035245 ], [ 36.997271978, 1.999759567 ], [ 36.976494353, 2.008647762 ], [ 36.948789791, 2.026483725 ], [ 36.937466918, 2.02527453 ], [ 36.924391878, 2.018071072 ], [ 36.91632843, 2.019161463 ], [ 36.919242175, 2.034518748 ], [ 36.919657692, 2.053447187 ], [ 36.921733304, 2.060161538 ], [ 36.918966277, 2.084728028 ], [ 36.918857574, 2.101357222 ], [ 36.91462641, 2.101849909 ], [ 36.911842052, 2.104836601 ], [ 36.913785634, 2.12636915 ], [ 36.901599285, 2.157255203 ], [ 36.894888537, 2.192729956 ], [ 36.892274373, 2.195640746 ], [ 36.864594188, 2.254452182 ], [ 36.844554319, 2.274961546 ], [ 36.770555156, 2.482544225 ], [ 36.765474105, 2.493645325 ], [ 36.759192238, 2.514763586 ], [ 36.753977263, 2.515847644 ], [ 36.748698937, 2.513775066 ], [ 36.739681224, 2.514092302 ], [ 36.709377289, 2.507565498 ], [ 36.707328796, 2.511460543 ], [ 36.700530942, 2.512255108 ], [ 36.702666275, 2.497353716 ], [ 36.701876696, 2.486540623 ], [ 36.703569744, 2.478698985 ], [ 36.697689056, 2.4642272 ], [ 36.699754766, 2.459058786 ], [ 36.69896498, 2.454266264 ], [ 36.696327209, 2.454001427 ], [ 36.688081097, 2.458409993 ], [ 36.685496077, 2.457775785 ], [ 36.670784121, 2.443293936 ], [ 36.661625557, 2.428818133 ], [ 36.657865893, 2.420032423 ], [ 36.650838468, 2.417839172 ], [ 36.648506165, 2.41319561 ], [ 36.644389129, 2.417598092 ], [ 36.643539429, 2.417091131 ], [ 36.643858817, 2.405622909 ], [ 36.641300201, 2.395373344 ], [ 36.638572693, 2.391187429 ], [ 36.638675797, 2.406652134 ], [ 36.635087967, 2.40433979 ], [ 36.631465912, 2.411832094 ], [ 36.626642687, 2.414091156 ], [ 36.623088837, 2.414558887 ], [ 36.62170848, 2.413222613 ], [ 36.621516448, 2.403696845 ], [ 36.619356864, 2.398725123 ], [ 36.616451734, 2.397370914 ], [ 36.607399067, 2.396082502 ], [ 36.60240457, 2.404801879 ] ] ] } },
{ "type": "Feature", "properties": { "shapeName": "Trans Nzoia", "shapeISO": "", "shapeID": "84041B30774600407111", "shapeGroup": "KEN", "shapeType": "ADM1" }, "geometry": { "type": "Polygon", "coordinates": [ [ [ 34.819981833, 1.262267652 ], [ 34.818010013, 1.257834147 ], [ 34.817894936, 1.251031682 ], [ 34.811720431, 1.24455279 ], [ 34.811044693, 1.239772916 ], [ 34.806910013, 1.235434147 ], [ 34.805486043, 1.23152705 ], [ 34.794187546, 1.222185806 ], [ 34.782310013, 1.223934147 ], [ 34.778666497, 1.222190559 ], [ 34.774464004, 1.222844802 ], [ 34.768424988, 1.218750517 ], [ 34.759210013, 1.221334147 ], [ 34.749300003, 1.220030606 ], [ 34.743110013, 1.220934147 ], [ 34.739805857, 1.219420592 ], [ 34.710264206, 1.215377331 ], [ 34.701210013, 1.215834147 ], [ 34.691238404, 1.212299109 ], [ 34.669610013, 1.207834147 ], [ 34.667310013, 1.204634147 ], [ 34.663261414, 1.192411662 ], [ 34.648332596, 1.179007411 ], [ 34.641687481, 1.176282342 ], [ 34.636968613, 1.172190845 ], [ 34.619843805, 1.166797431 ], [ 34.611334483, 1.159144759 ], [ 34.57975852, 1.150184714 ], [ 34.609134168, 1.111792441 ], [ 34.61632467, 1.105143167 ], [ 34.632023408, 1.093428296 ], [ 34.641552084, 1.090570012 ], [ 34.652597679, 1.084292033 ], [ 34.661765517, 1.083589713 ], [ 34.651127948, 1.056890944 ], [ 34.656329208, 1.052829878 ], [ 34.739271468, 0.940107045 ], [ 34.766743999, 0.923579774 ], [ 34.768487246, 0.923052839 ], [ 34.777697904, 0.926219924 ], [ 34.785257132, 0.925959125 ], [ 34.797639523, 0.915764074 ], [ 34.800705453, 0.906506499 ], [ 34.79881769, 0.903628304 ], [ 34.793885305, 0.902034506 ], [ 34.792425031, 0.897377029 ], [ 34.789400296, 0.895411064 ], [ 34.786682784, 0.891015443 ], [ 34.790109916, 0.886940091 ], [ 34.789482893, 0.884561611 ], [ 34.79306217, 0.873543764 ], [ 34.795603652, 0.870508274 ], [ 34.795529174, 0.858876128 ], [ 34.799448613, 0.849559375 ], [ 34.804874353, 0.845641344 ], [ 34.805287375, 0.839976617 ], [ 34.810423429, 0.827036769 ], [ 34.811311367, 0.815099879 ], [ 34.809090189, 0.807500812 ], [ 34.870614232, 0.82630057 ], [ 34.914330894, 0.848448564 ], [ 34.919506231, 0.849690642 ], [ 34.925796223, 0.855463426 ], [ 34.928971119, 0.856224574 ], [ 34.931639686, 0.854272926 ], [ 34.933603281, 0.854746072 ], [ 34.937851977, 0.860670599 ], [ 34.942449959, 0.871314405 ], [ 34.950870007, 0.871067819 ], [ 34.966759049, 0.874883376 ], [ 34.965783291, 0.879775012 ], [ 34.98791936, 0.88639183 ], [ 34.985305728, 0.880859097 ], [ 35.018852651, 0.887698068 ], [ 35.019104207, 0.890648113 ], [ 35.024166163, 0.896798258 ], [ 35.028083603, 0.897384459 ], [ 35.029297371, 0.895485357 ], [ 35.032098579, 0.895027366 ], [ 35.03242118, 0.897219935 ], [ 35.039395759, 0.899159444 ], [ 35.040978257, 0.902545878 ], [ 35.046508729, 0.902767162 ], [ 35.047757722, 0.900302859 ], [ 35.051508319, 0.903393149 ], [ 35.06226717, 0.898207815 ], [ 35.066807213, 0.899085839 ], [ 35.068882968, 0.897444728 ], [ 35.073870304, 0.900329557 ], [ 35.07798375, 0.898615596 ], [ 35.082629299, 0.894154242 ], [ 35.080862333, 0.89159248 ], [ 35.081190233, 0.889381576 ], [ 35.082412077, 0.887608982 ], [ 35.083661301, 0.887978184 ], [ 35.085040245, 0.884268557 ], [ 35.087130662, 0.883912782 ], [ 35.086254985, 0.882265172 ], [ 35.087976806, 0.881272222 ], [ 35.088686831, 0.882558821 ], [ 35.09269973, 0.882302628 ], [ 35.093639394, 0.880326125 ], [ 35.098571864, 0.879349428 ], [ 35.098095746, 0.877941681 ], [ 35.100977904, 0.875721257 ], [ 35.104782604, 0.876067076 ], [ 35.108119076, 0.87809985 ], [ 35.108982607, 0.881227756 ], [ 35.113724617, 0.882973972 ], [ 35.117691676, 0.887365431 ], [ 35.11362629, 0.893698342 ], [ 35.115342322, 0.898991035 ], [ 35.117150625, 0.900377591 ], [ 35.116395678, 0.908326839 ], [ 35.120838166, 0.910971963 ], [ 35.120358277, 0.912923479 ], [ 35.127126694, 0.914826289 ], [ 35.128212738, 0.921422672 ], [ 35.134538015, 0.920552443 ], [ 35.140300115, 0.922373688 ], [ 35.143779755, 0.919538538 ], [ 35.152431806, 0.920731639 ], [ 35.15496254, 0.91935724 ], [ 35.166130066, 0.92418017 ], [ 35.172568003, 0.921482056 ], [ 35.178927104, 0.924003105 ], [ 35.18126406, 0.923353876 ], [ 35.183292389, 0.925674677 ], [ 35.190538134, 0.927312527 ], [ 35.196333567, 0.926416298 ], [ 35.199134827, 0.923929095 ], [ 35.207866669, 0.924177825 ], [ 35.222311974, 0.921168462 ], [ 35.228877068, 0.923547643 ], [ 35.233789444, 0.927944571 ], [ 35.235013962, 0.931229636 ], [ 35.238815308, 0.933802962 ], [ 35.244074822, 0.934570879 ], [ 35.24642086, 0.939541549 ], [ 35.252426624, 0.94213628 ], [ 35.258489227, 0.939116871 ], [ 35.260238648, 0.939499661 ], [ 35.262187958, 0.936976672 ], [ 35.270166779, 0.936883926 ], [ 35.273077012, 0.92984435 ], [ 35.278419495, 0.922638834 ], [ 35.284535217, 0.92160964 ], [ 35.292955399, 0.916065454 ], [ 35.293309212, 0.91086489 ], [ 35.2954325, 0.908728302 ], [ 35.295747375, 0.904942465 ], [ 35.298815728, 0.899804682 ], [ 35.302736282, 0.898686832 ], [ 35.302984238, 0.894572318 ], [ 35.305228424, 0.89217639 ], [ 35.32982254, 0.934801996 ], [ 35.334466935, 0.929858327 ], [ 35.3489151, 0.922272325 ], [ 35.359651263, 0.945917085 ], [ 35.343860582, 0.948961941 ], [ 35.340373323, 0.964424566 ], [ 35.346134069, 0.967806306 ], [ 35.337431197, 0.969718944 ], [ 35.339776993, 0.974741698 ], [ 35.352322843, 0.980795966 ], [ 35.34388707, 1.001553147 ], [ 35.343471649, 1.005972131 ], [ 35.359758504, 1.009449199 ], [ 35.362117763, 1.011066029 ], [ 35.361972396, 1.020667115 ], [ 35.312980033, 1.037974415 ], [ 35.271071693, 1.063620749 ], [ 35.2421264, 1.075319216 ], [ 35.217688378, 1.116852686 ], [ 35.202065732, 1.118242256 ], [ 35.178167369, 1.156194538 ], [ 35.160694497, 1.180453254 ], [ 35.151618894, 1.200574562 ], [ 35.125174522, 1.185084814 ], [ 35.119992937, 1.188576102 ], [ 35.116352081, 1.188575864 ], [ 35.087970734, 1.183583975 ], [ 35.084457397, 1.168980956 ], [ 35.080001831, 1.174394608 ], [ 35.073900223, 1.178541899 ], [ 35.070194244, 1.180269361 ], [ 35.065891266, 1.179724932 ], [ 35.061515808, 1.181810856 ], [ 35.046459834, 1.195288161 ], [ 35.042829514, 1.196006835 ], [ 35.036056519, 1.205042064 ], [ 35.043550492, 1.216475726 ], [ 35.025447846, 1.2341549 ], [ 35.01260376, 1.255875945 ], [ 34.994024277, 1.259239555 ], [ 34.969696045, 1.248559237 ], [ 34.939041138, 1.253647923 ], [ 34.905071259, 1.252435088 ], [ 34.906925201, 1.28382349 ], [ 34.819981833, 1.262267652 ] ] ] } },
{ "type": "Feature", "properties": { "shapeName": "Uasin Gishu", "shapeISO": "", "shapeID": "84041B13275604476180", "shapeGroup": "KEN", "shapeType": "ADM1" }, "geometry": { "type": "Polygon", "coordinates": [ [ [ 35.113724617, 0.882973972 ], [ 35.116180212, 0.85227506 ], [ 35.125255015, 0.821110089 ], [ 35.125877834, 0.829245418 ], [ 35.128996761, 0.830754373 ], [ 35.137680128, 0.830731448 ], [ 35.144796658, 0.828453301 ], [ 35.144416057, 0.740929895 ], [ 35.155378964, 0.741432709 ], [ 35.155020719, 0.675822149 ], [ 35.15153816, 0.669180156 ], [ 35.154610854, 0.665199789 ], [ 35.154895782, 0.662673444 ], [ 35.147846222, 0.660372853 ], [ 35.141307503, 0.661978364 ], [ 35.133909226, 0.656199724 ], [ 35.125006358, 0.655327499 ], [ 35.119592571, 0.650128659 ], [ 35.117641449, 0.650263953 ], [ 35.115988512, 0.642435148 ], [ 35.110732722, 0.643594466 ], [ 35.103791354, 0.647766044 ], [ 35.096314654, 0.637839162 ], [ 35.09160262, 0.635668401 ], [ 35.086148109, 0.630339761 ], [ 35.083618703, 0.631727386 ], [ 35.069529984, 0.630012215 ], [ 35.068372621, 0.63278639 ], [ 35.062780951, 0.634206813 ], [ 35.058067317, 0.632174763 ], [ 35.053765459, 0.632968762 ], [ 35.052477465, 0.636838587 ], [ 35.044388656, 0.638555538 ], [ 35.039615105, 0.641178977 ], [ 35.040625551, 0.632964581 ], [ 35.035184382, 0.628783463 ], [ 35.03475716, 0.624408604 ], [ 35.031567393, 0.61801888 ], [ 35.027268995, 0.61442138 ], [ 35.000391342, 0.639165634 ], [ 34.994082738, 0.631015715 ], [ 34.990856578, 0.631305342 ], [ 34.986233184, 0.628837878 ], [ 34.981550334, 0.628410282 ], [ 34.976871513, 0.625136782 ], [ 34.970834403, 0.615069237 ], [ 34.968433169, 0.614509999 ], [ 34.965835082, 0.611170608 ], [ 34.96294257, 0.610231704 ], [ 34.957805871, 0.611565653 ], [ 34.953298828, 0.609180471 ], [ 34.943497714, 0.608736594 ], [ 34.935601358, 0.60475579 ], [ 34.920464116, 0.592697984 ], [ 34.908129072, 0.597156424 ], [ 34.898951103, 0.606187975 ], [ 34.890778577, 0.607946082 ], [ 34.897472298, 0.601236564 ], [ 34.852139774, 0.547814196 ], [ 35.044617691, 0.563082222 ], [ 35.099573513, 0.54056075 ], [ 35.105073734, 0.556184709 ], [ 35.109393875, 0.550142756 ], [ 35.114629364, 0.54904089 ], [ 35.116291682, 0.546964556 ], [ 35.125768317, 0.546376584 ], [ 35.128581403, 0.545278588 ], [ 35.129386139, 0.543365157 ], [ 35.134340929, 0.543034574 ], [ 35.137175797, 0.537652134 ], [ 35.141506195, 0.537251902 ], [ 35.144681295, 0.53978914 ], [ 35.156459234, 0.539676055 ], [ 35.162005881, 0.54326823 ], [ 35.164490886, 0.546763996 ], [ 35.166277761, 0.546956254 ], [ 35.159739696, 0.506544397 ], [ 35.158319772, 0.505420043 ], [ 35.158081465, 0.501574955 ], [ 35.152611628, 0.487650116 ], [ 35.141987448, 0.473339542 ], [ 35.150203507, 0.457109624 ], [ 35.170768453, 0.425660247 ], [ 35.176834742, 0.42090042 ], [ 35.181005813, 0.408961105 ], [ 35.185109554, 0.402547954 ], [ 35.194033152, 0.381603966 ], [ 35.228172899, 0.322911067 ], [ 35.289713649, 0.23316361 ], [ 35.298802694, 0.22618156 ], [ 35.306475503, 0.22397912 ], [ 35.31186676, 0.219270486 ], [ 35.322029114, 0.228940964 ], [ 35.326052348, 0.227247317 ], [ 35.331838608, 0.221876942 ], [ 35.334077835, 0.216707207 ], [ 35.341959, 0.206987411 ], [ 35.356956482, 0.215404801 ], [ 35.35796992, 0.210625661 ], [ 35.366121292, 0.199993148 ], [ 35.365550995, 0.187328652 ], [ 35.361965179, 0.191341653 ], [ 35.354110718, 0.19127591 ], [ 35.3472929, 0.194441516 ], [ 35.340967178, 0.194758862 ], [ 35.342292786, 0.171609148 ], [ 35.335933685, 0.159631148 ], [ 35.335664113, 0.143894514 ], [ 35.334196727, 0.143059125 ], [ 35.356437683, 0.131254464 ], [ 35.369685173, 0.128196821 ], [ 35.375751495, 0.117686868 ], [ 35.378320058, 0.115815202 ], [ 35.380407333, 0.117805336 ], [ 35.384262085, 0.11714546 ], [ 35.387008667, 0.114788644 ], [ 35.371576945, 0.072912522 ], [ 35.368962288, 0.072198495 ], [ 35.36426878, 0.074004273 ], [ 35.362148285, 0.072471602 ], [ 35.359296587, 0.065432912 ], [ 35.349734306, 0.06560058 ], [ 35.347387314, 0.061786739 ], [ 35.369049072, 0.043239407 ], [ 35.390235901, 0.036721658 ], [ 35.404117584, 0.028947417 ], [ 35.435141924, 0.02719983 ], [ 35.466289592, 0.027888496 ], [ 35.471034973, 0.020363453 ], [ 35.457912535, 0.014182832 ], [ 35.457771301, 0.010578523 ], [ 35.480620427, 0.015919803 ], [ 35.493539551, 0.015266472 ], [ 35.497754099, 0.012633892 ], [ 35.498654657, 0.010334914 ], [ 35.513974921, 0.008911581 ], [ 35.516593933, 0.01562296 ], [ 35.522920966, 0.015837419 ], [ 35.525959777, 0.039044735 ], [ 35.535686742, 0.040111978 ], [ 35.542987629, 0.042849159 ], [ 35.546498015, 0.057668503 ], [ 35.539323062, 0.060731794 ], [ 35.539076895, 0.063943285 ], [ 35.545416889, 0.071932052 ], [ 35.539889316, 0.079596555 ], [ 35.541627936, 0.089347888 ], [ 35.573660475, 0.066313455 ], [ 35.575398974, 0.115668289 ], [ 35.590579368, 0.14885478 ], [ 35.588071294, 0.170541873 ], [ 35.578039849, 0.18026643 ], [ 35.574594549, 0.185756187 ], [ 35.568764918, 0.187012524 ], [ 35.567863909, 0.198961964 ], [ 35.555083828, 0.190867744 ], [ 35.512694014, 0.189525304 ], [ 35.519659541, 0.198028966 ], [ 35.52061047, 0.204429646 ], [ 35.530676796, 0.220947681 ], [ 35.534761937, 0.223342404 ], [ 35.537150108, 0.223067869 ], [ 35.540172069, 0.225855013 ], [ 35.534503937, 0.229934037 ], [ 35.53093933, 0.228634349 ], [ 35.526847306, 0.230799871 ], [ 35.512324664, 0.228915466 ], [ 35.505209411, 0.225757977 ], [ 35.496341746, 0.231957991 ], [ 35.48582138, 0.250548353 ], [ 35.494617462, 0.258359402 ], [ 35.490971297, 0.264145685 ], [ 35.499417796, 0.278774448 ], [ 35.500286727, 0.28875813 ], [ 35.499225334, 0.290970184 ], [ 35.50416776, 0.294870415 ], [ 35.495163391, 0.313849408 ], [ 35.495729828, 0.315002 ], [ 35.509498596, 0.315387279 ], [ 35.513608933, 0.323598489 ], [ 35.511967654, 0.325533157 ], [ 35.506793976, 0.326757416 ], [ 35.502987476, 0.335992081 ], [ 35.496375797, 0.344952134 ], [ 35.487990094, 0.351220957 ], [ 35.482662918, 0.351939448 ], [ 35.480774797, 0.360051068 ], [ 35.473912703, 0.364318991 ], [ 35.468778392, 0.370109099 ], [ 35.470516205, 0.379132956 ], [ 35.478972626, 0.383276993 ], [ 35.481302179, 0.380805821 ], [ 35.488075256, 0.381340176 ], [ 35.484893799, 0.386989802 ], [ 35.479328156, 0.389585227 ], [ 35.479579926, 0.393516362 ], [ 35.487190247, 0.405330479 ], [ 35.481191442, 0.405565644 ], [ 35.482075797, 0.409852134 ], [ 35.480600322, 0.421013163 ], [ 35.476250766, 0.426340994 ], [ 35.472680274, 0.44970246 ], [ 35.470223843, 0.450971984 ], [ 35.46749115, 0.455819905 ], [ 35.461611751, 0.45611973 ], [ 35.463301849, 0.507202011 ], [ 35.475157065, 0.554856525 ], [ 35.481161621, 0.590550315 ], [ 35.460415712, 0.624971346 ], [ 35.423577984, 0.679448283 ], [ 35.413042098, 0.697795346 ], [ 35.411673997, 0.702835588 ], [ 35.417493392, 0.704650642 ], [ 35.440056139, 0.70501983 ], [ 35.504955292, 0.703761041 ], [ 35.504771636, 0.712971061 ], [ 35.498736027, 0.716075041 ], [ 35.493584637, 0.728420356 ], [ 35.497250124, 0.748086934 ], [ 35.491560168, 0.748875876 ], [ 35.490909577, 0.751264692 ], [ 35.494675451, 0.753379055 ], [ 35.497584362, 0.750643313 ], [ 35.500958779, 0.760791775 ], [ 35.507479145, 0.767548371 ], [ 35.505054474, 0.775252313 ], [ 35.502328872, 0.774786592 ], [ 35.501790075, 0.776857706 ], [ 35.499245948, 0.820057593 ], [ 35.496693788, 0.820670932 ], [ 35.493297577, 0.824266121 ], [ 35.482621371, 0.82504809 ], [ 35.489612333, 0.842219935 ], [ 35.490175724, 0.849293575 ], [ 35.493067169, 0.855145967 ], [ 35.491352081, 0.856160855 ], [ 35.491904439, 0.859874251 ], [ 35.490264326, 0.867650037 ], [ 35.487938715, 0.870010629 ], [ 35.488383037, 0.877849602 ], [ 35.45615387, 0.878294766 ], [ 35.458403396, 0.883960041 ], [ 35.462848205, 0.889264606 ], [ 35.465520969, 0.899251072 ], [ 35.468603561, 0.90200592 ], [ 35.415975383, 0.90934867 ], [ 35.414593275, 0.915863411 ], [ 35.420438308, 0.939628709 ], [ 35.385577232, 0.946050864 ], [ 35.381149292, 0.939683199 ], [ 35.377606586, 0.938216697 ], [ 35.359651263, 0.945917085 ], [ 35.3489151, 0.922272325 ], [ 35.334466935, 0.929858327 ], [ 35.32982254, 0.934801996 ], [ 35.305228424, 0.89217639 ], [ 35.302984238, 0.894572318 ], [ 35.302736282, 0.898686832 ], [ 35.298815728, 0.899804682 ], [ 35.295747375, 0.904942465 ], [ 35.2954325, 0.908728302 ], [ 35.293309212, 0.91086489 ], [ 35.292955399, 0.916065454 ], [ 35.284535217, 0.92160964 ], [ 35.278419495, 0.922638834 ], [ 35.273077012, 0.92984435 ], [ 35.270166779, 0.936883926 ], [ 35.262187958, 0.936976672 ], [ 35.260238648, 0.939499661 ], [ 35.258489227, 0.939116871 ], [ 35.252426624, 0.94213628 ], [ 35.24642086, 0.939541549 ], [ 35.244074822, 0.934570879 ], [ 35.238815308, 0.933802962 ], [ 35.235013962, 0.931229636 ], [ 35.233789444, 0.927944571 ], [ 35.228877068, 0.923547643 ], [ 35.222311974, 0.921168462 ], [ 35.207866669, 0.924177825 ], [ 35.199134827, 0.923929095 ], [ 35.196333567, 0.926416298 ], [ 35.190538134, 0.927312527 ], [ 35.183292389, 0.925674677 ], [ 35.18126406, 0.923353876 ], [ 35.178927104, 0.924003105 ], [ 35.172568003, 0.921482056 ], [ 35.166130066, 0.92418017 ], [ 35.15496254, 0.91935724 ], [ 35.152431806, 0.920731639 ], [ 35.143779755, 0.919538538 ], [ 35.140300115, 0.922373688 ], [ 35.134538015, 0.920552443 ], [ 35.128212738, 0.921422672 ], [ 35.127126694, 0.914826289 ], [ 35.120358277, 0.912923479 ], [ 35.120838166, 0.910971963 ], [ 35.116395678, 0.908326839 ], [ 35.117150625, 0.900377591 ], [ 35.115342322, 0.898991035 ], [ 35.11362629, 0.893698342 ], [ 35.117691676, 0.887365431 ], [ 35.113724617, 0.882973972 ] ] ] } },
{ "type": "Feature", "properties": { "shapeName": "Elgeyo-Marakwet", "shapeISO": "", "shapeID": "84041B60058764890390", "shapeGroup": "KEN", "shapeType": "ADM1" }, "geometry": { "type": "Polygon", "coordinates": [ [ [ 35.151618894, 1.200574562 ], [ 35.160694497, 1.180453254 ], [ 35.178167369, 1.156194538 ], [ 35.202065732, 1.118242256 ], [ 35.217688378, 1.116852686 ], [ 35.2421264, 1.075319216 ], [ 35.271071693, 1.063620749 ], [ 35.312980033, 1.037974415 ], [ 35.361972396, 1.020667115 ], [ 35.362117763, 1.011066029 ], [ 35.359758504, 1.009449199 ], [ 35.343471649, 1.005972131 ], [ 35.34388707, 1.001553147 ], [ 35.352322843, 0.980795966 ], [ 35.339776993, 0.974741698 ], [ 35.337431197, 0.969718944 ], [ 35.346134069, 0.967806306 ], [ 35.340373323, 0.964424566 ], [ 35.343860582, 0.948961941 ], [ 35.359651263, 0.945917085 ], [ 35.377606586, 0.938216697 ], [ 35.381149292, 0.939683199 ], [ 35.385577232, 0.946050864 ], [ 35.420438308, 0.939628709 ], [ 35.414593275, 0.915863411 ], [ 35.415975383, 0.90934867 ], [ 35.468603561, 0.90200592 ], [ 35.465520969, 0.899251072 ], [ 35.462848205, 0.889264606 ], [ 35.458403396, 0.883960041 ], [ 35.45615387, 0.878294766 ], [ 35.488383037, 0.877849602 ], [ 35.487938715, 0.870010629 ], [ 35.490264326, 0.867650037 ], [ 35.491904439, 0.859874251 ], [ 35.491352081, 0.856160855 ], [ 35.493067169, 0.855145967 ], [ 35.490175724, 0.849293575 ], [ 35.489612333, 0.842219935 ], [ 35.482621371, 0.82504809 ], [ 35.493297577, 0.824266121 ], [ 35.496693788, 0.820670932 ], [ 35.499245948, 0.820057593 ], [ 35.501790075, 0.776857706 ], [ 35.502328872, 0.774786592 ], [ 35.505054474, 0.775252313 ], [ 35.507479145, 0.767548371 ], [ 35.500958779, 0.760791775 ], [ 35.497584362, 0.750643313 ], [ 35.494675451, 0.753379055 ], [ 35.490909577, 0.751264692 ], [ 35.491560168, 0.748875876 ], [ 35.497250124, 0.748086934 ], [ 35.493584637, 0.728420356 ], [ 35.498736027, 0.716075041 ], [ 35.504771636, 0.712971061 ], [ 35.504955292, 0.703761041 ], [ 35.440056139, 0.70501983 ], [ 35.417493392, 0.704650642 ], [ 35.411673997, 0.702835588 ], [ 35.413042098, 0.697795346 ], [ 35.423577984, 0.679448283 ], [ 35.460415712, 0.624971346 ], [ 35.481161621, 0.590550315 ], [ 35.475157065, 0.554856525 ], [ 35.463301849, 0.507202011 ], [ 35.461611751, 0.45611973 ], [ 35.46749115, 0.455819905 ], [ 35.470223843, 0.450971984 ], [ 35.472680274, 0.44970246 ], [ 35.476250766, 0.426340994 ], [ 35.480600322, 0.421013163 ], [ 35.482075797, 0.409852134 ], [ 35.481191442, 0.405565644 ], [ 35.487190247, 0.405330479 ], [ 35.479579926, 0.393516362 ], [ 35.479328156, 0.389585227 ], [ 35.484893799, 0.386989802 ], [ 35.488075256, 0.381340176 ], [ 35.481302179, 0.380805821 ], [ 35.478972626, 0.383276993 ], [ 35.470516205, 0.379132956 ], [ 35.468778392, 0.370109099 ], [ 35.473912703, 0.364318991 ], [ 35.480774797, 0.360051068 ], [ 35.482662918, 0.351939448 ], [ 35.487990094, 0.351220957 ], [ 35.496375797, 0.344952134 ], [ 35.502987476, 0.335992081 ], [ 35.506793976, 0.326757416 ], [ 35.511967654, 0.325533157 ], [ 35.513608933, 0.323598489 ], [ 35.509498596, 0.315387279 ], [ 35.495729828, 0.315002 ], [ 35.495163391, 0.313849408 ], [ 35.50416776, 0.294870415 ], [ 35.499225334, 0.290970184 ], [ 35.500286727, 0.28875813 ], [ 35.499417796, 0.278774448 ], [ 35.490971297, 0.264145685 ], [ 35.494617462, 0.258359402 ], [ 35.48582138, 0.250548353 ], [ 35.496341746, 0.231957991 ], [ 35.505209411, 0.225757977 ], [ 35.512324664, 0.228915466 ], [ 35.526847306, 0.230799871 ], [ 35.53093933, 0.228634349 ], [ 35.534503937, 0.229934037 ], [ 35.540172069, 0.225855013 ], [ 35.537150108, 0.223067869 ], [ 35.534761937, 0.223342404 ], [ 35.530676796, 0.220947681 ], [ 35.52061047, 0.204429646 ], [ 35.519659541, 0.198028966 ], [ 35.512694014, 0.189525304 ], [ 35.555083828, 0.190867744 ], [ 35.567863909, 0.198961964 ], [ 35.568764918, 0.187012524 ], [ 35.574594549, 0.185756187 ], [ 35.578039849, 0.18026643 ], [ 35.588071294, 0.170541873 ], [ 35.664875797, 0.170452134 ], [ 35.692975797, 0.178152134 ], [ 35.695309131, 0.179385468 ], [ 35.692775797, 0.185252134 ], [ 35.693257911, 0.188676475 ], [ 35.700375797, 0.194752134 ], [ 35.706075797, 0.203352134 ], [ 35.716775797, 0.207552134 ], [ 35.717975797, 0.211052134 ], [ 35.722425797, 0.214952134 ], [ 35.720275797, 0.236352134 ], [ 35.713775797, 0.252052134 ], [ 35.709375797, 0.257552134 ], [ 35.709275797, 0.260352134 ], [ 35.710275797, 0.268752134 ], [ 35.712875797, 0.271152134 ], [ 35.711875797, 0.273652134 ], [ 35.713775797, 0.277252134 ], [ 35.714575797, 0.288652134 ], [ 35.713825797, 0.294652134 ], [ 35.715275797, 0.302052134 ], [ 35.712675797, 0.316152134 ], [ 35.716575797, 0.322552134 ], [ 35.717675797, 0.330952134 ], [ 35.720475797, 0.337952134 ], [ 35.722675797, 0.339752134 ], [ 35.719075797, 0.345952134 ], [ 35.721975797, 0.351252134 ], [ 35.720116311, 0.356540757 ], [ 35.709375797, 0.359952134 ], [ 35.706475797, 0.365552134 ], [ 35.704275797, 0.364352134 ], [ 35.701975797, 0.365452134 ], [ 35.698091354, 0.369720829 ], [ 35.696675797, 0.369452134 ], [ 35.697075797, 0.366452134 ], [ 35.687573911, 0.37204553 ], [ 35.683625797, 0.373302134 ], [ 35.680875797, 0.372552134 ], [ 35.679175797, 0.375352134 ], [ 35.673975797, 0.376952134 ], [ 35.666875797, 0.384152134 ], [ 35.666875797, 0.387452134 ], [ 35.660975797, 0.388952134 ], [ 35.658860586, 0.394900103 ], [ 35.654975797, 0.399752134 ], [ 35.656775797, 0.407652134 ], [ 35.661075797, 0.411452134 ], [ 35.654075797, 0.428052134 ], [ 35.654575797, 0.437202134 ], [ 35.652874476, 0.446804288 ], [ 35.651475797, 0.449552134 ], [ 35.646375797, 0.452952134 ], [ 35.646475797, 0.463552134 ], [ 35.632675797, 0.484252134 ], [ 35.632875797, 0.495452134 ], [ 35.630475797, 0.495852134 ], [ 35.630675797, 0.502852134 ], [ 35.625375797, 0.503652134 ], [ 35.614775797, 0.509452134 ], [ 35.612575797, 0.517252134 ], [ 35.613875797, 0.519502134 ], [ 35.611375797, 0.525452134 ], [ 35.602875797, 0.533952134 ], [ 35.602675797, 0.537952134 ], [ 35.605275797, 0.542952134 ], [ 35.602375797, 0.556452134 ], [ 35.610275797, 0.569752134 ], [ 35.613386954, 0.580753656 ], [ 35.61168151, 0.588566308 ], [ 35.612525797, 0.591602134 ], [ 35.598375797, 0.603852134 ], [ 35.596275797, 0.622052134 ], [ 35.600275797, 0.629352134 ], [ 35.599884214, 0.63192695 ], [ 35.601575797, 0.635252134 ], [ 35.606375797, 0.639952134 ], [ 35.608775797, 0.645452134 ], [ 35.607675797, 0.655352134 ], [ 35.605575797, 0.657102134 ], [ 35.604175797, 0.670652134 ], [ 35.606075797, 0.673552134 ], [ 35.608775797, 0.672952134 ], [ 35.615675797, 0.678552134 ], [ 35.619175797, 0.677952134 ], [ 35.625375797, 0.679852134 ], [ 35.623775797, 0.686452134 ], [ 35.625575797, 0.688152134 ], [ 35.628675797, 0.687952134 ], [ 35.627775797, 0.690152134 ], [ 35.631875797, 0.692552134 ], [ 35.631225797, 0.696102134 ], [ 35.634875797, 0.701552134 ], [ 35.633675797, 0.703052134 ], [ 35.632475797, 0.714652134 ], [ 35.630125797, 0.717152134 ], [ 35.631249907, 0.719708885 ], [ 35.630518901, 0.721784893 ], [ 35.626475797, 0.725852134 ], [ 35.628575797, 0.726852134 ], [ 35.626725797, 0.729052134 ], [ 35.622875797, 0.730852134 ], [ 35.623394765, 0.73420448 ], [ 35.620875797, 0.736252134 ], [ 35.620375797, 0.739852134 ], [ 35.625475797, 0.745852134 ], [ 35.626056809, 0.75549409 ], [ 35.628525797, 0.765302134 ], [ 35.634275797, 0.778552134 ], [ 35.634457653, 0.786452959 ], [ 35.637075797, 0.788852134 ], [ 35.637075797, 0.791552134 ], [ 35.634575797, 0.795552134 ], [ 35.635775797, 0.798552134 ], [ 35.634125797, 0.806152134 ], [ 35.634975797, 0.809952134 ], [ 35.641175797, 0.816552134 ], [ 35.642475797, 0.822252134 ], [ 35.637175797, 0.827252134 ], [ 35.639075797, 0.828852134 ], [ 35.639175797, 0.835852134 ], [ 35.642775797, 0.840452134 ], [ 35.635875797, 0.845752134 ], [ 35.636075797, 0.849052134 ], [ 35.625575797, 0.855652134 ], [ 35.623675797, 0.867052134 ], [ 35.626275797, 0.879652134 ], [ 35.622775797, 0.888052134 ], [ 35.627075797, 0.892302134 ], [ 35.626075797, 0.907752134 ], [ 35.626875797, 0.910252134 ], [ 35.629575797, 0.909552134 ], [ 35.633975797, 0.913552134 ], [ 35.636475797, 0.921352134 ], [ 35.634075797, 0.927452134 ], [ 35.635475797, 0.930552134 ], [ 35.631924256, 0.938731173 ], [ 35.630075797, 0.953152134 ], [ 35.636025797, 0.960452134 ], [ 35.636575797, 0.963902134 ], [ 35.635339559, 0.96603855 ], [ 35.638275797, 0.967002134 ], [ 35.634975797, 0.973052134 ], [ 35.635530936, 0.978883608 ], [ 35.638475797, 0.980252134 ], [ 35.639075797, 0.983252134 ], [ 35.63354464, 0.994105384 ], [ 35.637375797, 1.001652134 ], [ 35.636575797, 1.004152134 ], [ 35.638775797, 1.004252134 ], [ 35.643675797, 1.015952134 ], [ 35.642503568, 1.021439663 ], [ 35.641258183, 1.02195085 ], [ 35.643085135, 1.024684002 ], [ 35.647875797, 1.029452134 ], [ 35.654075797, 1.029402134 ], [ 35.659375797, 1.035202134 ], [ 35.662775797, 1.035052134 ], [ 35.666775797, 1.040052134 ], [ 35.666275797, 1.043752134 ], [ 35.670575797, 1.043052134 ], [ 35.671425797, 1.046002134 ], [ 35.668875797, 1.048352134 ], [ 35.668875797, 1.050652134 ], [ 35.674875797, 1.060052134 ], [ 35.674375797, 1.067252134 ], [ 35.672325797, 1.070252134 ], [ 35.672666528, 1.074065267 ], [ 35.675175797, 1.075852134 ], [ 35.677175797, 1.080152134 ], [ 35.677075797, 1.086352134 ], [ 35.682975797, 1.089152134 ], [ 35.684275797, 1.095752134 ], [ 35.686975797, 1.098852134 ], [ 35.690175797, 1.099452134 ], [ 35.693125797, 1.103952134 ], [ 35.695675797, 1.102852134 ], [ 35.699275797, 1.106352134 ], [ 35.697833213, 1.114713973 ], [ 35.701975797, 1.124452134 ], [ 35.701375797, 1.127952134 ], [ 35.705575797, 1.134652134 ], [ 35.706075797, 1.147152134 ], [ 35.709075797, 1.148852134 ], [ 35.708275797, 1.150852134 ], [ 35.704575797, 1.152152134 ], [ 35.705275797, 1.178752134 ], [ 35.703175797, 1.184852134 ], [ 35.704175797, 1.192252134 ], [ 35.702675797, 1.200052134 ], [ 35.698375797, 1.201952134 ], [ 35.697375797, 1.205252134 ], [ 35.697125797, 1.215852134 ], [ 35.703875797, 1.228602134 ], [ 35.703375797, 1.232052134 ], [ 35.700975797, 1.233152134 ], [ 35.700175797, 1.239852134 ], [ 35.702475797, 1.242052134 ], [ 35.702475797, 1.246352134 ], [ 35.700875797, 1.248252134 ], [ 35.701475797, 1.254052134 ], [ 35.700201852, 1.257356309 ], [ 35.704775797, 1.264052134 ], [ 35.707175797, 1.270552134 ], [ 35.705775797, 1.272852134 ], [ 35.702375797, 1.273552134 ], [ 35.701075797, 1.277552134 ], [ 35.697875797, 1.279052134 ], [ 35.698175797, 1.282252134 ], [ 35.695175797, 1.288652134 ], [ 35.696375797, 1.292652134 ], [ 35.695778418, 1.296171785 ], [ 35.694575797, 1.296352134 ], [ 35.697312336, 1.307184827 ], [ 35.697356819, 1.318756157 ], [ 35.687493621, 1.318830643 ], [ 35.672493926, 1.31613334 ], [ 35.631747499, 1.301351306 ], [ 35.627549818, 1.296227326 ], [ 35.617174703, 1.290183149 ], [ 35.612162957, 1.281780892 ], [ 35.606349945, 1.279281368 ], [ 35.588946473, 1.283250047 ], [ 35.57923317, 1.292132438 ], [ 35.567224956, 1.292028647 ], [ 35.559583028, 1.289460301 ], [ 35.55878067, 1.286497593 ], [ 35.544508919, 1.287057211 ], [ 35.500187081, 1.253029594 ], [ 35.357475797, 1.133752134 ], [ 35.325290868, 1.119952883 ], [ 35.237079616, 1.159567255 ], [ 35.151618894, 1.200574562 ] ] ] } },
{ "type": "Feature", "properties": { "shapeName": "Nandi", "shapeISO": "", "shapeID": "84041B15384331282421", "shapeGroup": "KEN", "shapeType": "ADM1" }, "geometry": { "type": "Polygon", "coordinates": [ [ [ 34.852139774, 0.547814196 ], [ 34.870735836, 0.534132609 ], [ 34.875928585, 0.528634147 ], [ 34.888302569, 0.521964409 ], [ 34.907222405, 0.505649389 ], [ 34.908411513, 0.491851658 ], [ 34.924022043, 0.477308079 ], [ 34.942190799, 0.445917247 ], [ 34.956071703, 0.417207497 ], [ 34.954877608, 0.370751439 ], [ 34.948679405, 0.354333186 ], [ 34.937075364, 0.360831512 ], [ 34.937367969, 0.357953804 ], [ 34.942474249, 0.323836015 ], [ 34.952376952, 0.300325833 ], [ 34.97734706, 0.248962303 ], [ 34.978474304, 0.241913256 ], [ 34.956458042, 0.241762921 ], [ 34.94334897, 0.209440152 ], [ 34.928973116, 0.209613455 ], [ 34.925667599, 0.200349541 ], [ 34.920875797, 0.181752134 ], [ 34.916099358, 0.173513347 ], [ 34.920322535, 0.170245349 ], [ 34.920082459, 0.168784891 ], [ 34.914036009, 0.156339974 ], [ 34.901486924, 0.15382813 ], [ 34.884325669, 0.144784389 ], [ 34.881586099, 0.13843181 ], [ 34.873260063, 0.134077556 ], [ 34.864234242, 0.12383131 ], [ 34.859550002, 0.121419107 ], [ 34.856916731, 0.109529136 ], [ 34.859161047, 0.103925747 ], [ 34.857335717, 0.094772562 ], [ 34.859633386, 0.084107367 ], [ 34.858006793, 0.081343714 ], [ 34.855294678, 0.080273055 ], [ 34.853310825, 0.074616105 ], [ 34.848869722, 0.070691359 ], [ 34.846837057, 0.065448049 ], [ 34.849289117, 0.060561682 ], [ 34.839642848, 0.047077966 ], [ 34.836686221, 0.033274542 ], [ 34.828766082, 0.031087109 ], [ 34.825353276, 0.031748301 ], [ 34.822728724, 0.034922604 ], [ 34.818248259, 0.0345729 ], [ 34.808634577, 0.028599157 ], [ 34.809966662, 0.025050557 ], [ 34.808820824, 0.023575343 ], [ 34.804620291, 0.022392284 ], [ 34.798478666, 0.025816721 ], [ 34.798126478, 0.023914759 ], [ 34.789763945, 0.019940945 ], [ 34.785874462, 0.013665394 ], [ 34.781353743, 0.012754643 ], [ 34.778344037, 0.007110519 ], [ 34.773173476, 0.005284698 ], [ 34.769940107, 0.001872133 ], [ 34.764916562, 0.001250996 ], [ 34.762999353, -0.000558838 ], [ 34.759752875, 0.004499404 ], [ 34.759811607, 0.008656064 ], [ 34.758432935, 0.010265039 ], [ 34.75410159, 0.011018383 ], [ 34.746963792, 0.00503083 ], [ 34.741746188, 0.005595098 ], [ 34.740109716, 0.002906084 ], [ 34.740035562, -0.0012091 ], [ 34.744235166, -0.009573306 ], [ 34.744758735, -0.015975061 ], [ 34.748233402, -0.015775932 ], [ 34.749520467, -0.018959645 ], [ 34.746215599, -0.021219282 ], [ 34.750974875, -0.031777145 ], [ 34.761385598, -0.020839408 ], [ 34.764177323, -0.014587921 ], [ 34.770609101, -0.015571765 ], [ 34.77486196, -0.014123352 ], [ 34.780656802, -0.016271563 ], [ 34.786188078, -0.005472772 ], [ 34.80160022, 0.008860343 ], [ 34.809962699, 0.012603416 ], [ 34.816486947, 0.018728691 ], [ 34.818953822, 0.023160239 ], [ 34.830679846, 0.025650061 ], [ 34.809714079, -0.00432378 ], [ 34.808825348, -0.009254449 ], [ 34.809966602, -0.012441061 ], [ 34.806618501, -0.014471351 ], [ 34.806488176, -0.015917718 ], [ 34.808982987, -0.019834917 ], [ 34.827598629, -0.025760922 ], [ 34.880480666, -0.024328141 ], [ 34.891196912, -0.022753469 ], [ 34.908962721, -0.026049632 ], [ 34.920167708, -0.024015585 ], [ 34.921466482, -0.024431658 ], [ 34.919475676, -0.030865542 ], [ 34.923263952, -0.034154158 ], [ 34.933971405, -0.033702448 ], [ 34.954425812, -0.028328616 ], [ 34.952500915, -0.024780658 ], [ 34.956978798, -0.024107406 ], [ 34.964073181, -0.030280354 ], [ 34.978286743, -0.022150539 ], [ 34.988437653, -0.021592846 ], [ 34.988525391, -0.017143762 ], [ 35.00771904, -0.027479644 ], [ 35.007148743, -0.051738229 ], [ 35.059181213, -0.051806087 ], [ 35.060447693, -0.053832166 ], [ 35.059416453, -0.056743058 ], [ 35.061756134, -0.056544762 ], [ 35.06526947, -0.064634922 ], [ 35.074457169, -0.052755453 ], [ 35.082456589, -0.049626464 ], [ 35.083814621, -0.047022947 ], [ 35.086917877, -0.047241066 ], [ 35.089184761, -0.04348747 ], [ 35.092845917, -0.041942798 ], [ 35.096174717, -0.028023945 ], [ 35.101230621, -0.024889999 ], [ 35.103068352, -0.020989654 ], [ 35.101493835, -0.013363496 ], [ 35.102825165, -0.010543843 ], [ 35.100553513, -0.005529117 ], [ 35.102160136, -0.002150102 ], [ 35.142990112, -0.029728226 ], [ 35.147132874, -0.031241836 ], [ 35.150867462, -0.034439569 ], [ 35.151128769, -0.036319353 ], [ 35.155227661, -0.034130238 ], [ 35.158307393, -0.035010622 ], [ 35.161716461, -0.030049459 ], [ 35.161286163, -0.028350707 ], [ 35.166384888, -0.029832926 ], [ 35.173387527, -0.026337545 ], [ 35.177302467, -0.025730749 ], [ 35.179258728, -0.027653342 ], [ 35.181086222, -0.02685702 ], [ 35.181411743, -0.025008972 ], [ 35.182496071, -0.026747962 ], [ 35.187700272, -0.02670632 ], [ 35.19438076, -0.023601123 ], [ 35.195106506, -0.024689706 ], [ 35.199962616, -0.024342722 ], [ 35.202635447, -0.026864951 ], [ 35.206498146, -0.026242318 ], [ 35.210233053, -0.029783762 ], [ 35.215004921, -0.030668123 ], [ 35.216058095, -0.034196925 ], [ 35.218212128, -0.035129593 ], [ 35.221090953, -0.033987457 ], [ 35.220916748, -0.038056351 ], [ 35.226795197, -0.064920463 ], [ 35.226493835, -0.103708789 ], [ 35.279597366, -0.097306625 ], [ 35.307674443, -0.083517896 ], [ 35.338497366, -0.108306625 ], [ 35.352794099, -0.106522583 ], [ 35.371884657, -0.107291424 ], [ 35.389806825, -0.095209486 ], [ 35.401008708, -0.085005518 ], [ 35.42408863, -0.076008363 ], [ 35.404473414, -0.021185052 ], [ 35.41358007, 0.005282824 ], [ 35.438104751, 0.019968516 ], [ 35.435141924, 0.02719983 ], [ 35.404117584, 0.028947417 ], [ 35.390235901, 0.036721658 ], [ 35.369049072, 0.043239407 ], [ 35.347387314, 0.061786739 ], [ 35.349734306, 0.06560058 ], [ 35.359296587, 0.065432912 ], [ 35.362148285, 0.072471602 ], [ 35.36426878, 0.074004273 ], [ 35.368962288, 0.072198495 ], [ 35.371576945, 0.072912522 ], [ 35.387008667, 0.114788644 ], [ 35.384262085, 0.11714546 ], [ 35.380407333, 0.117805336 ], [ 35.378320058, 0.115815202 ], [ 35.375751495, 0.117686868 ], [ 35.369685173, 0.128196821 ], [ 35.356437683, 0.131254464 ], [ 35.334196727, 0.143059125 ], [ 35.335664113, 0.143894514 ], [ 35.335933685, 0.159631148 ], [ 35.342292786, 0.171609148 ], [ 35.340967178, 0.194758862 ], [ 35.3472929, 0.194441516 ], [ 35.354110718, 0.19127591 ], [ 35.361965179, 0.191341653 ], [ 35.365550995, 0.187328652 ], [ 35.366121292, 0.199993148 ], [ 35.35796992, 0.210625661 ], [ 35.356956482, 0.215404801 ], [ 35.341959, 0.206987411 ], [ 35.334077835, 0.216707207 ], [ 35.331838608, 0.221876942 ], [ 35.326052348, 0.227247317 ], [ 35.322029114, 0.228940964 ], [ 35.31186676, 0.219270486 ], [ 35.306475503, 0.22397912 ], [ 35.298802694, 0.22618156 ], [ 35.289713649, 0.23316361 ], [ 35.228172899, 0.322911067 ], [ 35.194033152, 0.381603966 ], [ 35.185109554, 0.402547954 ], [ 35.181005813, 0.408961105 ], [ 35.176834742, 0.42090042 ], [ 35.170768453, 0.425660247 ], [ 35.150203507, 0.457109624 ], [ 35.141987448, 0.473339542 ], [ 35.152611628, 0.487650116 ], [ 35.158081465, 0.501574955 ], [ 35.158319772, 0.505420043 ], [ 35.159739696, 0.506544397 ], [ 35.166277761, 0.546956254 ], [ 35.164490886, 0.546763996 ], [ 35.162005881, 0.54326823 ], [ 35.156459234, 0.539676055 ], [ 35.144681295, 0.53978914 ], [ 35.141506195, 0.537251902 ], [ 35.137175797, 0.537652134 ], [ 35.134340929, 0.543034574 ], [ 35.129386139, 0.543365157 ], [ 35.128581403, 0.545278588 ], [ 35.125768317, 0.546376584 ], [ 35.116291682, 0.546964556 ], [ 35.114629364, 0.54904089 ], [ 35.109393875, 0.550142756 ], [ 35.105073734, 0.556184709 ], [ 35.099573513, 0.54056075 ], [ 35.044617691, 0.563082222 ], [ 34.852139774, 0.547814196 ] ] ] } },
{ "type": "Feature", "properties": { "shapeName": "Baringo", "shapeISO": "", "shapeID": "84041B20040140383820", "shapeGroup": "KEN", "shapeType": "ADM1" }, "geometry": { "type": "Polygon", "coordinates": [ [ [ 35.785653114, 1.656131744 ], [ 35.780908341, 1.656535689 ], [ 35.779842377, 1.655390739 ], [ 35.779620019, 1.651084508 ], [ 35.781495595, 1.649106669 ], [ 35.777458191, 1.645037413 ], [ 35.777519226, 1.641286612 ], [ 35.77994529, 1.639326727 ], [ 35.781241918, 1.633693462 ], [ 35.784604342, 1.633661738 ], [ 35.787686545, 1.63156167 ], [ 35.790402805, 1.626416341 ], [ 35.780468078, 1.624154901 ], [ 35.780647278, 1.616843462 ], [ 35.786575318, 1.609638572 ], [ 35.784137975, 1.606627599 ], [ 35.779176712, 1.604588986 ], [ 35.781487162, 1.601082237 ], [ 35.780676801, 1.596471017 ], [ 35.782295797, 1.592927349 ], [ 35.779369777, 1.589380146 ], [ 35.78361937, 1.581111216 ], [ 35.779882431, 1.578411222 ], [ 35.779932022, 1.571875513 ], [ 35.775689642, 1.571895206 ], [ 35.773618184, 1.552801318 ], [ 35.770768076, 1.550181557 ], [ 35.768791156, 1.545183426 ], [ 35.769162908, 1.534431596 ], [ 35.763454437, 1.532699108 ], [ 35.763202946, 1.525684908 ], [ 35.760928367, 1.522222114 ], [ 35.761581421, 1.519258618 ], [ 35.755661565, 1.516383129 ], [ 35.752207921, 1.510591848 ], [ 35.751806269, 1.506072144 ], [ 35.742656439, 1.504630806 ], [ 35.742095205, 1.500713638 ], [ 35.735002518, 1.491400659 ], [ 35.729064942, 1.487543166 ], [ 35.729984997, 1.48193571 ], [ 35.727140773, 1.480906489 ], [ 35.724499999, 1.475429319 ], [ 35.720489502, 1.473959625 ], [ 35.719295564, 1.471814457 ], [ 35.719503374, 1.468423061 ], [ 35.723345729, 1.460637802 ], [ 35.722639543, 1.458029409 ], [ 35.720491409, 1.456894815 ], [ 35.7208708, 1.452766577 ], [ 35.71295166, 1.448027253 ], [ 35.711958528, 1.44233289 ], [ 35.706507683, 1.438160002 ], [ 35.708875861, 1.431795823 ], [ 35.70597744, 1.42899254 ], [ 35.70822525, 1.421271622 ], [ 35.706436157, 1.418801904 ], [ 35.707537311, 1.415403971 ], [ 35.710773972, 1.414207897 ], [ 35.710992227, 1.41172418 ], [ 35.707353592, 1.409875512 ], [ 35.706777573, 1.406053305 ], [ 35.710381239, 1.404939447 ], [ 35.71182251, 1.402525127 ], [ 35.704994864, 1.402199199 ], [ 35.70322146, 1.40079868 ], [ 35.702604287, 1.395770239 ], [ 35.699110032, 1.390352786 ], [ 35.699308395, 1.387871325 ], [ 35.702830307, 1.386584811 ], [ 35.69333458, 1.372747004 ], [ 35.694791794, 1.368242681 ], [ 35.691347123, 1.368383825 ], [ 35.691466518, 1.362982896 ], [ 35.687889099, 1.358869433 ], [ 35.68836689, 1.355788082 ], [ 35.690946579, 1.353247762 ], [ 35.687807083, 1.347132206 ], [ 35.692346573, 1.343756914 ], [ 35.688848942, 1.342163784 ], [ 35.690811052, 1.340343335 ], [ 35.696016947, 1.339158495 ], [ 35.695051193, 1.33505398 ], [ 35.698163033, 1.331114173 ], [ 35.696344376, 1.329832375 ], [ 35.700086594, 1.328926683 ], [ 35.697428165, 1.324865181 ], [ 35.697356819, 1.318756157 ], [ 35.697312336, 1.307184827 ], [ 35.694575797, 1.296352134 ], [ 35.695778418, 1.296171785 ], [ 35.696375797, 1.292652134 ], [ 35.695175797, 1.288652134 ], [ 35.698175797, 1.282252134 ], [ 35.697875797, 1.279052134 ], [ 35.701075797, 1.277552134 ], [ 35.702375797, 1.273552134 ], [ 35.705775797, 1.272852134 ], [ 35.707175797, 1.270552134 ], [ 35.704775797, 1.264052134 ], [ 35.700201852, 1.257356309 ], [ 35.701475797, 1.254052134 ], [ 35.700875797, 1.248252134 ], [ 35.702475797, 1.246352134 ], [ 35.702475797, 1.242052134 ], [ 35.700175797, 1.239852134 ], [ 35.700975797, 1.233152134 ], [ 35.703375797, 1.232052134 ], [ 35.703875797, 1.228602134 ], [ 35.697125797, 1.215852134 ], [ 35.697375797, 1.205252134 ], [ 35.698375797, 1.201952134 ], [ 35.702675797, 1.200052134 ], [ 35.704175797, 1.192252134 ], [ 35.703175797, 1.184852134 ], [ 35.705275797, 1.178752134 ], [ 35.704575797, 1.152152134 ], [ 35.708275797, 1.150852134 ], [ 35.709075797, 1.148852134 ], [ 35.706075797, 1.147152134 ], [ 35.705575797, 1.134652134 ], [ 35.701375797, 1.127952134 ], [ 35.701975797, 1.124452134 ], [ 35.697833213, 1.114713973 ], [ 35.699275797, 1.106352134 ], [ 35.695675797, 1.102852134 ], [ 35.693125797, 1.103952134 ], [ 35.690175797, 1.099452134 ], [ 35.686975797, 1.098852134 ], [ 35.684275797, 1.095752134 ], [ 35.682975797, 1.089152134 ], [ 35.677075797, 1.086352134 ], [ 35.677175797, 1.080152134 ], [ 35.675175797, 1.075852134 ], [ 35.672666528, 1.074065267 ], [ 35.672325797, 1.070252134 ], [ 35.674375797, 1.067252134 ], [ 35.674875797, 1.060052134 ], [ 35.668875797, 1.050652134 ], [ 35.668875797, 1.048352134 ], [ 35.671425797, 1.046002134 ], [ 35.670575797, 1.043052134 ], [ 35.666275797, 1.043752134 ], [ 35.666775797, 1.040052134 ], [ 35.662775797, 1.035052134 ], [ 35.659375797, 1.035202134 ], [ 35.654075797, 1.029402134 ], [ 35.647875797, 1.029452134 ], [ 35.643085135, 1.024684002 ], [ 35.641258183, 1.02195085 ], [ 35.642503568, 1.021439663 ], [ 35.643675797, 1.015952134 ], [ 35.638775797, 1.004252134 ], [ 35.636575797, 1.004152134 ], [ 35.637375797, 1.001652134 ], [ 35.63354464, 0.994105384 ], [ 35.639075797, 0.983252134 ], [ 35.638475797, 0.980252134 ], [ 35.635530936, 0.978883608 ], [ 35.634975797, 0.973052134 ], [ 35.638275797, 0.967002134 ], [ 35.635339559, 0.96603855 ], [ 35.636575797, 0.963902134 ], [ 35.636025797, 0.960452134 ], [ 35.630075797, 0.953152134 ], [ 35.631924256, 0.938731173 ], [ 35.635475797, 0.930552134 ], [ 35.634075797, 0.927452134 ], [ 35.636475797, 0.921352134 ], [ 35.633975797, 0.913552134 ], [ 35.629575797, 0.909552134 ], [ 35.626875797, 0.910252134 ], [ 35.626075797, 0.907752134 ], [ 35.627075797, 0.892302134 ], [ 35.622775797, 0.888052134 ], [ 35.626275797, 0.879652134 ], [ 35.623675797, 0.867052134 ], [ 35.625575797, 0.855652134 ], [ 35.636075797, 0.849052134 ], [ 35.635875797, 0.845752134 ], [ 35.642775797, 0.840452134 ], [ 35.639175797, 0.835852134 ], [ 35.639075797, 0.828852134 ], [ 35.637175797, 0.827252134 ], [ 35.642475797, 0.822252134 ], [ 35.641175797, 0.816552134 ], [ 35.634975797, 0.809952134 ], [ 35.634125797, 0.806152134 ], [ 35.635775797, 0.798552134 ], [ 35.634575797, 0.795552134 ], [ 35.637075797, 0.791552134 ], [ 35.637075797, 0.788852134 ], [ 35.634457653, 0.786452959 ], [ 35.634275797, 0.778552134 ], [ 35.628525797, 0.765302134 ], [ 35.626056809, 0.75549409 ], [ 35.625475797, 0.745852134 ], [ 35.620375797, 0.739852134 ], [ 35.620875797, 0.736252134 ], [ 35.623394765, 0.73420448 ], [ 35.622875797, 0.730852134 ], [ 35.626725797, 0.729052134 ], [ 35.628575797, 0.726852134 ], [ 35.626475797, 0.725852134 ], [ 35.630518901, 0.721784893 ], [ 35.631249907, 0.719708885 ], [ 35.630125797, 0.717152134 ], [ 35.632475797, 0.714652134 ], [ 35.633675797, 0.703052134 ], [ 35.634875797, 0.701552134 ], [ 35.631225797, 0.696102134 ], [ 35.631875797, 0.692552134 ], [ 35.627775797, 0.690152134 ], [ 35.628675797, 0.687952134 ], [ 35.625575797, 0.688152134 ], [ 35.623775797, 0.686452134 ], [ 35.625375797, 0.679852134 ], [ 35.619175797, 0.677952134 ], [ 35.615675797, 0.678552134 ], [ 35.608775797, 0.672952134 ], [ 35.606075797, 0.673552134 ], [ 35.604175797, 0.670652134 ], [ 35.605575797, 0.657102134 ], [ 35.607675797, 0.655352134 ], [ 35.608775797, 0.645452134 ], [ 35.606375797, 0.639952134 ], [ 35.601575797, 0.635252134 ], [ 35.599884214, 0.63192695 ], [ 35.600275797, 0.629352134 ], [ 35.596275797, 0.622052134 ], [ 35.598375797, 0.603852134 ], [ 35.612525797, 0.591602134 ], [ 35.61168151, 0.588566308 ], [ 35.613386954, 0.580753656 ], [ 35.610275797, 0.569752134 ], [ 35.602375797, 0.556452134 ], [ 35.605275797, 0.542952134 ], [ 35.602675797, 0.537952134 ], [ 35.602875797, 0.533952134 ], [ 35.611375797, 0.525452134 ], [ 35.613875797, 0.519502134 ], [ 35.612575797, 0.517252134 ], [ 35.614775797, 0.509452134 ], [ 35.625375797, 0.503652134 ], [ 35.630675797, 0.502852134 ], [ 35.630475797, 0.495852134 ], [ 35.632875797, 0.495452134 ], [ 35.632675797, 0.484252134 ], [ 35.646475797, 0.463552134 ], [ 35.646375797, 0.452952134 ], [ 35.651475797, 0.449552134 ], [ 35.652874476, 0.446804288 ], [ 35.654575797, 0.437202134 ], [ 35.654075797, 0.428052134 ], [ 35.661075797, 0.411452134 ], [ 35.656775797, 0.407652134 ], [ 35.654975797, 0.399752134 ], [ 35.658860586, 0.394900103 ], [ 35.660975797, 0.388952134 ], [ 35.666875797, 0.387452134 ], [ 35.666875797, 0.384152134 ], [ 35.673975797, 0.376952134 ], [ 35.679175797, 0.375352134 ], [ 35.680875797, 0.372552134 ], [ 35.683625797, 0.373302134 ], [ 35.687573911, 0.37204553 ], [ 35.697075797, 0.366452134 ], [ 35.696675797, 0.369452134 ], [ 35.698091354, 0.369720829 ], [ 35.701975797, 0.365452134 ], [ 35.704275797, 0.364352134 ], [ 35.706475797, 0.365552134 ], [ 35.709375797, 0.359952134 ], [ 35.720116311, 0.356540757 ], [ 35.721975797, 0.351252134 ], [ 35.719075797, 0.345952134 ], [ 35.722675797, 0.339752134 ], [ 35.720475797, 0.337952134 ], [ 35.717675797, 0.330952134 ], [ 35.716575797, 0.322552134 ], [ 35.712675797, 0.316152134 ], [ 35.715275797, 0.302052134 ], [ 35.713825797, 0.294652134 ], [ 35.714575797, 0.288652134 ], [ 35.713775797, 0.277252134 ], [ 35.711875797, 0.273652134 ], [ 35.712875797, 0.271152134 ], [ 35.710275797, 0.268752134 ], [ 35.709275797, 0.260352134 ], [ 35.709375797, 0.257552134 ], [ 35.713775797, 0.252052134 ], [ 35.720275797, 0.236352134 ], [ 35.722425797, 0.214952134 ], [ 35.717975797, 0.211052134 ], [ 35.716775797, 0.207552134 ], [ 35.706075797, 0.203352134 ], [ 35.700375797, 0.194752134 ], [ 35.693257911, 0.188676475 ], [ 35.692775797, 0.185252134 ], [ 35.695309131, 0.179385468 ], [ 35.692975797, 0.178152134 ], [ 35.664875797, 0.170452134 ], [ 35.588071294, 0.170541873 ], [ 35.590579368, 0.14885478 ], [ 35.575398974, 0.115668289 ], [ 35.573660475, 0.066313455 ], [ 35.541627936, 0.089347888 ], [ 35.539889316, 0.079596555 ], [ 35.545416889, 0.071932052 ], [ 35.539076895, 0.063943285 ], [ 35.539323062, 0.060731794 ], [ 35.546498015, 0.057668503 ], [ 35.542987629, 0.042849159 ], [ 35.535686742, 0.040111978 ], [ 35.525959777, 0.039044735 ], [ 35.522920966, 0.015837419 ], [ 35.543808633, -0.005963433 ], [ 35.571796324, -0.006564824 ], [ 35.583586582, -0.005277245 ], [ 35.610586582, -0.029627245 ], [ 35.630375797, -0.032247866 ], [ 35.633186582, -0.033927245 ], [ 35.639386582, -0.046727245 ], [ 35.639486582, -0.049177245 ], [ 35.636886582, -0.052127245 ], [ 35.639636582, -0.059327245 ], [ 35.648075797, -0.056447866 ], [ 35.657875797, -0.049547866 ], [ 35.659575797, -0.052347866 ], [ 35.667075797, -0.047747866 ], [ 35.653375797, -0.075947866 ], [ 35.666075797, -0.072647866 ], [ 35.688975797, -0.072447866 ], [ 35.690375797, -0.082747866 ], [ 35.688675797, -0.090947866 ], [ 35.693375797, -0.106947866 ], [ 35.704125797, -0.116847866 ], [ 35.729875797, -0.155247866 ], [ 35.722875797, -0.171347866 ], [ 35.723977459, -0.20311022 ], [ 35.771975797, -0.192147866 ], [ 35.790375797, -0.161047866 ], [ 35.790475797, -0.110047866 ], [ 35.795875797, -0.109047866 ], [ 35.798975797, -0.101947866 ], [ 35.803675797, -0.097547866 ], [ 35.806275797, -0.096847866 ], [ 35.809375797, -0.099147866 ], [ 35.82037751, -0.115744099 ], [ 35.829475797, -0.105947866 ], [ 35.846975797, -0.081147866 ], [ 35.877066654, -0.033559272 ], [ 35.894475797, -0.049747866 ], [ 35.900375797, -0.046647866 ], [ 35.914675797, -0.075447866 ], [ 35.918475797, -0.079647866 ], [ 35.923075797, -0.076347866 ], [ 35.928275797, -0.075347866 ], [ 35.928438358, -0.06869537 ], [ 35.934625797, -0.065547866 ], [ 35.937375797, -0.061747866 ], [ 35.937475797, -0.058647866 ], [ 35.948175797, -0.051047866 ], [ 35.955187204, -0.035753797 ], [ 35.960575797, -0.029547866 ], [ 35.960925119, -0.023901682 ], [ 35.970175797, -0.012847866 ], [ 35.973875797, 0.001752134 ], [ 35.977675797, 0.010402134 ], [ 35.978216004, 0.01693667 ], [ 35.975355257, 0.022865495 ], [ 35.964975797, 0.032052134 ], [ 35.935875797, 0.064652134 ], [ 35.929775797, 0.069752134 ], [ 35.940675797, 0.097202134 ], [ 35.955275797, 0.092752134 ], [ 35.961075797, 0.088552134 ], [ 35.961175797, 0.085752134 ], [ 35.965325797, 0.079552134 ], [ 35.964025797, 0.077052134 ], [ 35.965675797, 0.070352134 ], [ 35.963775797, 0.066452134 ], [ 35.965675797, 0.059252134 ], [ 35.974075797, 0.058952134 ], [ 35.989775797, 0.061352134 ], [ 36.000375797, 0.060352134 ], [ 36.007675797, 0.032252134 ], [ 36.042775797, 0.020752134 ], [ 36.051298021, 0.008468374 ], [ 36.055575797, 0.004552134 ], [ 36.093675797, -0.009947866 ], [ 36.113575797, 0.006852134 ], [ 36.106325797, 0.062502134 ], [ 36.128125797, 0.060502134 ], [ 36.130575797, 0.087852134 ], [ 36.136187588, 0.116720937 ], [ 36.140075797, 0.127852134 ], [ 36.148275797, 0.186752134 ], [ 36.194775797, 0.199852134 ], [ 36.199100523, 0.202122928 ], [ 36.197175797, 0.219352134 ], [ 36.185275797, 0.224252134 ], [ 36.181866455, 0.226522402 ], [ 36.180237989, 0.229877615 ], [ 36.201675797, 0.235752134 ], [ 36.205175797, 0.233952134 ], [ 36.235675797, 0.211352134 ], [ 36.254103494, 0.183926818 ], [ 36.263882691, 0.186852814 ], [ 36.267316864, 0.192116423 ], [ 36.287988189, 0.207278616 ], [ 36.29148555, 0.212732031 ], [ 36.291888173, 0.218245293 ], [ 36.296124211, 0.229938483 ], [ 36.296042305, 0.240144466 ], [ 36.291755676, 0.254515141 ], [ 36.279263143, 0.257890155 ], [ 36.281768799, 0.267349958 ], [ 36.279662237, 0.274052895 ], [ 36.265058828, 0.277932586 ], [ 36.259701952, 0.291348214 ], [ 36.250564713, 0.299042587 ], [ 36.239996367, 0.315428096 ], [ 36.230886224, 0.318759607 ], [ 36.226032782, 0.322514746 ], [ 36.230897904, 0.33575447 ], [ 36.247754934, 0.343046509 ], [ 36.24559254, 0.329644369 ], [ 36.2501525, 0.332181586 ], [ 36.261000833, 0.342900117 ], [ 36.259432564, 0.376048675 ], [ 36.254362125, 0.381431535 ], [ 36.227454024, 0.398567043 ], [ 36.229220344, 0.421904725 ], [ 36.265926719, 0.500971278 ], [ 36.294124603, 0.566389322 ], [ 36.277959665, 0.632964817 ], [ 36.289100647, 0.646683216 ], [ 36.34745349, 0.661957441 ], [ 36.404959886, 0.71914079 ], [ 36.468967803, 0.822355848 ], [ 36.47562962, 0.838963957 ], [ 36.48966469, 0.847837823 ], [ 36.484675797, 0.854252134 ], [ 36.481475797, 0.853752134 ], [ 36.472975797, 0.860152134 ], [ 36.471175797, 0.863852134 ], [ 36.465275797, 0.865652134 ], [ 36.460275797, 0.870352134 ], [ 36.456975797, 0.872052134 ], [ 36.446875797, 0.871952134 ], [ 36.444175797, 0.873352134 ], [ 36.42698744, 0.888763049 ], [ 36.424175797, 0.894652134 ], [ 36.424526338, 0.897288891 ], [ 36.419675797, 0.901852134 ], [ 36.417475797, 0.902752134 ], [ 36.410575797, 0.900652134 ], [ 36.402985771, 0.901755645 ], [ 36.397375797, 0.905052134 ], [ 36.394475797, 0.910902134 ], [ 36.395350252, 0.913119036 ], [ 36.393939614, 0.912393913 ], [ 36.393183194, 0.913503871 ], [ 36.393707275, 0.921203613 ], [ 36.387084961, 0.928710937 ], [ 36.388671875, 0.932128906 ], [ 36.388193012, 0.940731521 ], [ 36.390203588, 0.941795858 ], [ 36.389205619, 0.948807955 ], [ 36.384376571, 0.951636663 ], [ 36.384185791, 0.954864502 ], [ 36.375610352, 0.957275391 ], [ 36.370246492, 0.955911858 ], [ 36.366006408, 0.958968307 ], [ 36.364074707, 0.964294434 ], [ 36.351747282, 0.966980747 ], [ 36.348053683, 0.974517031 ], [ 36.346390823, 0.986556801 ], [ 36.342929416, 0.990196288 ], [ 36.342285156, 0.994110107 ], [ 36.317321777, 0.991516113 ], [ 36.173277303, 1.171238909 ], [ 36.097290039, 1.169311523 ], [ 35.785653114, 1.656131744 ] ] ] } },
{ "type": "Feature", "properties": { "shapeName": "Laikipia", "shapeISO": "", "shapeID": "84041B21702061071144", "shapeGroup": "KEN", "shapeType": "ADM1" }, "geometry": { "type": "Polygon", "coordinates": [ [ [ 36.930795159, 0.744529334 ], [ 36.928520463, 0.741573221 ], [ 36.920320479, 0.739333669 ], [ 36.915100767, 0.729133303 ], [ 36.908355539, 0.731459738 ], [ 36.908127785, 0.737387419 ], [ 36.904479351, 0.738527653 ], [ 36.902490025, 0.741216845 ], [ 36.893027475, 0.740017836 ], [ 36.888181529, 0.738173247 ], [ 36.886834145, 0.736162047 ], [ 36.86499019, 0.739374366 ], [ 36.862682292, 0.74261173 ], [ 36.861760718, 0.748903642 ], [ 36.85054781, 0.774472817 ], [ 36.842362844, 0.789493549 ], [ 36.841752004, 0.791932524 ], [ 36.843381695, 0.796654835 ], [ 36.834353665, 0.8029454 ], [ 36.833022323, 0.815255527 ], [ 36.819291018, 0.842796931 ], [ 36.81918335, 0.855947673 ], [ 36.793138499, 0.871326993 ], [ 36.781435513, 0.869422993 ], [ 36.756871126, 0.860552014 ], [ 36.738624409, 0.831808577 ], [ 36.735294607, 0.82933062 ], [ 36.713113166, 0.819899251 ], [ 36.702191914, 0.823161029 ], [ 36.680557251, 0.820689828 ], [ 36.679155845, 0.818314567 ], [ 36.675443098, 0.818214036 ], [ 36.67477582, 0.814953238 ], [ 36.484886706, 0.814827897 ], [ 36.482897334, 0.816414835 ], [ 36.483853869, 0.824365949 ], [ 36.48966469, 0.847837823 ], [ 36.47562962, 0.838963957 ], [ 36.468967803, 0.822355848 ], [ 36.404959886, 0.71914079 ], [ 36.34745349, 0.661957441 ], [ 36.289100647, 0.646683216 ], [ 36.277959665, 0.632964817 ], [ 36.294124603, 0.566389322 ], [ 36.265926719, 0.500971278 ], [ 36.229220344, 0.421904725 ], [ 36.227454024, 0.398567043 ], [ 36.254362125, 0.381431535 ], [ 36.259432564, 0.376048675 ], [ 36.261000833, 0.342900117 ], [ 36.2501525, 0.332181586 ], [ 36.24559254, 0.329644369 ], [ 36.247754934, 0.343046509 ], [ 36.230897904, 0.33575447 ], [ 36.226032782, 0.322514746 ], [ 36.230886224, 0.318759607 ], [ 36.239996367, 0.315428096 ], [ 36.250564713, 0.299042587 ], [ 36.259701952, 0.291348214 ], [ 36.265058828, 0.277932586 ], [ 36.279662237, 0.274052895 ], [ 36.281768799, 0.267349958 ], [ 36.279263143, 0.257890155 ], [ 36.291755676, 0.254515141 ], [ 36.296042305, 0.240144466 ], [ 36.296124211, 0.229938483 ], [ 36.291888173, 0.218245293 ], [ 36.29148555, 0.212732031 ], [ 36.287988189, 0.207278616 ], [ 36.267316864, 0.192116423 ], [ 36.263882691, 0.186852814 ], [ 36.254103494, 0.183926818 ], [ 36.260352999, 0.17727344 ], [ 36.27733122, 0.149787073 ], [ 36.285666906, 0.12841064 ], [ 36.288998168, 0.113469942 ], [ 36.271212124, 0.089989602 ], [ 36.261535692, 0.065592311 ], [ 36.256612578, 0.058608497 ], [ 36.262142504, 0.035691118 ], [ 36.26898268, 0.021942133 ], [ 36.265376421, 0.021171163 ], [ 36.256988912, -0.019521451 ], [ 36.26733017, -0.018055478 ], [ 36.273769378, 0.002858211 ], [ 36.279316902, 0.004210023 ], [ 36.292556763, 0.013622148 ], [ 36.295255661, 0.004567648 ], [ 36.300903321, 0.005401585 ], [ 36.304496765, 0.018090211 ], [ 36.32907486, 0.021859087 ], [ 36.32793045, 0.0269979 ], [ 36.347537995, 0.033832897 ], [ 36.352829934, 0.018258311 ], [ 36.389664014, 0.029698636 ], [ 36.390544891, 0.03637296 ], [ 36.394525528, 0.032601554 ], [ 36.399629593, 0.030412429 ], [ 36.40177536, 0.031126272 ], [ 36.400352478, 0.038243803 ], [ 36.403465271, 0.040144429 ], [ 36.406880951, 0.041767192 ], [ 36.418839455, 0.041272304 ], [ 36.424739838, 0.044701073 ], [ 36.426352967, 0.046482963 ], [ 36.401423454, 0.057871414 ], [ 36.423049927, 0.085223332 ], [ 36.44346466, 0.092849535 ], [ 36.443096161, 0.097215772 ], [ 36.445915222, 0.095205151 ], [ 36.465232849, 0.140240267 ], [ 36.490594228, 0.110786212 ], [ 36.511505127, 0.089085028 ], [ 36.523490906, 0.050442901 ], [ 36.577232361, 0.070330001 ], [ 36.591270447, 0.045103587 ], [ 36.593597412, 0.025815647 ], [ 36.603370667, 0.005459962 ], [ 36.60853831, 0.005860186 ], [ 36.637138367, 0.016927186 ], [ 36.650539398, -0.013711101 ], [ 36.586156028, -0.017662799 ], [ 36.582285563, -0.019136371 ], [ 36.576664395, -0.030280146 ], [ 36.565774917, -0.039578852 ], [ 36.561213902, -0.040947486 ], [ 36.560851288, -0.046247915 ], [ 36.555663109, -0.05253208 ], [ 36.555692673, -0.056827009 ], [ 36.551315308, -0.067144729 ], [ 36.560585022, -0.073902227 ], [ 36.555103302, -0.087874569 ], [ 36.561843872, -0.086484976 ], [ 36.565879822, -0.094289601 ], [ 36.572540283, -0.101256669 ], [ 36.592414856, -0.099924162 ], [ 36.635044098, -0.104246914 ], [ 36.656337738, -0.150761664 ], [ 36.659701538, -0.149813464 ], [ 36.711452484, -0.1330145 ], [ 36.716819763, -0.126390055 ], [ 36.752201081, -0.118043657 ], [ 36.765357971, -0.106752753 ], [ 36.76839447, -0.111768186 ], [ 36.791607857, -0.105190046 ], [ 36.830997467, -0.101644568 ], [ 36.831542969, -0.132294253 ], [ 36.848433177, -0.134925957 ], [ 36.860737324, -0.140872815 ], [ 36.861789704, -0.143544376 ], [ 36.859268188, -0.146356871 ], [ 36.858768463, -0.150511414 ], [ 36.862947941, -0.154930089 ], [ 36.86542956, -0.165465123 ], [ 36.870173772, -0.169752964 ], [ 36.871606445, -0.174019536 ], [ 36.869088173, -0.178956086 ], [ 36.865921021, -0.178346356 ], [ 36.865862846, -0.184464438 ], [ 36.859796143, -0.186074862 ], [ 36.854512596, -0.190358936 ], [ 36.85497284, -0.192839999 ], [ 36.852642059, -0.193361949 ], [ 36.853170077, -0.194307778 ], [ 36.850734075, -0.195178678 ], [ 36.845942179, -0.193375021 ], [ 36.842205456, -0.195656085 ], [ 36.839671665, -0.19538913 ], [ 36.844833374, -0.2100005 ], [ 36.841175079, -0.211606815 ], [ 36.856571198, -0.252555937 ], [ 36.871468882, -0.245027597 ], [ 36.87286377, -0.250394017 ], [ 36.879489899, -0.256104678 ], [ 36.958028794, -0.279971763 ], [ 36.987442017, -0.29313147 ], [ 36.998298645, -0.269039452 ], [ 36.98859024, -0.25433439 ], [ 36.997946421, -0.250893692 ], [ 37.006813049, -0.240540403 ], [ 37.010202135, -0.240071124 ], [ 37.013267517, -0.228976876 ], [ 37.008216858, -0.219665244 ], [ 37.019378662, -0.173661127 ], [ 37.016738892, -0.169758812 ], [ 37.014827728, -0.16029337 ], [ 37.007617951, -0.151489406 ], [ 37.007885933, -0.147021949 ], [ 36.995782852, -0.142646685 ], [ 36.98570633, -0.132719874 ], [ 36.982120514, -0.093179941 ], [ 36.978179932, -0.075817317 ], [ 36.978029251, -0.068623159 ], [ 36.980224609, -0.066745624 ], [ 36.986339569, -0.066745624 ], [ 36.990280152, -0.063641187 ], [ 36.997585297, -0.062507217 ], [ 37.025302887, -0.046947751 ], [ 37.027030945, -0.042913813 ], [ 37.051273346, -0.01263594 ], [ 37.05222702, -0.006663503 ], [ 37.061203003, 0.001615186 ], [ 37.068889618, -0.000827187 ], [ 37.071365356, 0.005711374 ], [ 37.078596622, 0.015436302 ], [ 37.07734108, 0.008304966 ], [ 37.078910828, 0.004563266 ], [ 37.077541352, 0.000952438 ], [ 37.079421997, -0.00265247 ], [ 37.088269552, -0.013927146 ], [ 37.092758179, -0.014918562 ], [ 37.099681854, -0.022104565 ], [ 37.100635529, -0.026006874 ], [ 37.105583191, -0.027743877 ], [ 37.111782074, -0.03312144 ], [ 37.112651825, -0.035453316 ], [ 37.12063437, -0.018374703 ], [ 37.111270905, -0.010064501 ], [ 37.106697083, 0.001870765 ], [ 37.103745937, 0.003294897 ], [ 37.103172302, 0.007161724 ], [ 37.100904465, 0.009019875 ], [ 37.10128657, 0.011338655 ], [ 37.097601209, 0.012878159 ], [ 37.096938134, 0.015526514 ], [ 37.093443553, 0.017394373 ], [ 37.093041229, 0.020844599 ], [ 37.088079981, 0.022774041 ], [ 37.108912604, 0.038475489 ], [ 37.129503251, 0.038386935 ], [ 37.139610291, 0.041427905 ], [ 37.142314911, 0.043989561 ], [ 37.148025513, 0.04468839 ], [ 37.153020859, 0.050938752 ], [ 37.167022705, 0.053379749 ], [ 37.171129227, 0.056147123 ], [ 37.186855316, 0.057053915 ], [ 37.198836962, 0.063861402 ], [ 37.201661682, 0.061661562 ], [ 37.202079773, 0.067640029 ], [ 37.207581838, 0.068375103 ], [ 37.208133698, 0.07055921 ], [ 37.215355873, 0.073414935 ], [ 37.220488548, 0.073289564 ], [ 37.232156118, 0.080677206 ], [ 37.234264374, 0.10449475 ], [ 37.246335666, 0.108868329 ], [ 37.252338409, 0.096978374 ], [ 37.261983872, 0.111507312 ], [ 37.281263351, 0.130176492 ], [ 37.280564308, 0.139404096 ], [ 37.282604218, 0.146169558 ], [ 37.282489777, 0.152153283 ], [ 37.291137695, 0.161819309 ], [ 37.304758708, 0.173241228 ], [ 37.308050156, 0.178407829 ], [ 37.320304871, 0.183153242 ], [ 37.333379746, 0.180796951 ], [ 37.33572642, 0.183211625 ], [ 37.339082718, 0.183167808 ], [ 37.340796471, 0.184654575 ], [ 37.339453888, 0.187557313 ], [ 37.340187836, 0.189234811 ], [ 37.336253357, 0.193916589 ], [ 37.342018127, 0.193557128 ], [ 37.348189545, 0.195411348 ], [ 37.348155022, 0.210258234 ], [ 37.351201375, 0.211906125 ], [ 37.351359049, 0.215343897 ], [ 37.355213165, 0.221088782 ], [ 37.354808808, 0.227249407 ], [ 37.357876778, 0.232742515 ], [ 37.356452942, 0.237886029 ], [ 37.363320351, 0.240139421 ], [ 37.362976837, 0.244624701 ], [ 37.366390228, 0.248928502 ], [ 37.366136424, 0.250409055 ], [ 37.363510132, 0.250481591 ], [ 37.359958649, 0.252988823 ], [ 37.360181809, 0.25554803 ], [ 37.363321622, 0.256935569 ], [ 37.364877065, 0.260960062 ], [ 37.372543335, 0.265609786 ], [ 37.373711395, 0.271288681 ], [ 37.373441696, 0.272568256 ], [ 37.379086113, 0.276543777 ], [ 37.382078171, 0.275670916 ], [ 37.385345936, 0.276897226 ], [ 37.388073604, 0.281060293 ], [ 37.386203257, 0.283275794 ], [ 37.387512207, 0.287404448 ], [ 37.394101461, 0.292882214 ], [ 37.394718933, 0.29517473 ], [ 37.392035166, 0.298106635 ], [ 37.395562172, 0.302358531 ], [ 37.393279266, 0.307087254 ], [ 37.394629342, 0.309064375 ], [ 37.393755595, 0.313111757 ], [ 37.391635895, 0.313443264 ], [ 37.393929005, 0.318364888 ], [ 37.391470623, 0.327189676 ], [ 37.393235016, 0.336522156 ], [ 37.39179039, 0.339287763 ], [ 37.391944885, 0.355441943 ], [ 37.390090943, 0.357529208 ], [ 37.383816719, 0.358342968 ], [ 37.382374446, 0.363645757 ], [ 37.379089356, 0.364674211 ], [ 37.377645874, 0.37006563 ], [ 37.379071236, 0.380492705 ], [ 37.370062637, 0.384807274 ], [ 37.369421006, 0.397468463 ], [ 37.362880071, 0.409728681 ], [ 37.353278024, 0.414452374 ], [ 37.351665497, 0.436036348 ], [ 37.348643112, 0.443716285 ], [ 37.347901662, 0.450873097 ], [ 37.350443522, 0.456184402 ], [ 37.349155426, 0.460595558 ], [ 37.357113838, 0.468488261 ], [ 37.357588768, 0.474015996 ], [ 37.360190582, 0.477544493 ], [ 37.359781265, 0.484899744 ], [ 37.362175941, 0.488375776 ], [ 37.358833313, 0.495835384 ], [ 37.360731125, 0.499154285 ], [ 37.359621048, 0.502207905 ], [ 37.364683151, 0.507072732 ], [ 37.367200851, 0.507667879 ], [ 37.368855476, 0.512456715 ], [ 37.173980713, 0.534366369 ], [ 36.863765717, 0.572018921 ], [ 36.867492676, 0.578264574 ], [ 36.868041039, 0.587276042 ], [ 36.865888214, 0.592041636 ], [ 36.867586771, 0.597864628 ], [ 36.871508026, 0.599001825 ], [ 36.875099659, 0.605540447 ], [ 36.879169464, 0.605825166 ], [ 36.883467992, 0.613433957 ], [ 36.88804245, 0.610453586 ], [ 36.890365601, 0.623313785 ], [ 36.893819809, 0.622742683 ], [ 36.897226334, 0.631146967 ], [ 36.907597542, 0.632379532 ], [ 36.909305573, 0.635824978 ], [ 36.908285141, 0.645604581 ], [ 36.909102122, 0.648587624 ], [ 36.912206014, 0.650609573 ], [ 36.911368052, 0.657086273 ], [ 36.913053831, 0.658940683 ], [ 36.913331986, 0.662336946 ], [ 36.922067643, 0.661994309 ], [ 36.923725128, 0.67212304 ], [ 36.926612854, 0.675968397 ], [ 36.925182343, 0.687283218 ], [ 36.926132202, 0.72417438 ], [ 36.927195549, 0.730875835 ], [ 36.931126912, 0.734989067 ], [ 36.930795159, 0.744529334 ] ] ] } },
{ "type": "Feature", "properties": { "shapeName": "Nakuru", "shapeISO": "", "shapeID": "84041B32841551839435", "shapeGroup": "KEN", "shapeType": "ADM1" }, "geometry": { "type": "Polygon", "coordinates": [ [ [ 36.256988912, -0.019521451 ], [ 36.265376421, 0.021171163 ], [ 36.26898268, 0.021942133 ], [ 36.262142504, 0.035691118 ], [ 36.256612578, 0.058608497 ], [ 36.261535692, 0.065592311 ], [ 36.271212124, 0.089989602 ], [ 36.288998168, 0.113469942 ], [ 36.285666906, 0.12841064 ], [ 36.27733122, 0.149787073 ], [ 36.260352999, 0.17727344 ], [ 36.254103494, 0.183926818 ], [ 36.235675797, 0.211352134 ], [ 36.205175797, 0.233952134 ], [ 36.201675797, 0.235752134 ], [ 36.180237989, 0.229877615 ], [ 36.181866455, 0.226522402 ], [ 36.185275797, 0.224252134 ], [ 36.197175797, 0.219352134 ], [ 36.199100523, 0.202122928 ], [ 36.194775797, 0.199852134 ], [ 36.148275797, 0.186752134 ], [ 36.140075797, 0.127852134 ], [ 36.136187588, 0.116720937 ], [ 36.130575797, 0.087852134 ], [ 36.128125797, 0.060502134 ], [ 36.106325797, 0.062502134 ], [ 36.113575797, 0.006852134 ], [ 36.093675797, -0.009947866 ], [ 36.055575797, 0.004552134 ], [ 36.051298021, 0.008468374 ], [ 36.042775797, 0.020752134 ], [ 36.007675797, 0.032252134 ], [ 36.000375797, 0.060352134 ], [ 35.989775797, 0.061352134 ], [ 35.974075797, 0.058952134 ], [ 35.965675797, 0.059252134 ], [ 35.963775797, 0.066452134 ], [ 35.965675797, 0.070352134 ], [ 35.964025797, 0.077052134 ], [ 35.965325797, 0.079552134 ], [ 35.961175797, 0.085752134 ], [ 35.961075797, 0.088552134 ], [ 35.955275797, 0.092752134 ], [ 35.940675797, 0.097202134 ], [ 35.929775797, 0.069752134 ], [ 35.935875797, 0.064652134 ], [ 35.964975797, 0.032052134 ], [ 35.975355257, 0.022865495 ], [ 35.978216004, 0.01693667 ], [ 35.977675797, 0.010402134 ], [ 35.973875797, 0.001752134 ], [ 35.970175797, -0.012847866 ], [ 35.960925119, -0.023901682 ], [ 35.960575797, -0.029547866 ], [ 35.955187204, -0.035753797 ], [ 35.948175797, -0.051047866 ], [ 35.937475797, -0.058647866 ], [ 35.937375797, -0.061747866 ], [ 35.934625797, -0.065547866 ], [ 35.928438358, -0.06869537 ], [ 35.928275797, -0.075347866 ], [ 35.923075797, -0.076347866 ], [ 35.918475797, -0.079647866 ], [ 35.914675797, -0.075447866 ], [ 35.900375797, -0.046647866 ], [ 35.894475797, -0.049747866 ], [ 35.877066654, -0.033559272 ], [ 35.846975797, -0.081147866 ], [ 35.829475797, -0.105947866 ], [ 35.82037751, -0.115744099 ], [ 35.809375797, -0.099147866 ], [ 35.806275797, -0.096847866 ], [ 35.803675797, -0.097547866 ], [ 35.798975797, -0.101947866 ], [ 35.795875797, -0.109047866 ], [ 35.790475797, -0.110047866 ], [ 35.790375797, -0.161047866 ], [ 35.771975797, -0.192147866 ], [ 35.723977459, -0.20311022 ], [ 35.722875797, -0.171347866 ], [ 35.729875797, -0.155247866 ], [ 35.704125797, -0.116847866 ], [ 35.693375797, -0.106947866 ], [ 35.688675797, -0.090947866 ], [ 35.690375797, -0.082747866 ], [ 35.688975797, -0.072447866 ], [ 35.666075797, -0.072647866 ], [ 35.653375797, -0.075947866 ], [ 35.667075797, -0.047747866 ], [ 35.659575797, -0.052347866 ], [ 35.657875797, -0.049547866 ], [ 35.648075797, -0.056447866 ], [ 35.639636582, -0.059327245 ], [ 35.630248947, -0.069188461 ], [ 35.62396368, -0.078166781 ], [ 35.615477989, -0.08196515 ], [ 35.616736582, -0.086427245 ], [ 35.614186582, -0.089627245 ], [ 35.621486582, -0.095327245 ], [ 35.623136582, -0.101227245 ], [ 35.612586582, -0.109027245 ], [ 35.611186582, -0.117227245 ], [ 35.603697366, -0.121206625 ], [ 35.598886582, -0.120477245 ], [ 35.597636582, -0.128727245 ], [ 35.600336582, -0.131877245 ], [ 35.601136582, -0.143377245 ], [ 35.603786582, -0.146927245 ], [ 35.605286582, -0.152477245 ], [ 35.607884805, -0.153011436 ], [ 35.609908349, -0.155555407 ], [ 35.612597366, -0.156606625 ], [ 35.61672182, -0.152397294 ], [ 35.626536582, -0.148827245 ], [ 35.628636582, -0.150677245 ], [ 35.631293117, -0.15071741 ], [ 35.639986582, -0.148477245 ], [ 35.646886582, -0.149477245 ], [ 35.650886582, -0.153477245 ], [ 35.652674147, -0.160743648 ], [ 35.655555662, -0.162740706 ], [ 35.666775797, -0.161047866 ], [ 35.669286582, -0.161577245 ], [ 35.670459633, -0.163535955 ], [ 35.666086582, -0.183227245 ], [ 35.675036582, -0.187027245 ], [ 35.664186582, -0.192827245 ], [ 35.661936582, -0.203727245 ], [ 35.656886582, -0.204277245 ], [ 35.655486582, -0.211127245 ], [ 35.657686582, -0.216227245 ], [ 35.655436582, -0.219927245 ], [ 35.657636582, -0.232927245 ], [ 35.650186582, -0.264527245 ], [ 35.645286582, -0.269977245 ], [ 35.640786582, -0.270127245 ], [ 35.631486582, -0.274927245 ], [ 35.631186582, -0.286477245 ], [ 35.619786582, -0.292827245 ], [ 35.618086582, -0.288827245 ], [ 35.611286582, -0.287727245 ], [ 35.605875797, -0.292947866 ], [ 35.601786582, -0.282827245 ], [ 35.593486582, -0.275827245 ], [ 35.592086582, -0.283527245 ], [ 35.584986582, -0.290677245 ], [ 35.581086582, -0.307177245 ], [ 35.569286582, -0.302277245 ], [ 35.572286582, -0.281227245 ], [ 35.558786582, -0.271877245 ], [ 35.52910179, -0.258457223 ], [ 35.524386582, -0.268627245 ], [ 35.509536582, -0.268877245 ], [ 35.505586582, -0.267577245 ], [ 35.487684886, -0.273240063 ], [ 35.470686582, -0.276277245 ], [ 35.452098615, -0.286909481 ], [ 35.413886582, -0.300927245 ], [ 35.439386582, -0.342927245 ], [ 35.443875797, -0.347747866 ], [ 35.444036582, -0.350527245 ], [ 35.471686582, -0.395727245 ], [ 35.472635255, -0.399490861 ], [ 35.473602295, -0.399200439 ], [ 35.478445711, -0.406632038 ], [ 35.537234139, -0.502525154 ], [ 35.587278035, -0.587233552 ], [ 35.600132735, -0.657444669 ], [ 35.6106576, -0.672228119 ], [ 35.629380325, -0.684618234 ], [ 35.642326794, -0.701110904 ], [ 35.646813825, -0.702386709 ], [ 35.647583269, -0.698516905 ], [ 35.651163478, -0.695731634 ], [ 35.652378335, -0.688590523 ], [ 35.654302042, -0.685477634 ], [ 35.665009065, -0.679831604 ], [ 35.664464153, -0.676205133 ], [ 35.666671799, -0.673039078 ], [ 35.666883377, -0.667786199 ], [ 35.668868344, -0.666814718 ], [ 35.669940438, -0.663124752 ], [ 35.673124432, -0.659126155 ], [ 35.677853596, -0.659537293 ], [ 35.679141921, -0.654530651 ], [ 35.682466829, -0.65194541 ], [ 35.682485375, -0.646671768 ], [ 35.686786214, -0.63914694 ], [ 35.687479727, -0.627676466 ], [ 35.685884047, -0.62310223 ], [ 35.690083647, -0.617529203 ], [ 35.689748772, -0.613568728 ], [ 35.693734855, -0.605678433 ], [ 35.693698353, -0.60235523 ], [ 35.695941566, -0.598228432 ], [ 35.704814067, -0.591877777 ], [ 35.706575351, -0.587567014 ], [ 35.709478837, -0.585983429 ], [ 35.712867088, -0.577966671 ], [ 35.714543839, -0.571619806 ], [ 35.712075797, -0.566947866 ], [ 35.711201235, -0.557077402 ], [ 35.712487202, -0.553867129 ], [ 35.718761721, -0.552778534 ], [ 35.724800438, -0.548754316 ], [ 35.735271047, -0.534000835 ], [ 35.741347643, -0.530850606 ], [ 35.774362931, -0.538017445 ], [ 35.77918287, -0.514134991 ], [ 35.795653969, -0.474843114 ], [ 35.794675797, -0.466647866 ], [ 35.797675797, -0.455447866 ], [ 35.801875797, -0.454247866 ], [ 35.812875797, -0.456447866 ], [ 35.816983414, -0.466454861 ], [ 35.815472191, -0.476657175 ], [ 35.829149157, -0.473400516 ], [ 35.833065876, -0.46730388 ], [ 35.837798665, -0.467798131 ], [ 35.83987924, -0.473501435 ], [ 35.833484392, -0.49300396 ], [ 35.850975797, -0.500647866 ], [ 35.864375797, -0.510147866 ], [ 35.890075797, -0.523547866 ], [ 35.905275797, -0.544147866 ], [ 35.912175797, -0.546947866 ], [ 35.930475797, -0.548247866 ], [ 35.933075797, -0.549447866 ], [ 35.936177777, -0.556746789 ], [ 35.945298128, -0.555653732 ], [ 35.948114037, -0.557986941 ], [ 35.948968326, -0.566656174 ], [ 35.952902529, -0.569147255 ], [ 35.98331996, -0.631546429 ], [ 35.951590251, -0.666417958 ], [ 35.916981696, -0.635946195 ], [ 35.876648358, -0.638468797 ], [ 35.878374664, -0.648286843 ], [ 35.893175797, -0.647147866 ], [ 35.930475797, -0.694447866 ], [ 35.932246853, -0.699364011 ], [ 35.931398836, -0.705745439 ], [ 35.946808159, -0.713756219 ], [ 36.012251516, -0.663919671 ], [ 36.029082481, -0.679476779 ], [ 36.052465519, -0.663883944 ], [ 36.097576889, -0.640809463 ], [ 36.100016661, -0.674531974 ], [ 36.138975797, -0.709747866 ], [ 36.142675797, -0.711947866 ], [ 36.143675797, -0.709547866 ], [ 36.146575797, -0.709147866 ], [ 36.153575797, -0.712647866 ], [ 36.154134819, -0.722745765 ], [ 36.159100864, -0.732050438 ], [ 36.160036024, -0.742162285 ], [ 36.161817186, -0.744987023 ], [ 36.168963579, -0.747728234 ], [ 36.171575797, -0.751247866 ], [ 36.182875797, -0.756647866 ], [ 36.188975797, -0.762847866 ], [ 36.191875797, -0.762747866 ], [ 36.189275797, -0.769147866 ], [ 36.184375797, -0.775447866 ], [ 36.191664347, -0.784725778 ], [ 36.189282351, -0.804624797 ], [ 36.159058567, -0.836579246 ], [ 36.170923632, -0.871769744 ], [ 36.188675797, -0.903947866 ], [ 36.18955529, -0.90675656 ], [ 36.186075797, -0.911447866 ], [ 36.187625966, -0.912708968 ], [ 36.194875797, -0.913047866 ], [ 36.206075797, -0.931347866 ], [ 36.264075797, -0.912747866 ], [ 36.331473717, -1.037254647 ], [ 36.335875797, -1.043547866 ], [ 36.3547156, -1.053723083 ], [ 36.493201331, -1.119001707 ], [ 36.536753783, -1.152578334 ], [ 36.545102671, -1.123867272 ], [ 36.566952137, -1.098645142 ], [ 36.569892883, -1.100517511 ], [ 36.591147807, -1.061980709 ], [ 36.588442611, -1.036322951 ], [ 36.595101452, -1.009321239 ], [ 36.596649132, -0.995203069 ], [ 36.59998703, -0.991446406 ], [ 36.598229693, -0.990678083 ], [ 36.596080232, -0.982786719 ], [ 36.591663361, -0.983319252 ], [ 36.587332269, -0.975795263 ], [ 36.587823376, -0.962922109 ], [ 36.579460275, -0.945466242 ], [ 36.574924469, -0.941986203 ], [ 36.569128309, -0.943242968 ], [ 36.561682307, -0.93660247 ], [ 36.572650002, -0.929668458 ], [ 36.566959197, -0.926060944 ], [ 36.554235601, -0.924161892 ], [ 36.554402218, -0.918584418 ], [ 36.544269097, -0.905892815 ], [ 36.554527283, -0.870524376 ], [ 36.552588858, -0.852561092 ], [ 36.561509313, -0.839815743 ], [ 36.557163796, -0.829261886 ], [ 36.531146142, -0.729397466 ], [ 36.521008385, -0.70839815 ], [ 36.544159737, -0.694603162 ], [ 36.52123322, -0.65090797 ], [ 36.526174545, -0.64724802 ], [ 36.526204914, -0.64254366 ], [ 36.52389546, -0.635093339 ], [ 36.516577046, -0.630322563 ], [ 36.516152578, -0.627403091 ], [ 36.519885402, -0.623727566 ], [ 36.515650219, -0.622609923 ], [ 36.512393188, -0.61849947 ], [ 36.51208744, -0.608924693 ], [ 36.506099701, -0.620890975 ], [ 36.468010448, -0.624542071 ], [ 36.456249995, -0.610164799 ], [ 36.451461165, -0.563619703 ], [ 36.443275452, -0.567999005 ], [ 36.431198599, -0.569823627 ], [ 36.407001168, -0.572877984 ], [ 36.40326945, -0.570686479 ], [ 36.404499475, -0.562784364 ], [ 36.403880259, -0.55524428 ], [ 36.406049034, -0.550792029 ], [ 36.402880676, -0.544444471 ], [ 36.403996391, -0.537937815 ], [ 36.400549349, -0.533327299 ], [ 36.40139075, -0.526797582 ], [ 36.40544167, -0.522040473 ], [ 36.404699909, -0.519031573 ], [ 36.400651449, -0.514076987 ], [ 36.403223908, -0.508987242 ], [ 36.402748108, -0.50388068 ], [ 36.397250294, -0.499708686 ], [ 36.398067885, -0.487388028 ], [ 36.39322688, -0.475006795 ], [ 36.395051956, -0.47188279 ], [ 36.392545826, -0.469557064 ], [ 36.390822411, -0.463373802 ], [ 36.386992296, -0.460732748 ], [ 36.386450581, -0.456541645 ], [ 36.388576161, -0.452552338 ], [ 36.38910221, -0.441050876 ], [ 36.387158481, -0.437656714 ], [ 36.386086782, -0.425380965 ], [ 36.381228638, -0.423952818 ], [ 36.379902033, -0.421450307 ], [ 36.38052651, -0.409241976 ], [ 36.37795394, -0.402195747 ], [ 36.364996494, -0.393449214 ], [ 36.360208512, -0.376056835 ], [ 36.334308773, -0.386733958 ], [ 36.313869476, -0.383837909 ], [ 36.311146498, -0.366731915 ], [ 36.292972274, -0.371339704 ], [ 36.275787298, -0.390434047 ], [ 36.262999388, -0.340826929 ], [ 36.252399065, -0.340256585 ], [ 36.249855883, -0.343144398 ], [ 36.24598821, -0.344703396 ], [ 36.231965383, -0.341465369 ], [ 36.228725916, -0.351000378 ], [ 36.225018891, -0.344093947 ], [ 36.21391033, -0.292240676 ], [ 36.21282196, -0.267533541 ], [ 36.246086121, -0.252614349 ], [ 36.237280853, -0.227848829 ], [ 36.224621963, -0.209298153 ], [ 36.218875797, -0.209347866 ], [ 36.212108518, -0.201723892 ], [ 36.211492652, -0.185699751 ], [ 36.200781194, -0.134152449 ], [ 36.219369982, -0.110931201 ], [ 36.220678017, -0.103166924 ], [ 36.228489989, -0.10452364 ], [ 36.227689446, -0.112423547 ], [ 36.246668969, -0.115739139 ], [ 36.25147795, -0.082028047 ], [ 36.250656426, -0.057753016 ], [ 36.246594173, -0.057858452 ], [ 36.24823568, -0.049388189 ], [ 36.252552252, -0.044960649 ], [ 36.255119324, -0.0328147 ], [ 36.252592525, -0.03146039 ], [ 36.256988912, -0.019521451 ] ] ] } },
{ "type": "Feature", "properties": { "shapeName": "Narok", "shapeISO": "", "shapeID": "84041B41773146059949", "shapeGroup": "KEN", "shapeType": "ADM1" }, "geometry": { "type": "Polygon", "coordinates": [ [ [ 35.587278035, -0.587233552 ], [ 35.39717865, -0.64423421 ], [ 35.426512007, -0.721354879 ], [ 35.480837238, -0.764095913 ], [ 35.499184807, -0.770135752 ], [ 35.508323281, -0.774929821 ], [ 35.534261544, -0.778328013 ], [ 35.545365278, -0.785341883 ], [ 35.546495416, -0.787573373 ], [ 35.541114807, -0.794708371 ], [ 35.535055161, -0.798350781 ], [ 35.5341115, -0.801316001 ], [ 35.527576446, -0.805736511 ], [ 35.527082444, -0.808214515 ], [ 35.521155357, -0.808163702 ], [ 35.519721985, -0.811395854 ], [ 35.52032988, -0.814827329 ], [ 35.516693115, -0.816875124 ], [ 35.512991905, -0.81598156 ], [ 35.513441216, -0.818208931 ], [ 35.511379242, -0.817925334 ], [ 35.509916306, -0.822114736 ], [ 35.502351761, -0.822815954 ], [ 35.501302719, -0.824353844 ], [ 35.500481606, -0.822762951 ], [ 35.496687889, -0.823116913 ], [ 35.494709969, -0.824353859 ], [ 35.493968964, -0.827604234 ], [ 35.491119385, -0.827393115 ], [ 35.490592957, -0.829283565 ], [ 35.487054825, -0.829644739 ], [ 35.486719132, -0.832588285 ], [ 35.484876156, -0.832567588 ], [ 35.48438797, -0.834835493 ], [ 35.479091644, -0.838872194 ], [ 35.479518255, -0.841242949 ], [ 35.477806091, -0.842243234 ], [ 35.477249908, -0.844795346 ], [ 35.479125977, -0.849957551 ], [ 35.477419853, -0.849701554 ], [ 35.476167043, -0.85283187 ], [ 35.477125295, -0.85315274 ], [ 35.471280098, -0.855286151 ], [ 35.472295677, -0.858948257 ], [ 35.468251229, -0.860107764 ], [ 35.467931748, -0.862256735 ], [ 35.466536204, -0.861118138 ], [ 35.46484375, -0.862446338 ], [ 35.461339951, -0.862328976 ], [ 35.461805171, -0.872011896 ], [ 35.459791184, -0.871628493 ], [ 35.459434509, -0.873612781 ], [ 35.457832813, -0.872630499 ], [ 35.455327352, -0.875685553 ], [ 35.455460548, -0.882651791 ], [ 35.45331192, -0.881997511 ], [ 35.453494072, -0.879943654 ], [ 35.449412656, -0.883458463 ], [ 35.449432373, -0.880962514 ], [ 35.445837021, -0.881420687 ], [ 35.445810318, -0.883980006 ], [ 35.443449021, -0.884180039 ], [ 35.442955971, -0.887285277 ], [ 35.438606262, -0.886363626 ], [ 35.440961837, -0.892660617 ], [ 35.440088272, -0.893524766 ], [ 35.4375, -0.893902619 ], [ 35.43552351, -0.896521099 ], [ 35.432382577, -0.89624101 ], [ 35.431248347, -0.894484788 ], [ 35.430435181, -0.895481874 ], [ 35.42943573, -0.89790231 ], [ 35.430625139, -0.90115209 ], [ 35.429058075, -0.90377824 ], [ 35.426362992, -0.903066933 ], [ 35.423907471, -0.90452044 ], [ 35.427937378, -0.916892923 ], [ 35.424625397, -0.916884541 ], [ 35.422577858, -0.92071782 ], [ 35.424461788, -0.921536206 ], [ 35.42342206, -0.923084565 ], [ 35.425909711, -0.931493293 ], [ 35.424871445, -0.934085622 ], [ 35.42154185, -0.934511582 ], [ 35.423687805, -0.939430264 ], [ 35.420785904, -0.940322309 ], [ 35.421327817, -0.943899928 ], [ 35.413831711, -0.944725751 ], [ 35.404872894, -0.948447009 ], [ 35.403507233, -0.947524577 ], [ 35.403008619, -0.950894125 ], [ 35.397976876, -0.956049368 ], [ 35.394594193, -0.954704404 ], [ 35.392481995, -0.95665803 ], [ 35.388470968, -0.956287046 ], [ 35.385134697, -0.958433628 ], [ 35.383609009, -0.957040453 ], [ 35.382058462, -0.959371696 ], [ 35.37795639, -0.959434738 ], [ 35.376205444, -0.965255141 ], [ 35.373025895, -0.968733609 ], [ 35.369660377, -0.967191102 ], [ 35.370128262, -0.971929612 ], [ 35.36597551, -0.972964574 ], [ 35.363365173, -0.968780736 ], [ 35.359287262, -0.970709502 ], [ 35.354814351, -0.96735286 ], [ 35.349717935, -0.97129668 ], [ 35.350697835, -0.977117032 ], [ 35.34932667, -0.974631994 ], [ 35.34712566, -0.97390409 ], [ 35.34839948, -0.971501698 ], [ 35.346088409, -0.969903926 ], [ 35.3393116, -0.973671943 ], [ 35.339769918, -0.977425277 ], [ 35.333640289, -0.974267757 ], [ 35.329103851, -0.979454064 ], [ 35.331593409, -0.980793253 ], [ 35.327814102, -0.984749526 ], [ 35.32470417, -0.984156862 ], [ 35.322299321, -0.986971488 ], [ 35.319005489, -0.986362509 ], [ 35.319531441, -0.987302125 ], [ 35.314157486, -0.991404504 ], [ 35.315743542, -0.992878825 ], [ 35.313565731, -0.994416699 ], [ 35.311582565, -0.993724207 ], [ 35.31243813, -0.99897364 ], [ 35.307937145, -0.998847164 ], [ 35.303367615, -1.003402531 ], [ 35.298915863, -1.002040386 ], [ 35.295731862, -1.006235798 ], [ 35.289878082, -1.007836199 ], [ 35.289014816, -1.010610759 ], [ 35.286090851, -1.009948015 ], [ 35.284432729, -1.012537956 ], [ 35.281426907, -1.010665588 ], [ 35.280445099, -1.014720976 ], [ 35.277284622, -1.01686573 ], [ 35.271831243, -1.019163941 ], [ 35.27000618, -1.018364489 ], [ 35.271107992, -1.021734595 ], [ 35.264064789, -1.018833935 ], [ 35.260993958, -1.019917428 ], [ 35.258124352, -1.02649945 ], [ 35.254674911, -1.027989149 ], [ 35.251394272, -1.026248127 ], [ 35.25172648, -1.028629776 ], [ 35.248692322, -1.028983259 ], [ 35.247871399, -1.03088972 ], [ 35.248594917, -1.032878439 ], [ 35.244507472, -1.034959475 ], [ 35.242682866, -1.033341961 ], [ 35.240866343, -1.034844756 ], [ 35.116610165, -0.932281917 ], [ 35.115418372, -0.933666324 ], [ 35.108779907, -0.926282704 ], [ 35.082649231, -0.904514611 ], [ 35.01282502, -0.887919668 ], [ 34.917165899, -0.910703937 ], [ 34.741765899, -0.955903937 ], [ 34.715465899, -0.961703937 ], [ 34.714765899, -0.960603937 ], [ 34.697665899, -0.966603937 ], [ 34.678765899, -0.971003937 ], [ 34.670565899, -0.969703937 ], [ 34.668065899, -0.970903937 ], [ 34.663365899, -0.970503937 ], [ 34.648965899, -0.963303937 ], [ 34.641465899, -0.966453937 ], [ 34.590065899, -1.016203937 ], [ 34.592965899, -1.041803937 ], [ 34.601768533, -1.059186866 ], [ 34.618961823, -1.077504435 ], [ 34.615989261, -1.083308916 ], [ 34.615227242, -1.090117005 ], [ 34.619565899, -1.094803937 ], [ 34.623331963, -1.108304953 ], [ 34.623084063, -1.114759955 ], [ 34.630723269, -1.124770499 ], [ 34.63032947, -1.128665858 ], [ 34.633392097, -1.138239097 ], [ 34.628476544, -1.15101885 ], [ 34.624899389, -1.154681071 ], [ 34.632894378, -1.160791527 ], [ 34.639865899, -1.163103937 ], [ 34.64307646, -1.167526025 ], [ 34.646865899, -1.169103937 ], [ 34.653965899, -1.176603937 ], [ 34.653685078, -1.185663418 ], [ 34.661465899, -1.188703937 ], [ 34.666065899, -1.195103937 ], [ 34.670865899, -1.197203937 ], [ 34.673565899, -1.209703937 ], [ 34.678065899, -1.211303937 ], [ 34.685565899, -1.209603937 ], [ 34.687065899, -1.211003937 ], [ 34.698714334, -1.26119661 ], [ 34.698278553, -1.263752477 ], [ 34.703725734, -1.278020061 ], [ 34.730535144, -1.386716242 ], [ 34.730927619, -1.388869549 ], [ 35.017401682, -1.550535337 ], [ 35.200453327, -1.655541857 ], [ 35.492995606, -1.818597576 ], [ 35.740376399, -1.958866347 ], [ 36.000132995, -2.10458074 ], [ 36.000137329, -2.081845879 ], [ 36.026660919, -2.082064152 ], [ 36.026738295, -2.04305487 ], [ 36.022694851, -2.041687549 ], [ 36.020959854, -2.035453469 ], [ 36.02265459, -2.034918442 ], [ 36.021698391, -2.030744119 ], [ 36.023867813, -2.028993295 ], [ 36.025158061, -2.023750926 ], [ 36.028033577, -2.026104315 ], [ 36.02728653, -2.020925045 ], [ 36.028633118, -2.011134068 ], [ 36.029716492, -2.010773579 ], [ 36.030765533, -2.012557804 ], [ 36.036145782, -2.004312468 ], [ 36.03172795, -1.999514177 ], [ 36.035591126, -1.998682022 ], [ 36.036475817, -1.983305931 ], [ 36.039580948, -1.974111101 ], [ 36.038541158, -1.965050896 ], [ 36.041117942, -1.9579937 ], [ 36.038780212, -1.950167418 ], [ 36.036062241, -1.947284877 ], [ 36.040126801, -1.944454114 ], [ 36.042391844, -1.936645438 ], [ 36.040193697, -1.930556759 ], [ 36.036549049, -1.929248331 ], [ 36.035828908, -1.927242955 ], [ 36.0368955, -1.918896727 ], [ 36.034198279, -1.91965051 ], [ 36.031364118, -1.916621713 ], [ 36.032154535, -1.915075609 ], [ 36.030630112, -1.913478672 ], [ 36.04209137, -1.909294188 ], [ 36.043266296, -1.904610693 ], [ 36.040044785, -1.90524283 ], [ 36.032095623, -1.901129026 ], [ 36.02580452, -1.889120221 ], [ 36.029855728, -1.885829508 ], [ 36.031951904, -1.885854006 ], [ 36.033912479, -1.89159592 ], [ 36.035375378, -1.892428616 ], [ 36.03791143, -1.889521878 ], [ 36.036523819, -1.877675533 ], [ 36.041100502, -1.87630406 ], [ 36.044584275, -1.878154754 ], [ 36.05133311, -1.869248728 ], [ 36.048120499, -1.863708377 ], [ 36.050198539, -1.856343731 ], [ 36.047914841, -1.848620735 ], [ 36.049742743, -1.842445355 ], [ 36.040614128, -1.832196802 ], [ 36.042977651, -1.830790599 ], [ 36.043236415, -1.828559359 ], [ 36.041453396, -1.827618785 ], [ 36.037708858, -1.820824898 ], [ 36.02970848, -1.826090653 ], [ 36.027805329, -1.821164846 ], [ 36.029965026, -1.819545859 ], [ 36.028186815, -1.809626882 ], [ 36.021768056, -1.806079425 ], [ 36.019480009, -1.807780273 ], [ 36.017194176, -1.808136256 ], [ 36.016596208, -1.807049422 ], [ 36.016300202, -1.800742388 ], [ 36.025967598, -1.794126049 ], [ 36.022488912, -1.791589618 ], [ 36.022474289, -1.789792061 ], [ 36.027344132, -1.788478494 ], [ 36.028504761, -1.782214672 ], [ 36.030635701, -1.780644025 ], [ 36.029088974, -1.77788639 ], [ 36.025606156, -1.777836173 ], [ 36.019943237, -1.774488091 ], [ 36.024375916, -1.77233833 ], [ 36.031055451, -1.765553713 ], [ 36.030567169, -1.758182466 ], [ 36.0356191, -1.760754943 ], [ 36.035752004, -1.758315894 ], [ 36.032384873, -1.751848936 ], [ 36.035305423, -1.748449245 ], [ 36.035558065, -1.740453322 ], [ 36.041474565, -1.736383158 ], [ 36.042732239, -1.728107929 ], [ 36.046325684, -1.731014967 ], [ 36.048699797, -1.72896511 ], [ 36.047595598, -1.719797897 ], [ 36.044564931, -1.717284897 ], [ 36.042935372, -1.708683938 ], [ 36.045841823, -1.706837642 ], [ 36.045875549, -1.704246044 ], [ 36.048017502, -1.702318906 ], [ 36.052207947, -1.7038517 ], [ 36.055324555, -1.707593918 ], [ 36.058532715, -1.699529916 ], [ 36.061831157, -1.696486711 ], [ 36.064933176, -1.696509742 ], [ 36.063119638, -1.690205128 ], [ 36.057764756, -1.687030161 ], [ 36.059177394, -1.683779557 ], [ 36.054455683, -1.679114876 ], [ 36.055266641, -1.677482696 ], [ 36.057647192, -1.677340454 ], [ 36.057709503, -1.668022704 ], [ 36.055677414, -1.667337457 ], [ 36.054165649, -1.663870478 ], [ 36.052335639, -1.664021268 ], [ 36.053448677, -1.658888603 ], [ 36.050356865, -1.652597636 ], [ 36.046182854, -1.650220637 ], [ 36.047161102, -1.64660722 ], [ 36.05253527, -1.645005175 ], [ 36.050478327, -1.642438403 ], [ 36.05625836, -1.632464764 ], [ 36.059209049, -1.622475703 ], [ 36.057833534, -1.617956381 ], [ 36.052499771, -1.616361439 ], [ 36.056245804, -1.615035713 ], [ 36.059773445, -1.61616236 ], [ 36.060275078, -1.614613354 ], [ 36.065061854, -1.613053641 ], [ 36.063122114, -1.607386589 ], [ 36.065292359, -1.607827663 ], [ 36.066864014, -1.605976879 ], [ 36.070103646, -1.595850378 ], [ 36.074207306, -1.589500904 ], [ 36.079355038, -1.592137623 ], [ 36.080314636, -1.580788523 ], [ 36.084186681, -1.578486932 ], [ 36.086210305, -1.573442265 ], [ 36.084474564, -1.558660149 ], [ 36.074392319, -1.541112482 ], [ 36.065472921, -1.514809926 ], [ 36.060536481, -1.504381404 ], [ 36.058698655, -1.496090353 ], [ 36.049160004, -1.489948988 ], [ 36.247428894, -1.281202555 ], [ 36.347740173, -1.172504187 ], [ 36.335653788, -1.045649119 ], [ 36.331473717, -1.037254647 ], [ 36.264075797, -0.912747866 ], [ 36.206075797, -0.931347866 ], [ 36.194875797, -0.913047866 ], [ 36.187625966, -0.912708968 ], [ 36.186075797, -0.911447866 ], [ 36.18955529, -0.90675656 ], [ 36.188675797, -0.903947866 ], [ 36.170923632, -0.871769744 ], [ 36.159058567, -0.836579246 ], [ 36.189282351, -0.804624797 ], [ 36.191664347, -0.784725778 ], [ 36.184375797, -0.775447866 ], [ 36.189275797, -0.769147866 ], [ 36.191875797, -0.762747866 ], [ 36.188975797, -0.762847866 ], [ 36.182875797, -0.756647866 ], [ 36.171575797, -0.751247866 ], [ 36.168963579, -0.747728234 ], [ 36.161817186, -0.744987023 ], [ 36.160036024, -0.742162285 ], [ 36.159100864, -0.732050438 ], [ 36.154134819, -0.722745765 ], [ 36.153575797, -0.712647866 ], [ 36.146575797, -0.709147866 ], [ 36.143675797, -0.709547866 ], [ 36.142675797, -0.711947866 ], [ 36.138975797, -0.709747866 ], [ 36.100016661, -0.674531974 ], [ 36.097576889, -0.640809463 ], [ 36.052465519, -0.663883944 ], [ 36.029082481, -0.679476779 ], [ 36.012251516, -0.663919671 ], [ 35.946808159, -0.713756219 ], [ 35.931398836, -0.705745439 ], [ 35.932246853, -0.699364011 ], [ 35.930475797, -0.694447866 ], [ 35.893175797, -0.647147866 ], [ 35.878374664, -0.648286843 ], [ 35.876648358, -0.638468797 ], [ 35.916981696, -0.635946195 ], [ 35.951590251, -0.666417958 ], [ 35.98331996, -0.631546429 ], [ 35.952902529, -0.569147255 ], [ 35.948968326, -0.566656174 ], [ 35.948114037, -0.557986941 ], [ 35.945298128, -0.555653732 ], [ 35.936177777, -0.556746789 ], [ 35.933075797, -0.549447866 ], [ 35.930475797, -0.548247866 ], [ 35.912175797, -0.546947866 ], [ 35.905275797, -0.544147866 ], [ 35.890075797, -0.523547866 ], [ 35.864375797, -0.510147866 ], [ 35.850975797, -0.500647866 ], [ 35.833484392, -0.49300396 ], [ 35.83987924, -0.473501435 ], [ 35.837798665, -0.467798131 ], [ 35.833065876, -0.46730388 ], [ 35.829149157, -0.473400516 ], [ 35.815472191, -0.476657175 ], [ 35.816983414, -0.466454861 ], [ 35.812875797, -0.456447866 ], [ 35.801875797, -0.454247866 ], [ 35.797675797, -0.455447866 ], [ 35.794675797, -0.466647866 ], [ 35.795653969, -0.474843114 ], [ 35.77918287, -0.514134991 ], [ 35.774362931, -0.538017445 ], [ 35.741347643, -0.530850606 ], [ 35.735271047, -0.534000835 ], [ 35.724800438, -0.548754316 ], [ 35.718761721, -0.552778534 ], [ 35.712487202, -0.553867129 ], [ 35.711201235, -0.557077402 ], [ 35.712075797, -0.566947866 ], [ 35.714543839, -0.571619806 ], [ 35.712867088, -0.577966671 ], [ 35.709478837, -0.585983429 ], [ 35.706575351, -0.587567014 ], [ 35.704814067, -0.591877777 ], [ 35.695941566, -0.598228432 ], [ 35.693698353, -0.60235523 ], [ 35.693734855, -0.605678433 ], [ 35.689748772, -0.613568728 ], [ 35.690083647, -0.617529203 ], [ 35.685884047, -0.62310223 ], [ 35.687479727, -0.627676466 ], [ 35.686786214, -0.63914694 ], [ 35.682485375, -0.646671768 ], [ 35.682466829, -0.65194541 ], [ 35.679141921, -0.654530651 ], [ 35.677853596, -0.659537293 ], [ 35.673124432, -0.659126155 ], [ 35.669940438, -0.663124752 ], [ 35.668868344, -0.666814718 ], [ 35.666883377, -0.667786199 ], [ 35.666671799, -0.673039078 ], [ 35.664464153, -0.676205133 ], [ 35.665009065, -0.679831604 ], [ 35.654302042, -0.685477634 ], [ 35.652378335, -0.688590523 ], [ 35.651163478, -0.695731634 ], [ 35.647583269, -0.698516905 ], [ 35.646813825, -0.702386709 ], [ 35.642326794, -0.701110904 ], [ 35.629380325, -0.684618234 ], [ 35.6106576, -0.672228119 ], [ 35.600132735, -0.657444669 ], [ 35.587278035, -0.587233552 ] ] ] } },
{ "type": "Feature", "properties": { "shapeName": "Kajiado", "shapeISO": "", "shapeID": "84041B33592267968891", "shapeGroup": "KEN", "shapeType": "ADM1" }, "geometry": { "type": "Polygon", "coordinates": [ [ [ 37.937362439, -2.770810602 ], [ 37.929821014, -2.762942076 ], [ 37.926251412, -2.749073744 ], [ 37.926270803, -2.740561088 ], [ 37.928970337, -2.738325993 ], [ 37.930118561, -2.722549677 ], [ 37.924411774, -2.708747625 ], [ 37.920976639, -2.704385757 ], [ 37.90719986, -2.703689575 ], [ 37.901103973, -2.701521397 ], [ 37.892337799, -2.674407244 ], [ 37.878936768, -2.660920382 ], [ 37.868984222, -2.64292717 ], [ 37.860466003, -2.622300625 ], [ 37.849739075, -2.603888273 ], [ 37.596352577, -2.311685145 ], [ 37.598557472, -2.309552431 ], [ 37.600007375, -2.310963889 ], [ 37.60149765, -2.309217453 ], [ 37.604276657, -2.311174154 ], [ 37.607826233, -2.306917191 ], [ 37.607194901, -2.30286026 ], [ 37.610279083, -2.301829159 ], [ 37.612182617, -2.297707438 ], [ 37.617712021, -2.297349811 ], [ 37.622362137, -2.30416429 ], [ 37.62612915, -2.301139593 ], [ 37.631128947, -2.30116876 ], [ 37.632099152, -2.294010718 ], [ 37.636497498, -2.297497153 ], [ 37.642786662, -2.297219038 ], [ 37.64591217, -2.299156268 ], [ 37.648129781, -2.291729689 ], [ 37.655278778, -2.287476778 ], [ 37.658381871, -2.286840745 ], [ 37.66021347, -2.288893779 ], [ 37.664344025, -2.289923573 ], [ 37.67004776, -2.287718852 ], [ 37.67013073, -2.285352767 ], [ 37.667966207, -2.283763687 ], [ 37.667378108, -2.280761202 ], [ 37.67210865, -2.279353023 ], [ 37.673261642, -2.267772079 ], [ 37.678492228, -2.264410178 ], [ 37.676152547, -2.260002454 ], [ 37.678339005, -2.253334641 ], [ 37.678683281, -2.24307847 ], [ 37.675673962, -2.239183247 ], [ 37.674924215, -2.228000879 ], [ 37.679301182, -2.227353757 ], [ 37.683759689, -2.223774711 ], [ 37.687885285, -2.215768655 ], [ 37.694876353, -2.20967261 ], [ 37.706096649, -2.194535971 ], [ 37.715511322, -2.190354824 ], [ 37.723962784, -2.19135503 ], [ 37.724005381, -2.188741366 ], [ 37.708152771, -2.182129145 ], [ 37.705936432, -2.172823012 ], [ 37.699077606, -2.16432786 ], [ 37.692394257, -2.1647017 ], [ 37.664873123, -2.155410051 ], [ 37.621459961, -2.160982847 ], [ 37.592540741, -2.152803898 ], [ 37.57334137, -2.137795806 ], [ 37.564767838, -2.126929045 ], [ 37.550457001, -2.127093315 ], [ 37.544288635, -2.124387622 ], [ 37.543056488, -2.121787548 ], [ 37.543840408, -2.115236819 ], [ 37.541687012, -2.112612009 ], [ 37.53704834, -2.110957265 ], [ 37.533622742, -2.105777502 ], [ 37.478622437, -2.083870649 ], [ 37.475868225, -2.090808153 ], [ 37.462516516, -2.085195213 ], [ 37.465076447, -2.078796864 ], [ 37.451759338, -2.072750807 ], [ 37.382114411, -2.022515058 ], [ 37.364629746, -2.021907568 ], [ 37.364528656, -2.013764381 ], [ 37.359172821, -2.011379003 ], [ 37.313786507, -2.006936073 ], [ 37.307888031, -2.001803398 ], [ 37.302856446, -2.001617193 ], [ 37.299295426, -2.003399491 ], [ 37.284534454, -1.994838595 ], [ 37.280826569, -1.994123518 ], [ 37.275611877, -1.974789381 ], [ 37.26789856, -1.964399636 ], [ 37.26581192, -1.958351016 ], [ 37.264540354, -1.957405527 ], [ 37.259307861, -1.958497763 ], [ 37.255407334, -1.956664383 ], [ 37.253562927, -1.952555656 ], [ 37.247308731, -1.949339509 ], [ 37.244037628, -1.941828966 ], [ 37.236072541, -1.935212672 ], [ 37.223449707, -1.932090402 ], [ 37.214412689, -1.93253243 ], [ 37.211349487, -1.931388259 ], [ 37.206512133, -1.933579355 ], [ 37.200441361, -1.931875884 ], [ 37.192472458, -1.934450209 ], [ 37.186635971, -1.933027019 ], [ 37.182212194, -1.928073883 ], [ 37.183089574, -1.922904164 ], [ 37.170146942, -1.915857195 ], [ 37.169632594, -1.911490401 ], [ 37.157556534, -1.896120369 ], [ 37.158905029, -1.891701897 ], [ 37.153015137, -1.885814707 ], [ 37.154511769, -1.883460323 ], [ 37.158395131, -1.884665449 ], [ 37.160482407, -1.882252544 ], [ 37.160500209, -1.874048173 ], [ 37.16368866, -1.870764792 ], [ 37.162070751, -1.866755277 ], [ 37.162348747, -1.856790523 ], [ 37.156927109, -1.85041219 ], [ 37.154445648, -1.843766928 ], [ 37.146997452, -1.839411139 ], [ 37.143283844, -1.839710235 ], [ 37.141906738, -1.838506013 ], [ 37.142223358, -1.836134672 ], [ 37.148178101, -1.832936049 ], [ 37.148731232, -1.830855727 ], [ 37.143486023, -1.827402751 ], [ 37.143068949, -1.822151939 ], [ 37.145683289, -1.818833629 ], [ 37.141288757, -1.811560631 ], [ 37.152368546, -1.801123202 ], [ 37.151144028, -1.794352233 ], [ 37.160401663, -1.779193878 ], [ 37.159374237, -1.776911795 ], [ 37.157095909, -1.776504278 ], [ 37.154693604, -1.777768254 ], [ 37.152022044, -1.776045124 ], [ 37.158453623, -1.763791958 ], [ 37.156934739, -1.762206971 ], [ 37.150146484, -1.760466933 ], [ 37.148553467, -1.758267045 ], [ 37.147053582, -1.750723132 ], [ 37.149038315, -1.741830051 ], [ 37.147455216, -1.737498939 ], [ 37.144260407, -1.735626638 ], [ 37.141109737, -1.73567881 ], [ 37.133015246, -1.739970311 ], [ 37.132224438, -1.742475663 ], [ 37.124109549, -1.740927341 ], [ 37.124074936, -1.738314628 ], [ 37.116054535, -1.736229539 ], [ 37.111644745, -1.73326081 ], [ 37.08546257, -1.698218882 ], [ 37.084278107, -1.699006259 ], [ 37.080612772, -1.693510353 ], [ 37.081443746, -1.69290945 ], [ 37.006481171, -1.59271431 ], [ 37.000389099, -1.59729147 ], [ 36.990829468, -1.584927797 ], [ 36.995956421, -1.580977321 ], [ 36.977630615, -1.553071976 ], [ 36.974957466, -1.552357495 ], [ 36.973913193, -1.55490005 ], [ 36.966178894, -1.553345084 ], [ 36.957187653, -1.542334318 ], [ 36.956283569, -1.538551927 ], [ 36.957271576, -1.532731295 ], [ 36.958866119, -1.529558301 ], [ 36.96131134, -1.530007482 ], [ 36.963039398, -1.525808096 ], [ 36.962726593, -1.510796189 ], [ 36.97426033, -1.49880296 ], [ 36.970899582, -1.489056647 ], [ 36.977622986, -1.474849224 ], [ 36.947395325, -1.459227681 ], [ 36.949462891, -1.455130219 ], [ 36.942655564, -1.452427387 ], [ 36.936873118, -1.452840686 ], [ 36.930850983, -1.456876099 ], [ 36.927254677, -1.455458492 ], [ 36.923156738, -1.456338226 ], [ 36.920732498, -1.458899915 ], [ 36.920248032, -1.461689472 ], [ 36.911661148, -1.465253889 ], [ 36.904928208, -1.47061789 ], [ 36.900398254, -1.472317338 ], [ 36.88887024, -1.483692526 ], [ 36.884166718, -1.484693766 ], [ 36.878297806, -1.475586593 ], [ 36.889862061, -1.412252307 ], [ 36.890182495, -1.410511971 ], [ 36.894374847, -1.411015868 ], [ 36.894877116, -1.40919594 ], [ 36.881708145, -1.403688312 ], [ 36.870605469, -1.405020058 ], [ 36.869678497, -1.401229322 ], [ 36.863632202, -1.401655972 ], [ 36.857257843, -1.396626353 ], [ 36.849552155, -1.394140303 ], [ 36.844770432, -1.388962984 ], [ 36.843465805, -1.384384692 ], [ 36.839361191, -1.385894418 ], [ 36.836843491, -1.384680092 ], [ 36.836475372, -1.386293689 ], [ 36.827949524, -1.385287225 ], [ 36.822763443, -1.38329345 ], [ 36.819103241, -1.378920197 ], [ 36.814682007, -1.379863798 ], [ 36.811749776, -1.384073456 ], [ 36.809138934, -1.383354703 ], [ 36.808461189, -1.385712236 ], [ 36.805580139, -1.386844486 ], [ 36.804901123, -1.384366632 ], [ 36.802839279, -1.386337399 ], [ 36.800449372, -1.385114491 ], [ 36.795721054, -1.385767967 ], [ 36.795351029, -1.383574188 ], [ 36.793727875, -1.382948756 ], [ 36.789867401, -1.385347873 ], [ 36.786632538, -1.384912252 ], [ 36.782686234, -1.386766851 ], [ 36.780152639, -1.384123961 ], [ 36.772603989, -1.386505425 ], [ 36.767538071, -1.386281684 ], [ 36.764326096, -1.383438766 ], [ 36.760215759, -1.382227302 ], [ 36.748861313, -1.382234126 ], [ 36.744155884, -1.378611922 ], [ 36.741531372, -1.37943542 ], [ 36.726093292, -1.370908022 ], [ 36.702194214, -1.349484921 ], [ 36.692802429, -1.350649357 ], [ 36.68938446, -1.347097874 ], [ 36.684883118, -1.33483243 ], [ 36.682552338, -1.334948897 ], [ 36.678886414, -1.32598269 ], [ 36.674861908, -1.327842593 ], [ 36.669067383, -1.323598862 ], [ 36.672790527, -1.321908236 ], [ 36.663475037, -1.317285061 ], [ 36.665987015, -1.312167942 ], [ 36.659706116, -1.300525784 ], [ 36.490814209, -1.267989516 ], [ 36.512621307, -1.239572429 ], [ 36.536753783, -1.152578334 ], [ 36.493201331, -1.119001707 ], [ 36.3547156, -1.053723083 ], [ 36.335875797, -1.043547866 ], [ 36.331473717, -1.037254647 ], [ 36.335653788, -1.045649119 ], [ 36.347740173, -1.172504187 ], [ 36.247428894, -1.281202555 ], [ 36.049160004, -1.489948988 ], [ 36.058698655, -1.496090353 ], [ 36.060536481, -1.504381404 ], [ 36.065472921, -1.514809926 ], [ 36.074392319, -1.541112482 ], [ 36.084474564, -1.558660149 ], [ 36.086210305, -1.573442265 ], [ 36.084186681, -1.578486932 ], [ 36.080314636, -1.580788523 ], [ 36.079355038, -1.592137623 ], [ 36.074207306, -1.589500904 ], [ 36.070103646, -1.595850378 ], [ 36.066864014, -1.605976879 ], [ 36.065292359, -1.607827663 ], [ 36.063122114, -1.607386589 ], [ 36.065061854, -1.613053641 ], [ 36.060275078, -1.614613354 ], [ 36.059773445, -1.61616236 ], [ 36.056245804, -1.615035713 ], [ 36.052499771, -1.616361439 ], [ 36.057833534, -1.617956381 ], [ 36.059209049, -1.622475703 ], [ 36.05625836, -1.632464764 ], [ 36.050478327, -1.642438403 ], [ 36.05253527, -1.645005175 ], [ 36.047161102, -1.64660722 ], [ 36.046182854, -1.650220637 ], [ 36.050356865, -1.652597636 ], [ 36.053448677, -1.658888603 ], [ 36.052335639, -1.664021268 ], [ 36.054165649, -1.663870478 ], [ 36.055677414, -1.667337457 ], [ 36.057709503, -1.668022704 ], [ 36.057647192, -1.677340454 ], [ 36.055266641, -1.677482696 ], [ 36.054455683, -1.679114876 ], [ 36.059177394, -1.683779557 ], [ 36.057764756, -1.687030161 ], [ 36.063119638, -1.690205128 ], [ 36.064933176, -1.696509742 ], [ 36.061831157, -1.696486711 ], [ 36.058532715, -1.699529916 ], [ 36.055324555, -1.707593918 ], [ 36.052207947, -1.7038517 ], [ 36.048017502, -1.702318906 ], [ 36.045875549, -1.704246044 ], [ 36.045841823, -1.706837642 ], [ 36.042935372, -1.708683938 ], [ 36.044564931, -1.717284897 ], [ 36.047595598, -1.719797897 ], [ 36.048699797, -1.72896511 ], [ 36.046325684, -1.731014967 ], [ 36.042732239, -1.728107929 ], [ 36.041474565, -1.736383158 ], [ 36.035558065, -1.740453322 ], [ 36.035305423, -1.748449245 ], [ 36.032384873, -1.751848936 ], [ 36.035752004, -1.758315894 ], [ 36.0356191, -1.760754943 ], [ 36.030567169, -1.758182466 ], [ 36.031055451, -1.765553713 ], [ 36.024375916, -1.77233833 ], [ 36.019943237, -1.774488091 ], [ 36.025606156, -1.777836173 ], [ 36.029088974, -1.77788639 ], [ 36.030635701, -1.780644025 ], [ 36.028504761, -1.782214672 ], [ 36.027344132, -1.788478494 ], [ 36.022474289, -1.789792061 ], [ 36.022488912, -1.791589618 ], [ 36.025967598, -1.794126049 ], [ 36.016300202, -1.800742388 ], [ 36.016596208, -1.807049422 ], [ 36.017194176, -1.808136256 ], [ 36.019480009, -1.807780273 ], [ 36.021768056, -1.806079425 ], [ 36.028186815, -1.809626882 ], [ 36.029965026, -1.819545859 ], [ 36.027805329, -1.821164846 ], [ 36.02970848, -1.826090653 ], [ 36.037708858, -1.820824898 ], [ 36.041453396, -1.827618785 ], [ 36.043236415, -1.828559359 ], [ 36.042977651, -1.830790599 ], [ 36.040614128, -1.832196802 ], [ 36.049742743, -1.842445355 ], [ 36.047914841, -1.848620735 ], [ 36.050198539, -1.856343731 ], [ 36.048120499, -1.863708377 ], [ 36.05133311, -1.869248728 ], [ 36.044584275, -1.878154754 ], [ 36.041100502, -1.87630406 ], [ 36.036523819, -1.877675533 ], [ 36.03791143, -1.889521878 ], [ 36.035375378, -1.892428616 ], [ 36.033912479, -1.89159592 ], [ 36.031951904, -1.885854006 ], [ 36.029855728, -1.885829508 ], [ 36.02580452, -1.889120221 ], [ 36.032095623, -1.901129026 ], [ 36.040044785, -1.90524283 ], [ 36.043266296, -1.904610693 ], [ 36.04209137, -1.909294188 ], [ 36.030630112, -1.913478672 ], [ 36.032154535, -1.915075609 ], [ 36.031364118, -1.916621713 ], [ 36.034198279, -1.91965051 ], [ 36.0368955, -1.918896727 ], [ 36.035828908, -1.927242955 ], [ 36.036549049, -1.929248331 ], [ 36.040193697, -1.930556759 ], [ 36.042391844, -1.936645438 ], [ 36.040126801, -1.944454114 ], [ 36.036062241, -1.947284877 ], [ 36.038780212, -1.950167418 ], [ 36.041117942, -1.9579937 ], [ 36.038541158, -1.965050896 ], [ 36.039580948, -1.974111101 ], [ 36.036475817, -1.983305931 ], [ 36.035591126, -1.998682022 ], [ 36.03172795, -1.999514177 ], [ 36.036145782, -2.004312468 ], [ 36.030765533, -2.012557804 ], [ 36.029716492, -2.010773579 ], [ 36.028633118, -2.011134068 ], [ 36.02728653, -2.020925045 ], [ 36.028033577, -2.026104315 ], [ 36.025158061, -2.023750926 ], [ 36.023867813, -2.028993295 ], [ 36.021698391, -2.030744119 ], [ 36.02265459, -2.034918442 ], [ 36.020959854, -2.035453469 ], [ 36.022694851, -2.041687549 ], [ 36.026738295, -2.04305487 ], [ 36.026660919, -2.082064152 ], [ 36.000137329, -2.081845879 ], [ 36.000132995, -2.10458074 ], [ 36.442410013, -2.353465853 ], [ 36.702110013, -2.501065853 ], [ 36.750310013, -2.525165853 ], [ 37.013210013, -2.672865853 ], [ 37.281610013, -2.824565853 ], [ 37.503910013, -2.948265853 ], [ 37.533410013, -2.966165853 ], [ 37.671884717, -3.058744784 ], [ 37.690210013, -3.171565853 ], [ 37.692071442, -3.175103272 ], [ 37.791675568, -3.171160452 ], [ 37.794276295, -3.173853797 ], [ 37.799308455, -3.169493815 ], [ 37.802751162, -3.169161848 ], [ 37.804390278, -3.167497492 ], [ 37.815814648, -3.170656807 ], [ 37.819396964, -3.174912737 ], [ 37.822432706, -3.175368156 ], [ 37.82795142, -3.17953326 ], [ 37.833199778, -3.186841781 ], [ 37.838715159, -3.187099618 ], [ 37.847949748, -3.184004005 ], [ 37.849240625, -3.181141067 ], [ 37.853508001, -3.179256816 ], [ 37.854475899, -3.080026465 ], [ 37.870356152, -3.078695023 ], [ 37.894382462, -2.885697128 ], [ 37.917873383, -2.868433672 ], [ 37.937362439, -2.770810602 ] ] ] } },
{ "type": "Feature", "properties": { "shapeName": "Kericho", "shapeISO": "", "shapeID": "84041B43889823691832", "shapeGroup": "KEN", "shapeType": "ADM1" }, "geometry": { "type": "Polygon", "coordinates": [ [ [ 35.435141924, 0.02719983 ], [ 35.438104751, 0.019968516 ], [ 35.41358007, 0.005282824 ], [ 35.404473414, -0.021185052 ], [ 35.42408863, -0.076008363 ], [ 35.401008708, -0.085005518 ], [ 35.389806825, -0.095209486 ], [ 35.371884657, -0.107291424 ], [ 35.352794099, -0.106522583 ], [ 35.338497366, -0.108306625 ], [ 35.307674443, -0.083517896 ], [ 35.279597366, -0.097306625 ], [ 35.226493835, -0.103708789 ], [ 35.22630214, -0.106924863 ], [ 35.234895582, -0.117921394 ], [ 35.253608757, -0.118323678 ], [ 35.270515442, -0.150020346 ], [ 35.272544729, -0.150538295 ], [ 35.278437042, -0.144112918 ], [ 35.296097084, -0.17408715 ], [ 35.330694828, -0.174708375 ], [ 35.331090538, -0.190417747 ], [ 35.336346859, -0.206436401 ], [ 35.343108023, -0.235568123 ], [ 35.341600165, -0.237915158 ], [ 35.324833455, -0.244050349 ], [ 35.321997366, -0.247106625 ], [ 35.324947366, -0.250556625 ], [ 35.320511178, -0.246229905 ], [ 35.313622156, -0.24708239 ], [ 35.306712455, -0.238624019 ], [ 35.302738569, -0.238694899 ], [ 35.299592972, -0.236207295 ], [ 35.298449974, -0.23700943 ], [ 35.292905807, -0.23482719 ], [ 35.286103783, -0.234599133 ], [ 35.280244314, -0.235843389 ], [ 35.269597578, -0.235482631 ], [ 35.262624363, -0.230643834 ], [ 35.260894775, -0.227851435 ], [ 35.263002396, -0.221722305 ], [ 35.254250844, -0.216997564 ], [ 35.247612953, -0.209059486 ], [ 35.248962651, -0.206828184 ], [ 35.245924667, -0.201541394 ], [ 35.242690086, -0.202146306 ], [ 35.240835939, -0.19851235 ], [ 35.237032559, -0.199275192 ], [ 35.235650107, -0.195021877 ], [ 35.232451038, -0.193278071 ], [ 35.230841775, -0.192799839 ], [ 35.22697701, -0.19483318 ], [ 35.219136361, -0.191771445 ], [ 35.219157618, -0.187127395 ], [ 35.217768192, -0.185773609 ], [ 35.21705561, -0.178866894 ], [ 35.215821839, -0.178691894 ], [ 35.215504646, -0.173450552 ], [ 35.204049773, -0.166985812 ], [ 35.203844377, -0.164153206 ], [ 35.197609075, -0.160770021 ], [ 35.190903746, -0.160803745 ], [ 35.186309497, -0.157627211 ], [ 35.18462499, -0.158574109 ], [ 35.185723896, -0.161244502 ], [ 35.182201251, -0.163132771 ], [ 35.170362473, -0.160968386 ], [ 35.166795095, -0.163527836 ], [ 35.167858124, -0.160316659 ], [ 35.164647103, -0.160290222 ], [ 35.156921555, -0.164011331 ], [ 35.145329211, -0.160149811 ], [ 35.140462875, -0.159384385 ], [ 35.138028922, -0.160819815 ], [ 35.133847824, -0.153807432 ], [ 35.127958298, -0.153779983 ], [ 35.103001484, -0.199720165 ], [ 35.071933746, -0.207246482 ], [ 35.063562663, -0.215565413 ], [ 35.05740317, -0.23529005 ], [ 35.05510538, -0.267807673 ], [ 35.052270165, -0.274959379 ], [ 35.051039271, -0.292146523 ], [ 35.049493304, -0.29641173 ], [ 35.046899534, -0.300599673 ], [ 35.024396696, -0.321441211 ], [ 35.009180589, -0.329497292 ], [ 35.005935669, -0.334851228 ], [ 35.004644789, -0.35573416 ], [ 35.006698608, -0.373370856 ], [ 35.010586251, -0.389253398 ], [ 35.017681632, -0.395755281 ], [ 35.017865899, -0.400503937 ], [ 35.021238686, -0.403807903 ], [ 35.019859516, -0.409650857 ], [ 35.020831632, -0.412055281 ], [ 35.026517566, -0.41272378 ], [ 35.033604094, -0.419901766 ], [ 35.038407651, -0.428534466 ], [ 35.038465899, -0.435903937 ], [ 35.044865899, -0.443603937 ], [ 35.044381632, -0.448955281 ], [ 35.045890432, -0.452184661 ], [ 35.042140348, -0.455811876 ], [ 35.042631632, -0.464055281 ], [ 35.040731632, -0.477755281 ], [ 35.039365899, -0.482303937 ], [ 35.034031632, -0.482655281 ], [ 35.032873766, -0.496155281 ], [ 35.043931632, -0.498305281 ], [ 35.049179203, -0.496611875 ], [ 35.052447366, -0.498106625 ], [ 35.056597366, -0.505406625 ], [ 35.047981632, -0.522705281 ], [ 35.050531632, -0.525405281 ], [ 35.052631632, -0.532155281 ], [ 35.052031632, -0.534705281 ], [ 35.049481632, -0.536105281 ], [ 35.052431632, -0.543305281 ], [ 35.050026625, -0.547322846 ], [ 35.051407368, -0.552953834 ], [ 35.049959684, -0.554679516 ], [ 35.050731632, -0.563255281 ], [ 35.048231632, -0.569705281 ], [ 35.051881632, -0.585105281 ], [ 35.056531632, -0.594955281 ], [ 35.061631632, -0.601155281 ], [ 35.062431632, -0.606355281 ], [ 35.057165142, -0.616331928 ], [ 35.058331632, -0.619605281 ], [ 35.06319809, -0.620569944 ], [ 35.06719892, -0.603438037 ], [ 35.069833746, -0.598965777 ], [ 35.07228446, -0.597485738 ], [ 35.082814751, -0.598170934 ], [ 35.08088398, -0.602026969 ], [ 35.081775665, -0.604951351 ], [ 35.086870194, -0.607995361 ], [ 35.084150987, -0.614991252 ], [ 35.085479139, -0.618253602 ], [ 35.08372135, -0.620677443 ], [ 35.087768555, -0.623374725 ], [ 35.08395733, -0.631048814 ], [ 35.082519531, -0.631600749 ], [ 35.082713127, -0.637802869 ], [ 35.080188294, -0.637362595 ], [ 35.083113626, -0.641360508 ], [ 35.080883026, -0.644320279 ], [ 35.080247172, -0.650245084 ], [ 35.092895534, -0.656933241 ], [ 35.098245914, -0.65534011 ], [ 35.107994861, -0.655551618 ], [ 35.114782832, -0.652945144 ], [ 35.119579315, -0.655724331 ], [ 35.121588138, -0.661156884 ], [ 35.125094368, -0.661548737 ], [ 35.131481499, -0.659378691 ], [ 35.132530213, -0.657829761 ], [ 35.140623756, -0.65876409 ], [ 35.146910509, -0.657027494 ], [ 35.151854025, -0.658065577 ], [ 35.16156118, -0.65532421 ], [ 35.178147688, -0.655098142 ], [ 35.179094808, -0.65143874 ], [ 35.19560889, -0.643685606 ], [ 35.198444086, -0.63676919 ], [ 35.206857496, -0.630570794 ], [ 35.210587435, -0.626044249 ], [ 35.227733346, -0.614153381 ], [ 35.228436912, -0.606672561 ], [ 35.22467041, -0.596923828 ], [ 35.212793995, -0.591699162 ], [ 35.195597797, -0.574565291 ], [ 35.195033575, -0.57032421 ], [ 35.196636539, -0.563003389 ], [ 35.200553058, -0.554547044 ], [ 35.205291748, -0.550628662 ], [ 35.206127686, -0.547332564 ], [ 35.199200806, -0.539687531 ], [ 35.197716595, -0.53618368 ], [ 35.197548487, -0.533448841 ], [ 35.200073242, -0.530303955 ], [ 35.198794263, -0.525171261 ], [ 35.193162307, -0.523011443 ], [ 35.189490524, -0.517740786 ], [ 35.193115234, -0.507080078 ], [ 35.187869772, -0.503107336 ], [ 35.178747491, -0.50014838 ], [ 35.177558239, -0.494829573 ], [ 35.181528755, -0.482158134 ], [ 35.182512259, -0.483735032 ], [ 35.186765586, -0.484495794 ], [ 35.192687988, -0.481384277 ], [ 35.202439038, -0.48147162 ], [ 35.20538288, -0.479538968 ], [ 35.21499122, -0.478460796 ], [ 35.220794678, -0.473724365 ], [ 35.221382487, -0.471457798 ], [ 35.20892334, -0.465270996 ], [ 35.211191088, -0.461613258 ], [ 35.214935225, -0.459139022 ], [ 35.217738027, -0.454129145 ], [ 35.218617247, -0.449110359 ], [ 35.228937012, -0.43285317 ], [ 35.228748048, -0.42950551 ], [ 35.232091826, -0.42203877 ], [ 35.245482547, -0.421684441 ], [ 35.250936118, -0.418893007 ], [ 35.257249706, -0.422200792 ], [ 35.261457589, -0.422432965 ], [ 35.277404785, -0.415924072 ], [ 35.279296875, -0.41809082 ], [ 35.287017822, -0.417114258 ], [ 35.293110979, -0.422660057 ], [ 35.30320571, -0.424151886 ], [ 35.308331031, -0.423342574 ], [ 35.313598633, -0.419708252 ], [ 35.323425293, -0.419006348 ], [ 35.331115723, -0.411010742 ], [ 35.331298828, -0.408081055 ], [ 35.334289551, -0.406311035 ], [ 35.350891113, -0.408905029 ], [ 35.36138916, -0.407348633 ], [ 35.361785889, -0.412414551 ], [ 35.358703613, -0.414123535 ], [ 35.357116699, -0.417907715 ], [ 35.350524902, -0.419128418 ], [ 35.34387207, -0.422912598 ], [ 35.340087891, -0.426208496 ], [ 35.33770752, -0.43170166 ], [ 35.343505859, -0.428955078 ], [ 35.352478027, -0.428527832 ], [ 35.361602783, -0.421356201 ], [ 35.362512231, -0.48229179 ], [ 35.36529541, -0.481689453 ], [ 35.368896484, -0.483398437 ], [ 35.376664117, -0.478953214 ], [ 35.380807838, -0.471851681 ], [ 35.386281845, -0.472547057 ], [ 35.388436231, -0.467817833 ], [ 35.393587427, -0.463391353 ], [ 35.39466388, -0.459574033 ], [ 35.398712158, -0.458496094 ], [ 35.400604248, -0.460968018 ], [ 35.405578613, -0.460693359 ], [ 35.408905029, -0.459197998 ], [ 35.411621094, -0.455200195 ], [ 35.419006348, -0.453308105 ], [ 35.427092016, -0.454520591 ], [ 35.431180856, -0.449679509 ], [ 35.436004639, -0.436401367 ], [ 35.439697266, -0.434295654 ], [ 35.440259966, -0.430647799 ], [ 35.442953956, -0.427802437 ], [ 35.453002736, -0.422759611 ], [ 35.458856468, -0.411249782 ], [ 35.462216455, -0.408548712 ], [ 35.463290691, -0.405723009 ], [ 35.465217069, -0.403811856 ], [ 35.469184839, -0.403332074 ], [ 35.472635255, -0.399490861 ], [ 35.471686582, -0.395727245 ], [ 35.444036582, -0.350527245 ], [ 35.443875797, -0.347747866 ], [ 35.439386582, -0.342927245 ], [ 35.413886582, -0.300927245 ], [ 35.452098615, -0.286909481 ], [ 35.470686582, -0.276277245 ], [ 35.487684886, -0.273240063 ], [ 35.505586582, -0.267577245 ], [ 35.509536582, -0.268877245 ], [ 35.524386582, -0.268627245 ], [ 35.52910179, -0.258457223 ], [ 35.558786582, -0.271877245 ], [ 35.572286582, -0.281227245 ], [ 35.569286582, -0.302277245 ], [ 35.581086582, -0.307177245 ], [ 35.584986582, -0.290677245 ], [ 35.592086582, -0.283527245 ], [ 35.593486582, -0.275827245 ], [ 35.601786582, -0.282827245 ], [ 35.605875797, -0.292947866 ], [ 35.611286582, -0.287727245 ], [ 35.618086582, -0.288827245 ], [ 35.619786582, -0.292827245 ], [ 35.631186582, -0.286477245 ], [ 35.631486582, -0.274927245 ], [ 35.640786582, -0.270127245 ], [ 35.645286582, -0.269977245 ], [ 35.650186582, -0.264527245 ], [ 35.657636582, -0.232927245 ], [ 35.655436582, -0.219927245 ], [ 35.657686582, -0.216227245 ], [ 35.655486582, -0.211127245 ], [ 35.656886582, -0.204277245 ], [ 35.661936582, -0.203727245 ], [ 35.664186582, -0.192827245 ], [ 35.675036582, -0.187027245 ], [ 35.666086582, -0.183227245 ], [ 35.670459633, -0.163535955 ], [ 35.669286582, -0.161577245 ], [ 35.666775797, -0.161047866 ], [ 35.655555662, -0.162740706 ], [ 35.652674147, -0.160743648 ], [ 35.650886582, -0.153477245 ], [ 35.646886582, -0.149477245 ], [ 35.639986582, -0.148477245 ], [ 35.631293117, -0.15071741 ], [ 35.628636582, -0.150677245 ], [ 35.626536582, -0.148827245 ], [ 35.61672182, -0.152397294 ], [ 35.612597366, -0.156606625 ], [ 35.609908349, -0.155555407 ], [ 35.607884805, -0.153011436 ], [ 35.605286582, -0.152477245 ], [ 35.603786582, -0.146927245 ], [ 35.601136582, -0.143377245 ], [ 35.600336582, -0.131877245 ], [ 35.597636582, -0.128727245 ], [ 35.598886582, -0.120477245 ], [ 35.603697366, -0.121206625 ], [ 35.611186582, -0.117227245 ], [ 35.612586582, -0.109027245 ], [ 35.623136582, -0.101227245 ], [ 35.621486582, -0.095327245 ], [ 35.614186582, -0.089627245 ], [ 35.616736582, -0.086427245 ], [ 35.615477989, -0.08196515 ], [ 35.62396368, -0.078166781 ], [ 35.630248947, -0.069188461 ], [ 35.639636582, -0.059327245 ], [ 35.636886582, -0.052127245 ], [ 35.639486582, -0.049177245 ], [ 35.639386582, -0.046727245 ], [ 35.633186582, -0.033927245 ], [ 35.630375797, -0.032247866 ], [ 35.610586582, -0.029627245 ], [ 35.583586582, -0.005277245 ], [ 35.571796324, -0.006564824 ], [ 35.543808633, -0.005963433 ], [ 35.522920966, 0.015837419 ], [ 35.516593933, 0.01562296 ], [ 35.513974921, 0.008911581 ], [ 35.498654657, 0.010334914 ], [ 35.497754099, 0.012633892 ], [ 35.493539551, 0.015266472 ], [ 35.480620427, 0.015919803 ], [ 35.457771301, 0.010578523 ], [ 35.457912535, 0.014182832 ], [ 35.471034973, 0.020363453 ], [ 35.466289592, 0.027888496 ], [ 35.435141924, 0.02719983 ] ] ] } },
{ "type": "Feature", "properties": { "shapeName": "Bomet", "shapeISO": "", "shapeID": "84041B77241007369657", "shapeGroup": "KEN", "shapeType": "ADM1" }, "geometry": { "type": "Polygon", "coordinates": [ [ [ 35.472635255, -0.399490861 ], [ 35.469184839, -0.403332074 ], [ 35.465217069, -0.403811856 ], [ 35.463290691, -0.405723009 ], [ 35.462216455, -0.408548712 ], [ 35.458856468, -0.411249782 ], [ 35.453002736, -0.422759611 ], [ 35.442953956, -0.427802437 ], [ 35.440259966, -0.430647799 ], [ 35.439697266, -0.434295654 ], [ 35.436004639, -0.436401367 ], [ 35.431180856, -0.449679509 ], [ 35.427092016, -0.454520591 ], [ 35.419006348, -0.453308105 ], [ 35.411621094, -0.455200195 ], [ 35.408905029, -0.459197998 ], [ 35.405578613, -0.460693359 ], [ 35.400604248, -0.460968018 ], [ 35.398712158, -0.458496094 ], [ 35.39466388, -0.459574033 ], [ 35.393587427, -0.463391353 ], [ 35.388436231, -0.467817833 ], [ 35.386281845, -0.472547057 ], [ 35.380807838, -0.471851681 ], [ 35.376664117, -0.478953214 ], [ 35.368896484, -0.483398437 ], [ 35.36529541, -0.481689453 ], [ 35.362512231, -0.48229179 ], [ 35.361602783, -0.421356201 ], [ 35.352478027, -0.428527832 ], [ 35.343505859, -0.428955078 ], [ 35.33770752, -0.43170166 ], [ 35.340087891, -0.426208496 ], [ 35.34387207, -0.422912598 ], [ 35.350524902, -0.419128418 ], [ 35.357116699, -0.417907715 ], [ 35.358703613, -0.414123535 ], [ 35.361785889, -0.412414551 ], [ 35.36138916, -0.407348633 ], [ 35.350891113, -0.408905029 ], [ 35.334289551, -0.406311035 ], [ 35.331298828, -0.408081055 ], [ 35.331115723, -0.411010742 ], [ 35.323425293, -0.419006348 ], [ 35.313598633, -0.419708252 ], [ 35.308331031, -0.423342574 ], [ 35.30320571, -0.424151886 ], [ 35.293110979, -0.422660057 ], [ 35.287017822, -0.417114258 ], [ 35.279296875, -0.41809082 ], [ 35.277404785, -0.415924072 ], [ 35.261457589, -0.422432965 ], [ 35.257249706, -0.422200792 ], [ 35.250936118, -0.418893007 ], [ 35.245482547, -0.421684441 ], [ 35.232091826, -0.42203877 ], [ 35.228748048, -0.42950551 ], [ 35.228937012, -0.43285317 ], [ 35.218617247, -0.449110359 ], [ 35.217738027, -0.454129145 ], [ 35.214935225, -0.459139022 ], [ 35.211191088, -0.461613258 ], [ 35.20892334, -0.465270996 ], [ 35.221382487, -0.471457798 ], [ 35.220794678, -0.473724365 ], [ 35.21499122, -0.478460796 ], [ 35.20538288, -0.479538968 ], [ 35.202439038, -0.48147162 ], [ 35.192687988, -0.481384277 ], [ 35.186765586, -0.484495794 ], [ 35.182512259, -0.483735032 ], [ 35.181528755, -0.482158134 ], [ 35.177558239, -0.494829573 ], [ 35.178747491, -0.50014838 ], [ 35.187869772, -0.503107336 ], [ 35.193115234, -0.507080078 ], [ 35.189490524, -0.517740786 ], [ 35.193162307, -0.523011443 ], [ 35.198794263, -0.525171261 ], [ 35.200073242, -0.530303955 ], [ 35.197548487, -0.533448841 ], [ 35.197716595, -0.53618368 ], [ 35.199200806, -0.539687531 ], [ 35.206127686, -0.547332564 ], [ 35.205291748, -0.550628662 ], [ 35.200553058, -0.554547044 ], [ 35.196636539, -0.563003389 ], [ 35.195033575, -0.57032421 ], [ 35.195597797, -0.574565291 ], [ 35.212793995, -0.591699162 ], [ 35.22467041, -0.596923828 ], [ 35.228436912, -0.606672561 ], [ 35.227733346, -0.614153381 ], [ 35.210587435, -0.626044249 ], [ 35.206857496, -0.630570794 ], [ 35.198444086, -0.63676919 ], [ 35.19560889, -0.643685606 ], [ 35.179094808, -0.65143874 ], [ 35.178147688, -0.655098142 ], [ 35.16156118, -0.65532421 ], [ 35.151854025, -0.658065577 ], [ 35.146910509, -0.657027494 ], [ 35.140623756, -0.65876409 ], [ 35.132530213, -0.657829761 ], [ 35.131481499, -0.659378691 ], [ 35.125094368, -0.661548737 ], [ 35.121588138, -0.661156884 ], [ 35.119579315, -0.655724331 ], [ 35.114782832, -0.652945144 ], [ 35.107994861, -0.655551618 ], [ 35.098245914, -0.65534011 ], [ 35.092895534, -0.656933241 ], [ 35.080247172, -0.650245084 ], [ 35.080883026, -0.644320279 ], [ 35.083113626, -0.641360508 ], [ 35.080188294, -0.637362595 ], [ 35.082713127, -0.637802869 ], [ 35.082519531, -0.631600749 ], [ 35.08395733, -0.631048814 ], [ 35.087768555, -0.623374725 ], [ 35.08372135, -0.620677443 ], [ 35.085479139, -0.618253602 ], [ 35.084150987, -0.614991252 ], [ 35.086870194, -0.607995361 ], [ 35.081775665, -0.604951351 ], [ 35.08088398, -0.602026969 ], [ 35.082814751, -0.598170934 ], [ 35.07228446, -0.597485738 ], [ 35.069833746, -0.598965777 ], [ 35.06719892, -0.603438037 ], [ 35.06319809, -0.620569944 ], [ 35.058331632, -0.619605281 ], [ 35.061994268, -0.623522806 ], [ 35.064207338, -0.62927337 ], [ 35.062924622, -0.63274253 ], [ 35.058666813, -0.635893389 ], [ 35.055841578, -0.643008656 ], [ 35.056761431, -0.648511937 ], [ 35.055115131, -0.656017782 ], [ 35.057429707, -0.663461341 ], [ 35.063044445, -0.669866121 ], [ 35.062683934, -0.675314101 ], [ 35.069216511, -0.682547949 ], [ 35.072194043, -0.690792208 ], [ 35.06809765, -0.69407172 ], [ 35.060010203, -0.694704387 ], [ 35.050178751, -0.700583729 ], [ 35.047894623, -0.706537989 ], [ 35.091285339, -0.800883363 ], [ 35.044364929, -0.852508307 ], [ 35.031669649, -0.844601903 ], [ 35.024579842, -0.845524554 ], [ 35.021405754, -0.847364295 ], [ 35.025158099, -0.858798151 ], [ 35.025379181, -0.872793138 ], [ 35.023857117, -0.874156237 ], [ 35.020370483, -0.869432986 ], [ 35.017947488, -0.871026819 ], [ 35.012074828, -0.879565649 ], [ 35.013599648, -0.885262635 ], [ 35.01282502, -0.887919668 ], [ 35.082649231, -0.904514611 ], [ 35.108779907, -0.926282704 ], [ 35.115418372, -0.933666324 ], [ 35.116610165, -0.932281917 ], [ 35.240866343, -1.034844756 ], [ 35.242682866, -1.033341961 ], [ 35.244507472, -1.034959475 ], [ 35.248594917, -1.032878439 ], [ 35.247871399, -1.03088972 ], [ 35.248692322, -1.028983259 ], [ 35.25172648, -1.028629776 ], [ 35.251394272, -1.026248127 ], [ 35.254674911, -1.027989149 ], [ 35.258124352, -1.02649945 ], [ 35.260993958, -1.019917428 ], [ 35.264064789, -1.018833935 ], [ 35.271107992, -1.021734595 ], [ 35.27000618, -1.018364489 ], [ 35.271831243, -1.019163941 ], [ 35.277284622, -1.01686573 ], [ 35.280445099, -1.014720976 ], [ 35.281426907, -1.010665588 ], [ 35.284432729, -1.012537956 ], [ 35.286090851, -1.009948015 ], [ 35.289014816, -1.010610759 ], [ 35.289878082, -1.007836199 ], [ 35.295731862, -1.006235798 ], [ 35.298915863, -1.002040386 ], [ 35.303367615, -1.003402531 ], [ 35.307937145, -0.998847164 ], [ 35.31243813, -0.99897364 ], [ 35.311582565, -0.993724207 ], [ 35.313565731, -0.994416699 ], [ 35.315743542, -0.992878825 ], [ 35.314157486, -0.991404504 ], [ 35.319531441, -0.987302125 ], [ 35.319005489, -0.986362509 ], [ 35.322299321, -0.986971488 ], [ 35.32470417, -0.984156862 ], [ 35.327814102, -0.984749526 ], [ 35.331593409, -0.980793253 ], [ 35.329103851, -0.979454064 ], [ 35.333640289, -0.974267757 ], [ 35.339769918, -0.977425277 ], [ 35.3393116, -0.973671943 ], [ 35.346088409, -0.969903926 ], [ 35.34839948, -0.971501698 ], [ 35.34712566, -0.97390409 ], [ 35.34932667, -0.974631994 ], [ 35.350697835, -0.977117032 ], [ 35.349717935, -0.97129668 ], [ 35.354814351, -0.96735286 ], [ 35.359287262, -0.970709502 ], [ 35.363365173, -0.968780736 ], [ 35.36597551, -0.972964574 ], [ 35.370128262, -0.971929612 ], [ 35.369660377, -0.967191102 ], [ 35.373025895, -0.968733609 ], [ 35.376205444, -0.965255141 ], [ 35.37795639, -0.959434738 ], [ 35.382058462, -0.959371696 ], [ 35.383609009, -0.957040453 ], [ 35.385134697, -0.958433628 ], [ 35.388470968, -0.956287046 ], [ 35.392481995, -0.95665803 ], [ 35.394594193, -0.954704404 ], [ 35.397976876, -0.956049368 ], [ 35.403008619, -0.950894125 ], [ 35.403507233, -0.947524577 ], [ 35.404872894, -0.948447009 ], [ 35.413831711, -0.944725751 ], [ 35.421327817, -0.943899928 ], [ 35.420785904, -0.940322309 ], [ 35.423687805, -0.939430264 ], [ 35.42154185, -0.934511582 ], [ 35.424871445, -0.934085622 ], [ 35.425909711, -0.931493293 ], [ 35.42342206, -0.923084565 ], [ 35.424461788, -0.921536206 ], [ 35.422577858, -0.92071782 ], [ 35.424625397, -0.916884541 ], [ 35.427937378, -0.916892923 ], [ 35.423907471, -0.90452044 ], [ 35.426362992, -0.903066933 ], [ 35.429058075, -0.90377824 ], [ 35.430625139, -0.90115209 ], [ 35.42943573, -0.89790231 ], [ 35.430435181, -0.895481874 ], [ 35.431248347, -0.894484788 ], [ 35.432382577, -0.89624101 ], [ 35.43552351, -0.896521099 ], [ 35.4375, -0.893902619 ], [ 35.440088272, -0.893524766 ], [ 35.440961837, -0.892660617 ], [ 35.438606262, -0.886363626 ], [ 35.442955971, -0.887285277 ], [ 35.443449021, -0.884180039 ], [ 35.445810318, -0.883980006 ], [ 35.445837021, -0.881420687 ], [ 35.449432373, -0.880962514 ], [ 35.449412656, -0.883458463 ], [ 35.453494072, -0.879943654 ], [ 35.45331192, -0.881997511 ], [ 35.455460548, -0.882651791 ], [ 35.455327352, -0.875685553 ], [ 35.457832813, -0.872630499 ], [ 35.459434509, -0.873612781 ], [ 35.459791184, -0.871628493 ], [ 35.461805171, -0.872011896 ], [ 35.461339951, -0.862328976 ], [ 35.46484375, -0.862446338 ], [ 35.466536204, -0.861118138 ], [ 35.467931748, -0.862256735 ], [ 35.468251229, -0.860107764 ], [ 35.472295677, -0.858948257 ], [ 35.471280098, -0.855286151 ], [ 35.477125295, -0.85315274 ], [ 35.476167043, -0.85283187 ], [ 35.477419853, -0.849701554 ], [ 35.479125977, -0.849957551 ], [ 35.477249908, -0.844795346 ], [ 35.477806091, -0.842243234 ], [ 35.479518255, -0.841242949 ], [ 35.479091644, -0.838872194 ], [ 35.48438797, -0.834835493 ], [ 35.484876156, -0.832567588 ], [ 35.486719132, -0.832588285 ], [ 35.487054825, -0.829644739 ], [ 35.490592957, -0.829283565 ], [ 35.491119385, -0.827393115 ], [ 35.493968964, -0.827604234 ], [ 35.494709969, -0.824353859 ], [ 35.496687889, -0.823116913 ], [ 35.500481606, -0.822762951 ], [ 35.501302719, -0.824353844 ], [ 35.502351761, -0.822815954 ], [ 35.509916306, -0.822114736 ], [ 35.511379242, -0.817925334 ], [ 35.513441216, -0.818208931 ], [ 35.512991905, -0.81598156 ], [ 35.516693115, -0.816875124 ], [ 35.52032988, -0.814827329 ], [ 35.519721985, -0.811395854 ], [ 35.521155357, -0.808163702 ], [ 35.527082444, -0.808214515 ], [ 35.527576446, -0.805736511 ], [ 35.5341115, -0.801316001 ], [ 35.535055161, -0.798350781 ], [ 35.541114807, -0.794708371 ], [ 35.546495416, -0.787573373 ], [ 35.545365278, -0.785341883 ], [ 35.534261544, -0.778328013 ], [ 35.508323281, -0.774929821 ], [ 35.499184807, -0.770135752 ], [ 35.480837238, -0.764095913 ], [ 35.426512007, -0.721354879 ], [ 35.39717865, -0.64423421 ], [ 35.587278035, -0.587233552 ], [ 35.537234139, -0.502525154 ], [ 35.478445711, -0.406632038 ], [ 35.473602295, -0.399200439 ], [ 35.472635255, -0.399490861 ] ] ] } },
{ "type": "Feature", "properties": { "shapeName": "Kakamega", "shapeISO": "", "shapeID": "84041B9783457716565", "shapeGroup": "KEN", "shapeType": "ADM1" }, "geometry": { "type": "Polygon", "coordinates": [ [ [ 35.018852651, 0.887698068 ], [ 35.019100839, 0.881753763 ], [ 35.015495156, 0.873823171 ], [ 35.015638701, 0.869126267 ], [ 35.013058683, 0.863343799 ], [ 35.01382466, 0.861149114 ], [ 35.021596506, 0.857055593 ], [ 35.024667787, 0.853856384 ], [ 35.027833711, 0.840752419 ], [ 35.025427672, 0.837524519 ], [ 35.024640493, 0.832517976 ], [ 35.02739923, 0.830029067 ], [ 35.02773407, 0.82733512 ], [ 35.030804158, 0.823328942 ], [ 35.032663384, 0.821819326 ], [ 35.035660165, 0.822492624 ], [ 35.041308378, 0.821098915 ], [ 35.043301502, 0.815590347 ], [ 35.046508621, 0.812800292 ], [ 35.051194918, 0.803428192 ], [ 35.053838714, 0.801330887 ], [ 35.056879388, 0.802112401 ], [ 35.063907167, 0.796918148 ], [ 35.064834101, 0.790869016 ], [ 35.063436472, 0.788409697 ], [ 35.067572601, 0.784438479 ], [ 35.065950753, 0.783104694 ], [ 35.067396046, 0.780696308 ], [ 35.065061027, 0.777947784 ], [ 35.06638773, 0.772733967 ], [ 35.064758114, 0.76931461 ], [ 35.06649391, 0.767435214 ], [ 35.064318386, 0.763413977 ], [ 35.053196495, 0.764197631 ], [ 35.044460274, 0.761676065 ], [ 35.042637503, 0.758565833 ], [ 35.038819675, 0.756581911 ], [ 35.040983641, 0.75162214 ], [ 35.040016096, 0.749322123 ], [ 35.037124057, 0.749233778 ], [ 35.031924732, 0.753114057 ], [ 35.031081197, 0.750996366 ], [ 35.02704776, 0.750773664 ], [ 35.028022714, 0.745888972 ], [ 35.023741633, 0.744427647 ], [ 35.020556281, 0.744514325 ], [ 35.018289945, 0.751531805 ], [ 35.015099897, 0.751860234 ], [ 35.012304163, 0.754456402 ], [ 35.006931524, 0.74782594 ], [ 35.003732945, 0.746174329 ], [ 35.001718332, 0.746736445 ], [ 35.00049336, 0.744513511 ], [ 34.992476722, 0.747345878 ], [ 34.98803862, 0.754448536 ], [ 34.98491452, 0.755300386 ], [ 34.980984926, 0.753699281 ], [ 34.977213621, 0.757266184 ], [ 34.969074756, 0.753273892 ], [ 34.962530876, 0.754247213 ], [ 34.95657594, 0.749600782 ], [ 34.95566475, 0.754075951 ], [ 34.95223144, 0.751864494 ], [ 34.94892835, 0.753631466 ], [ 34.940150978, 0.740936442 ], [ 34.937732577, 0.743192339 ], [ 34.935603241, 0.742735983 ], [ 34.934106995, 0.740195691 ], [ 34.929750133, 0.742359826 ], [ 34.921986195, 0.726999756 ], [ 34.922456003, 0.722848269 ], [ 34.929329386, 0.711458716 ], [ 34.926424213, 0.702434132 ], [ 34.920067542, 0.700620837 ], [ 34.918138869, 0.695156894 ], [ 34.912673562, 0.692758717 ], [ 34.910011572, 0.68708007 ], [ 34.899793592, 0.686715728 ], [ 34.892784806, 0.691648839 ], [ 34.881394756, 0.68417047 ], [ 34.873279763, 0.685445163 ], [ 34.869306284, 0.684839209 ], [ 34.867331006, 0.682988561 ], [ 34.863844445, 0.685568285 ], [ 34.857993002, 0.681582589 ], [ 34.85797049, 0.675108984 ], [ 34.85171469, 0.671326962 ], [ 34.84587687, 0.669982136 ], [ 34.843166031, 0.667365015 ], [ 34.841104452, 0.660074033 ], [ 34.837145441, 0.657877561 ], [ 34.838522768, 0.655099891 ], [ 34.838170699, 0.651131259 ], [ 34.832759111, 0.646600975 ], [ 34.835940554, 0.638679561 ], [ 34.833222883, 0.634944594 ], [ 34.832215446, 0.626730062 ], [ 34.82335129, 0.619356668 ], [ 34.819611677, 0.619610912 ], [ 34.815053084, 0.616944415 ], [ 34.808789565, 0.607703319 ], [ 34.803076483, 0.606851683 ], [ 34.802504629, 0.603419016 ], [ 34.799460652, 0.600070876 ], [ 34.810346219, 0.590120217 ], [ 34.810286536, 0.588213819 ], [ 34.804893587, 0.58867115 ], [ 34.801197394, 0.587427746 ], [ 34.791374315, 0.581115471 ], [ 34.788344867, 0.577457949 ], [ 34.782968394, 0.577739979 ], [ 34.781989249, 0.57598047 ], [ 34.778316841, 0.574564118 ], [ 34.770903599, 0.56605221 ], [ 34.764375549, 0.565097958 ], [ 34.763247583, 0.562024116 ], [ 34.765535814, 0.558105234 ], [ 34.759793176, 0.552964594 ], [ 34.760068468, 0.548817856 ], [ 34.754599883, 0.545014226 ], [ 34.754339735, 0.542337596 ], [ 34.750498666, 0.541296441 ], [ 34.748127117, 0.536760841 ], [ 34.745680698, 0.538567044 ], [ 34.741734501, 0.537804123 ], [ 34.741233177, 0.535311473 ], [ 34.737172292, 0.532083733 ], [ 34.734251637, 0.520592684 ], [ 34.728440848, 0.516972423 ], [ 34.727192933, 0.512830561 ], [ 34.720658484, 0.508782648 ], [ 34.718144704, 0.511540282 ], [ 34.714830249, 0.510944431 ], [ 34.708549842, 0.505223728 ], [ 34.701501246, 0.50845509 ], [ 34.69597085, 0.503475542 ], [ 34.693757369, 0.495769914 ], [ 34.689505636, 0.491667586 ], [ 34.688412545, 0.486573754 ], [ 34.683860779, 0.48719728 ], [ 34.683175564, 0.485045899 ], [ 34.679273605, 0.486136511 ], [ 34.676085472, 0.48528789 ], [ 34.678544998, 0.473884672 ], [ 34.673597336, 0.472200707 ], [ 34.666477203, 0.461424768 ], [ 34.663414001, 0.460572064 ], [ 34.660575867, 0.461951077 ], [ 34.657131195, 0.455586463 ], [ 34.654411316, 0.454446152 ], [ 34.650288582, 0.45655442 ], [ 34.644889832, 0.451674908 ], [ 34.642784119, 0.451449484 ], [ 34.632175446, 0.453677118 ], [ 34.630319595, 0.457058296 ], [ 34.631646493, 0.461584765 ], [ 34.627293587, 0.4647406 ], [ 34.627124786, 0.461380899 ], [ 34.618267059, 0.458264917 ], [ 34.615070343, 0.448824108 ], [ 34.616668701, 0.444581047 ], [ 34.612737656, 0.444302589 ], [ 34.605009079, 0.452022985 ], [ 34.599099477, 0.448074112 ], [ 34.598220825, 0.446118325 ], [ 34.59525013, 0.445229523 ], [ 34.591960907, 0.446665275 ], [ 34.590066274, 0.437391877 ], [ 34.592813492, 0.434209585 ], [ 34.592715263, 0.430915415 ], [ 34.590340932, 0.427679241 ], [ 34.589405918, 0.421280704 ], [ 34.587436533, 0.426908112 ], [ 34.58086825, 0.433057064 ], [ 34.58149207, 0.440566253 ], [ 34.579869988, 0.441664059 ], [ 34.580983704, 0.445994374 ], [ 34.579924782, 0.448532806 ], [ 34.581115646, 0.453211418 ], [ 34.579833739, 0.455355161 ], [ 34.57698467, 0.45783755 ], [ 34.563523256, 0.458914162 ], [ 34.550706467, 0.47110011 ], [ 34.544605354, 0.468422003 ], [ 34.542410965, 0.465142368 ], [ 34.537911732, 0.462907561 ], [ 34.53631671, 0.452332227 ], [ 34.531568074, 0.444470164 ], [ 34.526131242, 0.448295501 ], [ 34.516191324, 0.450701345 ], [ 34.507383274, 0.459214345 ], [ 34.503302698, 0.458246165 ], [ 34.49582378, 0.459104878 ], [ 34.49463245, 0.463585447 ], [ 34.495358222, 0.466815633 ], [ 34.487085542, 0.481847517 ], [ 34.484179826, 0.484824237 ], [ 34.471884134, 0.480825172 ], [ 34.460339345, 0.469256117 ], [ 34.446663206, 0.468831224 ], [ 34.43966275, 0.464185713 ], [ 34.43482818, 0.463905457 ], [ 34.429672065, 0.466350282 ], [ 34.419429911, 0.475552984 ], [ 34.411858738, 0.476733455 ], [ 34.405070193, 0.476187613 ], [ 34.391261039, 0.468261175 ], [ 34.389411414, 0.461742974 ], [ 34.387347797, 0.462289663 ], [ 34.380806788, 0.458892956 ], [ 34.375468597, 0.460726155 ], [ 34.36827427, 0.45732981 ], [ 34.364370154, 0.440864392 ], [ 34.356376834, 0.436572939 ], [ 34.343409235, 0.425173767 ], [ 34.361141867, 0.40542821 ], [ 34.366262119, 0.403713761 ], [ 34.369483113, 0.405063066 ], [ 34.378200134, 0.405003581 ], [ 34.384416977, 0.398295907 ], [ 34.391546617, 0.396685316 ], [ 34.407446847, 0.386452653 ], [ 34.421969004, 0.37267055 ], [ 34.414909839, 0.367392962 ], [ 34.398907428, 0.36244068 ], [ 34.38577439, 0.354018544 ], [ 34.384581145, 0.351602296 ], [ 34.385036077, 0.335852393 ], [ 34.38271549, 0.319582499 ], [ 34.378908791, 0.313532228 ], [ 34.371950841, 0.308795325 ], [ 34.379508962, 0.305854898 ], [ 34.383016168, 0.299282589 ], [ 34.39450751, 0.288744363 ], [ 34.396234434, 0.282219066 ], [ 34.392613675, 0.28020976 ], [ 34.38821472, 0.274965865 ], [ 34.390753735, 0.270618292 ], [ 34.400768093, 0.262335775 ], [ 34.397743293, 0.250452958 ], [ 34.397850558, 0.24367823 ], [ 34.399680219, 0.240075962 ], [ 34.397581101, 0.233634404 ], [ 34.383945784, 0.228891187 ], [ 34.390624679, 0.216630771 ], [ 34.391912413, 0.207577177 ], [ 34.390026557, 0.199952871 ], [ 34.390449154, 0.1940174 ], [ 34.384879353, 0.179916958 ], [ 34.394396337, 0.182470535 ], [ 34.403844421, 0.187403979 ], [ 34.408031638, 0.19177992 ], [ 34.410976303, 0.198929896 ], [ 34.42099551, 0.204241548 ], [ 34.428245463, 0.212650992 ], [ 34.443275667, 0.218184949 ], [ 34.446345339, 0.21599368 ], [ 34.449844283, 0.208005111 ], [ 34.451485408, 0.207352054 ], [ 34.445658813, 0.203159238 ], [ 34.435440463, 0.201513288 ], [ 34.431811781, 0.196418007 ], [ 34.430566905, 0.191378596 ], [ 34.426008931, 0.185875395 ], [ 34.429159784, 0.182770491 ], [ 34.429553825, 0.178274697 ], [ 34.437697336, 0.172558339 ], [ 34.441210364, 0.166369181 ], [ 34.434910538, 0.157194301 ], [ 34.431207547, 0.154291919 ], [ 34.424789813, 0.152108308 ], [ 34.425734538, 0.150969975 ], [ 34.433016405, 0.146005823 ], [ 34.437982845, 0.14642027 ], [ 34.453136946, 0.153707505 ], [ 34.462370825, 0.154725227 ], [ 34.467253927, 0.157696378 ], [ 34.475556812, 0.156283106 ], [ 34.481911998, 0.151538057 ], [ 34.484288302, 0.140810929 ], [ 34.482844316, 0.138758852 ], [ 34.472433622, 0.131286978 ], [ 34.456487749, 0.130588715 ], [ 34.457837149, 0.123571998 ], [ 34.464133312, 0.123053644 ], [ 34.475619163, 0.118516091 ], [ 34.478428619, 0.116132219 ], [ 34.478496115, 0.113423486 ], [ 34.474184678, 0.112913965 ], [ 34.474235293, 0.103358007 ], [ 34.478695322, 0.105164384 ], [ 34.486524159, 0.10487999 ], [ 34.494091807, 0.10187289 ], [ 34.49692872, 0.111481991 ], [ 34.50117397, 0.113239892 ], [ 34.503358545, 0.115888062 ], [ 34.496521933, 0.121719537 ], [ 34.49732443, 0.12329447 ], [ 34.500027243, 0.122669533 ], [ 34.499402677, 0.125528116 ], [ 34.50022345, 0.126095921 ], [ 34.507910005, 0.117946824 ], [ 34.511991394, 0.122023988 ], [ 34.513033509, 0.128129927 ], [ 34.52511239, 0.125193823 ], [ 34.529252349, 0.127929128 ], [ 34.534070692, 0.136529893 ], [ 34.544976848, 0.138707939 ], [ 34.548768681, 0.13229362 ], [ 34.553657029, 0.129666003 ], [ 34.554745334, 0.127603959 ], [ 34.551824525, 0.122725721 ], [ 34.552216147, 0.118311552 ], [ 34.54719793, 0.117827475 ], [ 34.544025451, 0.114451008 ], [ 34.550474791, 0.113667756 ], [ 34.55481279, 0.108646447 ], [ 34.558000315, 0.108413805 ], [ 34.554983555, 0.101301287 ], [ 34.556575384, 0.091259924 ], [ 34.562853762, 0.097248175 ], [ 34.567246234, 0.098591435 ], [ 34.572356653, 0.096444288 ], [ 34.574115146, 0.098943064 ], [ 34.575721656, 0.098392321 ], [ 34.577859789, 0.10279692 ], [ 34.586104528, 0.104615235 ], [ 34.584792611, 0.108600015 ], [ 34.586702678, 0.115635233 ], [ 34.595268566, 0.117180852 ], [ 34.601877711, 0.121514752 ], [ 34.619503904, 0.126284123 ], [ 34.632747106, 0.128911579 ], [ 34.663373366, 0.126683297 ], [ 34.665805317, 0.128329106 ], [ 34.678136252, 0.130532383 ], [ 34.681431482, 0.124734166 ], [ 34.684607512, 0.124541527 ], [ 34.688273283, 0.126114897 ], [ 34.695356992, 0.134423903 ], [ 34.703774754, 0.132010424 ], [ 34.704792579, 0.135094367 ], [ 34.703561842, 0.139600652 ], [ 34.704796896, 0.140329933 ], [ 34.709261737, 0.139373548 ], [ 34.717882281, 0.143670081 ], [ 34.722687001, 0.141541369 ], [ 34.72535152, 0.14498853 ], [ 34.729263674, 0.145303224 ], [ 34.73756659, 0.149831406 ], [ 34.737146056, 0.143725459 ], [ 34.742903394, 0.140623246 ], [ 34.751453139, 0.139464795 ], [ 34.755101752, 0.141066501 ], [ 34.760399932, 0.139105763 ], [ 34.766316485, 0.145667275 ], [ 34.765838355, 0.150722665 ], [ 34.770303387, 0.153211312 ], [ 34.774823115, 0.14958978 ], [ 34.776912056, 0.149593472 ], [ 34.781026404, 0.154074996 ], [ 34.781510277, 0.157123043 ], [ 34.785034478, 0.159835901 ], [ 34.788183007, 0.159919621 ], [ 34.788306472, 0.158358322 ], [ 34.790221649, 0.157592539 ], [ 34.793688574, 0.159144474 ], [ 34.796655451, 0.163347842 ], [ 34.80378589, 0.162851565 ], [ 34.80672258, 0.159643978 ], [ 34.807615838, 0.155523786 ], [ 34.810241738, 0.153521931 ], [ 34.816434789, 0.154266405 ], [ 34.817335978, 0.159734303 ], [ 34.815401904, 0.165407821 ], [ 34.815468705, 0.177189492 ], [ 34.812587206, 0.182857748 ], [ 34.810801374, 0.18361834 ], [ 34.818172004, 0.187346325 ], [ 34.82545574, 0.187850015 ], [ 34.827856445, 0.185940327 ], [ 34.833668058, 0.184650875 ], [ 34.841635306, 0.185690199 ], [ 34.84399237, 0.183455555 ], [ 34.845971278, 0.183606235 ], [ 34.847130918, 0.185084147 ], [ 34.852331343, 0.186146719 ], [ 34.85185834, 0.190241937 ], [ 34.855420965, 0.193370981 ], [ 34.859991902, 0.193714562 ], [ 34.859285232, 0.195472549 ], [ 34.861410399, 0.200102644 ], [ 34.867598166, 0.196101053 ], [ 34.870878985, 0.196404207 ], [ 34.870970329, 0.20004441 ], [ 34.872805293, 0.201397216 ], [ 34.875820846, 0.20106313 ], [ 34.878182179, 0.198750699 ], [ 34.8787395, 0.199796418 ], [ 34.885286252, 0.19843083 ], [ 34.887007376, 0.200675496 ], [ 34.885073087, 0.203081563 ], [ 34.886874061, 0.205571503 ], [ 34.890397519, 0.205663465 ], [ 34.893368754, 0.20851216 ], [ 34.896970467, 0.207541328 ], [ 34.897030736, 0.204987553 ], [ 34.899140261, 0.204015541 ], [ 34.90424453, 0.196839927 ], [ 34.906832593, 0.197588369 ], [ 34.908299217, 0.195838752 ], [ 34.911077403, 0.1967734 ], [ 34.913472861, 0.19969042 ], [ 34.918272058, 0.201280302 ], [ 34.925667599, 0.200349541 ], [ 34.928973116, 0.209613455 ], [ 34.94334897, 0.209440152 ], [ 34.956458042, 0.241762921 ], [ 34.978474304, 0.241913256 ], [ 34.97734706, 0.248962303 ], [ 34.952376952, 0.300325833 ], [ 34.942474249, 0.323836015 ], [ 34.937367969, 0.357953804 ], [ 34.937075364, 0.360831512 ], [ 34.948679405, 0.354333186 ], [ 34.954877608, 0.370751439 ], [ 34.956071703, 0.417207497 ], [ 34.942190799, 0.445917247 ], [ 34.924022043, 0.477308079 ], [ 34.908411513, 0.491851658 ], [ 34.907222405, 0.505649389 ], [ 34.888302569, 0.521964409 ], [ 34.875928585, 0.528634147 ], [ 34.870735836, 0.534132609 ], [ 34.852139774, 0.547814196 ], [ 34.897472298, 0.601236564 ], [ 34.890778577, 0.607946082 ], [ 34.898951103, 0.606187975 ], [ 34.908129072, 0.597156424 ], [ 34.920464116, 0.592697984 ], [ 34.935601358, 0.60475579 ], [ 34.943497714, 0.608736594 ], [ 34.953298828, 0.609180471 ], [ 34.957805871, 0.611565653 ], [ 34.96294257, 0.610231704 ], [ 34.965835082, 0.611170608 ], [ 34.968433169, 0.614509999 ], [ 34.970834403, 0.615069237 ], [ 34.976871513, 0.625136782 ], [ 34.981550334, 0.628410282 ], [ 34.986233184, 0.628837878 ], [ 34.990856578, 0.631305342 ], [ 34.994082738, 0.631015715 ], [ 35.000391342, 0.639165634 ], [ 35.027268995, 0.61442138 ], [ 35.031567393, 0.61801888 ], [ 35.03475716, 0.624408604 ], [ 35.035184382, 0.628783463 ], [ 35.040625551, 0.632964581 ], [ 35.039615105, 0.641178977 ], [ 35.044388656, 0.638555538 ], [ 35.052477465, 0.636838587 ], [ 35.053765459, 0.632968762 ], [ 35.058067317, 0.632174763 ], [ 35.062780951, 0.634206813 ], [ 35.068372621, 0.63278639 ], [ 35.069529984, 0.630012215 ], [ 35.083618703, 0.631727386 ], [ 35.086148109, 0.630339761 ], [ 35.09160262, 0.635668401 ], [ 35.096314654, 0.637839162 ], [ 35.103791354, 0.647766044 ], [ 35.110732722, 0.643594466 ], [ 35.115988512, 0.642435148 ], [ 35.117641449, 0.650263953 ], [ 35.119592571, 0.650128659 ], [ 35.125006358, 0.655327499 ], [ 35.133909226, 0.656199724 ], [ 35.141307503, 0.661978364 ], [ 35.147846222, 0.660372853 ], [ 35.154895782, 0.662673444 ], [ 35.154610854, 0.665199789 ], [ 35.15153816, 0.669180156 ], [ 35.155020719, 0.675822149 ], [ 35.155378964, 0.741432709 ], [ 35.144416057, 0.740929895 ], [ 35.144796658, 0.828453301 ], [ 35.137680128, 0.830731448 ], [ 35.128996761, 0.830754373 ], [ 35.125877834, 0.829245418 ], [ 35.125255015, 0.821110089 ], [ 35.116180212, 0.85227506 ], [ 35.113724617, 0.882973972 ], [ 35.108982607, 0.881227756 ], [ 35.108119076, 0.87809985 ], [ 35.104782604, 0.876067076 ], [ 35.100977904, 0.875721257 ], [ 35.098095746, 0.877941681 ], [ 35.098571864, 0.879349428 ], [ 35.093639394, 0.880326125 ], [ 35.09269973, 0.882302628 ], [ 35.088686831, 0.882558821 ], [ 35.087976806, 0.881272222 ], [ 35.086254985, 0.882265172 ], [ 35.087130662, 0.883912782 ], [ 35.085040245, 0.884268557 ], [ 35.083661301, 0.887978184 ], [ 35.082412077, 0.887608982 ], [ 35.081190233, 0.889381576 ], [ 35.080862333, 0.89159248 ], [ 35.082629299, 0.894154242 ], [ 35.07798375, 0.898615596 ], [ 35.073870304, 0.900329557 ], [ 35.068882968, 0.897444728 ], [ 35.066807213, 0.899085839 ], [ 35.06226717, 0.898207815 ], [ 35.051508319, 0.903393149 ], [ 35.047757722, 0.900302859 ], [ 35.046508729, 0.902767162 ], [ 35.040978257, 0.902545878 ], [ 35.039395759, 0.899159444 ], [ 35.03242118, 0.897219935 ], [ 35.032098579, 0.895027366 ], [ 35.029297371, 0.895485357 ], [ 35.028083603, 0.897384459 ], [ 35.024166163, 0.896798258 ], [ 35.019104207, 0.890648113 ], [ 35.018852651, 0.887698068 ] ] ] } },
{ "type": "Feature", "properties": { "shapeName": "Vihiga", "shapeISO": "", "shapeID": "84041B90068641190391", "shapeGroup": "KEN", "shapeType": "ADM1" }, "geometry": { "type": "Polygon", "coordinates": [ [ [ 34.925667599, 0.200349541 ], [ 34.918272058, 0.201280302 ], [ 34.913472861, 0.19969042 ], [ 34.911077403, 0.1967734 ], [ 34.908299217, 0.195838752 ], [ 34.906832593, 0.197588369 ], [ 34.90424453, 0.196839927 ], [ 34.899140261, 0.204015541 ], [ 34.897030736, 0.204987553 ], [ 34.896970467, 0.207541328 ], [ 34.893368754, 0.20851216 ], [ 34.890397519, 0.205663465 ], [ 34.886874061, 0.205571503 ], [ 34.885073087, 0.203081563 ], [ 34.887007376, 0.200675496 ], [ 34.885286252, 0.19843083 ], [ 34.8787395, 0.199796418 ], [ 34.878182179, 0.198750699 ], [ 34.875820846, 0.20106313 ], [ 34.872805293, 0.201397216 ], [ 34.870970329, 0.20004441 ], [ 34.870878985, 0.196404207 ], [ 34.867598166, 0.196101053 ], [ 34.861410399, 0.200102644 ], [ 34.859285232, 0.195472549 ], [ 34.859991902, 0.193714562 ], [ 34.855420965, 0.193370981 ], [ 34.85185834, 0.190241937 ], [ 34.852331343, 0.186146719 ], [ 34.847130918, 0.185084147 ], [ 34.845971278, 0.183606235 ], [ 34.84399237, 0.183455555 ], [ 34.841635306, 0.185690199 ], [ 34.833668058, 0.184650875 ], [ 34.827856445, 0.185940327 ], [ 34.82545574, 0.187850015 ], [ 34.818172004, 0.187346325 ], [ 34.810801374, 0.18361834 ], [ 34.812587206, 0.182857748 ], [ 34.815468705, 0.177189492 ], [ 34.815401904, 0.165407821 ], [ 34.817335978, 0.159734303 ], [ 34.816434789, 0.154266405 ], [ 34.810241738, 0.153521931 ], [ 34.807615838, 0.155523786 ], [ 34.80672258, 0.159643978 ], [ 34.80378589, 0.162851565 ], [ 34.796655451, 0.163347842 ], [ 34.793688574, 0.159144474 ], [ 34.790221649, 0.157592539 ], [ 34.788306472, 0.158358322 ], [ 34.788183007, 0.159919621 ], [ 34.785034478, 0.159835901 ], [ 34.781510277, 0.157123043 ], [ 34.781026404, 0.154074996 ], [ 34.776912056, 0.149593472 ], [ 34.774823115, 0.14958978 ], [ 34.770303387, 0.153211312 ], [ 34.765838355, 0.150722665 ], [ 34.766316485, 0.145667275 ], [ 34.760399932, 0.139105763 ], [ 34.755101752, 0.141066501 ], [ 34.751453139, 0.139464795 ], [ 34.742903394, 0.140623246 ], [ 34.737146056, 0.143725459 ], [ 34.73756659, 0.149831406 ], [ 34.729263674, 0.145303224 ], [ 34.72535152, 0.14498853 ], [ 34.722687001, 0.141541369 ], [ 34.717882281, 0.143670081 ], [ 34.709261737, 0.139373548 ], [ 34.704796896, 0.140329933 ], [ 34.703561842, 0.139600652 ], [ 34.704792579, 0.135094367 ], [ 34.703774754, 0.132010424 ], [ 34.695356992, 0.134423903 ], [ 34.688273283, 0.126114897 ], [ 34.684607512, 0.124541527 ], [ 34.681431482, 0.124734166 ], [ 34.678136252, 0.130532383 ], [ 34.665805317, 0.128329106 ], [ 34.663373366, 0.126683297 ], [ 34.632747106, 0.128911579 ], [ 34.619503904, 0.126284123 ], [ 34.601877711, 0.121514752 ], [ 34.595268566, 0.117180852 ], [ 34.586702678, 0.115635233 ], [ 34.584792611, 0.108600015 ], [ 34.586104528, 0.104615235 ], [ 34.577859789, 0.10279692 ], [ 34.575721656, 0.098392321 ], [ 34.574115146, 0.098943064 ], [ 34.572356653, 0.096444288 ], [ 34.567246234, 0.098591435 ], [ 34.562853762, 0.097248175 ], [ 34.556575384, 0.091259924 ], [ 34.55404899, 0.089109425 ], [ 34.558563335, 0.073978394 ], [ 34.557066292, 0.057261281 ], [ 34.559895744, 0.04802052 ], [ 34.556233902, 0.048260765 ], [ 34.553202228, 0.044426446 ], [ 34.552409915, 0.037610254 ], [ 34.549466055, 0.035326366 ], [ 34.550097095, 0.025675436 ], [ 34.54823777, 0.01953921 ], [ 34.54315932, 0.015377599 ], [ 34.543894619, 0.010476387 ], [ 34.533700327, 0.004844421 ], [ 34.541338989, -0.000961877 ], [ 34.541831292, -0.002652317 ], [ 34.533028252, -0.014140244 ], [ 34.537940166, -0.017414464 ], [ 34.541792791, -0.017582198 ], [ 34.54767665, -0.021849524 ], [ 34.551301539, -0.020966774 ], [ 34.554994405, -0.017275526 ], [ 34.563041498, -0.017353421 ], [ 34.564078872, -0.01804115 ], [ 34.561116006, -0.020512099 ], [ 34.564010722, -0.023200275 ], [ 34.563857679, -0.026357086 ], [ 34.560534916, -0.029320765 ], [ 34.56158934, -0.031023275 ], [ 34.560827979, -0.033672504 ], [ 34.56402658, -0.03847132 ], [ 34.565249747, -0.039850272 ], [ 34.5703018, -0.036317764 ], [ 34.57666499, -0.035654473 ], [ 34.583037222, -0.031297725 ], [ 34.582990915, -0.024279774 ], [ 34.586109723, -0.020546639 ], [ 34.589998614, -0.006776796 ], [ 34.591717242, -0.005087206 ], [ 34.588979642, 0.002511892 ], [ 34.602476497, 0.013343714 ], [ 34.608359656, 0.005366251 ], [ 34.613529331, 0.004816325 ], [ 34.613137944, 0.002023085 ], [ 34.62761202, 0.004861502 ], [ 34.633044132, 0.002132788 ], [ 34.637394831, 0.001857038 ], [ 34.639987603, -0.000648299 ], [ 34.671346401, -0.013436354 ], [ 34.688474892, -0.00897251 ], [ 34.693258667, -0.013040305 ], [ 34.692377027, -0.01654193 ], [ 34.687576267, -0.023288591 ], [ 34.688774706, -0.023656366 ], [ 34.695752267, -0.017725463 ], [ 34.709664748, -0.018697111 ], [ 34.715632702, -0.007692004 ], [ 34.725818613, -0.003605662 ], [ 34.731681354, -0.010067778 ], [ 34.739707816, -0.023329211 ], [ 34.741226036, -0.021756706 ], [ 34.746215599, -0.021219282 ], [ 34.749520467, -0.018959645 ], [ 34.748233402, -0.015775932 ], [ 34.744758735, -0.015975061 ], [ 34.744235166, -0.009573306 ], [ 34.740035562, -0.0012091 ], [ 34.740109716, 0.002906084 ], [ 34.741746188, 0.005595098 ], [ 34.746963792, 0.00503083 ], [ 34.75410159, 0.011018383 ], [ 34.758432935, 0.010265039 ], [ 34.759811607, 0.008656064 ], [ 34.759752875, 0.004499404 ], [ 34.762999353, -0.000558838 ], [ 34.764916562, 0.001250996 ], [ 34.769940107, 0.001872133 ], [ 34.773173476, 0.005284698 ], [ 34.778344037, 0.007110519 ], [ 34.781353743, 0.012754643 ], [ 34.785874462, 0.013665394 ], [ 34.789763945, 0.019940945 ], [ 34.798126478, 0.023914759 ], [ 34.798478666, 0.025816721 ], [ 34.804620291, 0.022392284 ], [ 34.808820824, 0.023575343 ], [ 34.809966662, 0.025050557 ], [ 34.808634577, 0.028599157 ], [ 34.818248259, 0.0345729 ], [ 34.822728724, 0.034922604 ], [ 34.825353276, 0.031748301 ], [ 34.828766082, 0.031087109 ], [ 34.836686221, 0.033274542 ], [ 34.839642848, 0.047077966 ], [ 34.849289117, 0.060561682 ], [ 34.846837057, 0.065448049 ], [ 34.848869722, 0.070691359 ], [ 34.853310825, 0.074616105 ], [ 34.855294678, 0.080273055 ], [ 34.858006793, 0.081343714 ], [ 34.859633386, 0.084107367 ], [ 34.857335717, 0.094772562 ], [ 34.859161047, 0.103925747 ], [ 34.856916731, 0.109529136 ], [ 34.859550002, 0.121419107 ], [ 34.864234242, 0.12383131 ], [ 34.873260063, 0.134077556 ], [ 34.881586099, 0.13843181 ], [ 34.884325669, 0.144784389 ], [ 34.901486924, 0.15382813 ], [ 34.914036009, 0.156339974 ], [ 34.920082459, 0.168784891 ], [ 34.920322535, 0.170245349 ], [ 34.916099358, 0.173513347 ], [ 34.920875797, 0.181752134 ], [ 34.925667599, 0.200349541 ] ] ] } },
{ "type": "Feature", "properties": { "shapeName": "Bungoma", "shapeISO": "", "shapeID": "84041B37267527329789", "shapeGroup": "KEN", "shapeType": "ADM1" }, "geometry": { "type": "Polygon", "coordinates": [ [ [ 34.57975852, 1.150184714 ], [ 34.574392695, 1.102029312 ], [ 34.530632374, 1.106421746 ], [ 34.52484595, 1.103653572 ], [ 34.520782758, 1.099547505 ], [ 34.517853384, 1.088651898 ], [ 34.514229821, 1.082162064 ], [ 34.504034288, 1.071875131 ], [ 34.499164601, 1.061805129 ], [ 34.499920541, 1.057744075 ], [ 34.493719436, 1.043684287 ], [ 34.491309266, 1.031099067 ], [ 34.487292709, 1.001282577 ], [ 34.489156445, 0.983210471 ], [ 34.482717835, 0.962088919 ], [ 34.479190036, 0.939367174 ], [ 34.46439361, 0.912220053 ], [ 34.459010013, 0.909034147 ], [ 34.457049232, 0.904419979 ], [ 34.453392121, 0.902852222 ], [ 34.450410013, 0.899534147 ], [ 34.451984106, 0.891365131 ], [ 34.446496941, 0.877488838 ], [ 34.447393327, 0.870159855 ], [ 34.446362462, 0.863975611 ], [ 34.442392661, 0.859043054 ], [ 34.423287941, 0.852245629 ], [ 34.417488679, 0.84364316 ], [ 34.415610013, 0.843034147 ], [ 34.414366524, 0.838878922 ], [ 34.415097474, 0.83570958 ], [ 34.410037338, 0.833259541 ], [ 34.407710013, 0.829734147 ], [ 34.409010013, 0.824534147 ], [ 34.413624797, 0.820447863 ], [ 34.410810013, 0.816834147 ], [ 34.414312259, 0.811995007 ], [ 34.394915829, 0.802786638 ], [ 34.393953822, 0.804171165 ], [ 34.389098133, 0.804939825 ], [ 34.384579129, 0.802572995 ], [ 34.383433567, 0.793373205 ], [ 34.381435394, 0.793150008 ], [ 34.377635571, 0.796966518 ], [ 34.373010013, 0.790734147 ], [ 34.37251757, 0.786422526 ], [ 34.367847732, 0.781604546 ], [ 34.364410013, 0.781634147 ], [ 34.362584282, 0.77715943 ], [ 34.368141382, 0.772904694 ], [ 34.38280421, 0.773923081 ], [ 34.392483253, 0.760726181 ], [ 34.398842701, 0.755809587 ], [ 34.404548013, 0.7561859 ], [ 34.411846858, 0.762629853 ], [ 34.423562388, 0.758345691 ], [ 34.430289071, 0.751730723 ], [ 34.433768166, 0.744546463 ], [ 34.434557395, 0.739083922 ], [ 34.431721137, 0.726690576 ], [ 34.42717902, 0.72917553 ], [ 34.422902386, 0.725560247 ], [ 34.42032619, 0.726245672 ], [ 34.417937978, 0.724189922 ], [ 34.415222884, 0.725938747 ], [ 34.412575414, 0.724213821 ], [ 34.407743915, 0.727314495 ], [ 34.40464867, 0.72686229 ], [ 34.41543342, 0.689860351 ], [ 34.409154958, 0.681677163 ], [ 34.417566618, 0.659960324 ], [ 34.395730236, 0.649659215 ], [ 34.393028526, 0.650334423 ], [ 34.394080001, 0.649389682 ], [ 34.391397897, 0.645688971 ], [ 34.390504042, 0.646581905 ], [ 34.385863806, 0.645516251 ], [ 34.385948663, 0.643892509 ], [ 34.383306142, 0.642592678 ], [ 34.383730705, 0.633759673 ], [ 34.378613213, 0.623927081 ], [ 34.378430424, 0.613061321 ], [ 34.376091436, 0.607839387 ], [ 34.370397043, 0.607800055 ], [ 34.369780226, 0.605682781 ], [ 34.370773304, 0.588960317 ], [ 34.376731463, 0.578949311 ], [ 34.368133615, 0.562259709 ], [ 34.379279237, 0.549402741 ], [ 34.382053432, 0.544225935 ], [ 34.390688409, 0.538966267 ], [ 34.401125187, 0.517481576 ], [ 34.406132804, 0.512999734 ], [ 34.408397723, 0.507444898 ], [ 34.408259382, 0.504834944 ], [ 34.404408857, 0.501158941 ], [ 34.389989623, 0.499519413 ], [ 34.38594825, 0.494964278 ], [ 34.385962061, 0.485183146 ], [ 34.389110583, 0.47061612 ], [ 34.391261039, 0.468261175 ], [ 34.405070193, 0.476187613 ], [ 34.411858738, 0.476733455 ], [ 34.419429911, 0.475552984 ], [ 34.429672065, 0.466350282 ], [ 34.43482818, 0.463905457 ], [ 34.43966275, 0.464185713 ], [ 34.446663206, 0.468831224 ], [ 34.460339345, 0.469256117 ], [ 34.471884134, 0.480825172 ], [ 34.484179826, 0.484824237 ], [ 34.487085542, 0.481847517 ], [ 34.495358222, 0.466815633 ], [ 34.49463245, 0.463585447 ], [ 34.49582378, 0.459104878 ], [ 34.503302698, 0.458246165 ], [ 34.507383274, 0.459214345 ], [ 34.516191324, 0.450701345 ], [ 34.526131242, 0.448295501 ], [ 34.531568074, 0.444470164 ], [ 34.53631671, 0.452332227 ], [ 34.537911732, 0.462907561 ], [ 34.542410965, 0.465142368 ], [ 34.544605354, 0.468422003 ], [ 34.550706467, 0.47110011 ], [ 34.563523256, 0.458914162 ], [ 34.57698467, 0.45783755 ], [ 34.579833739, 0.455355161 ], [ 34.581115646, 0.453211418 ], [ 34.579924782, 0.448532806 ], [ 34.580983704, 0.445994374 ], [ 34.579869988, 0.441664059 ], [ 34.58149207, 0.440566253 ], [ 34.58086825, 0.433057064 ], [ 34.587436533, 0.426908112 ], [ 34.589405918, 0.421280704 ], [ 34.590340932, 0.427679241 ], [ 34.592715263, 0.430915415 ], [ 34.592813492, 0.434209585 ], [ 34.590066274, 0.437391877 ], [ 34.591960907, 0.446665275 ], [ 34.59525013, 0.445229523 ], [ 34.598220825, 0.446118325 ], [ 34.599099477, 0.448074112 ], [ 34.605009079, 0.452022985 ], [ 34.612737656, 0.444302589 ], [ 34.616668701, 0.444581047 ], [ 34.615070343, 0.448824108 ], [ 34.618267059, 0.458264917 ], [ 34.627124786, 0.461380899 ], [ 34.627293587, 0.4647406 ], [ 34.631646493, 0.461584765 ], [ 34.630319595, 0.457058296 ], [ 34.632175446, 0.453677118 ], [ 34.642784119, 0.451449484 ], [ 34.644889832, 0.451674908 ], [ 34.650288582, 0.45655442 ], [ 34.654411316, 0.454446152 ], [ 34.657131195, 0.455586463 ], [ 34.660575867, 0.461951077 ], [ 34.663414001, 0.460572064 ], [ 34.666477203, 0.461424768 ], [ 34.673597336, 0.472200707 ], [ 34.678544998, 0.473884672 ], [ 34.676085472, 0.48528789 ], [ 34.679273605, 0.486136511 ], [ 34.683175564, 0.485045899 ], [ 34.683860779, 0.48719728 ], [ 34.688412545, 0.486573754 ], [ 34.689505636, 0.491667586 ], [ 34.693757369, 0.495769914 ], [ 34.69597085, 0.503475542 ], [ 34.701501246, 0.50845509 ], [ 34.708549842, 0.505223728 ], [ 34.714830249, 0.510944431 ], [ 34.718144704, 0.511540282 ], [ 34.720658484, 0.508782648 ], [ 34.727192933, 0.512830561 ], [ 34.728440848, 0.516972423 ], [ 34.734251637, 0.520592684 ], [ 34.737172292, 0.532083733 ], [ 34.741233177, 0.535311473 ], [ 34.741734501, 0.537804123 ], [ 34.745680698, 0.538567044 ], [ 34.748127117, 0.536760841 ], [ 34.750498666, 0.541296441 ], [ 34.754339735, 0.542337596 ], [ 34.754599883, 0.545014226 ], [ 34.760068468, 0.548817856 ], [ 34.759793176, 0.552964594 ], [ 34.765535814, 0.558105234 ], [ 34.763247583, 0.562024116 ], [ 34.764375549, 0.565097958 ], [ 34.770903599, 0.56605221 ], [ 34.778316841, 0.574564118 ], [ 34.781989249, 0.57598047 ], [ 34.782968394, 0.577739979 ], [ 34.788344867, 0.577457949 ], [ 34.791374315, 0.581115471 ], [ 34.801197394, 0.587427746 ], [ 34.804893587, 0.58867115 ], [ 34.810286536, 0.588213819 ], [ 34.810346219, 0.590120217 ], [ 34.799460652, 0.600070876 ], [ 34.802504629, 0.603419016 ], [ 34.803076483, 0.606851683 ], [ 34.808789565, 0.607703319 ], [ 34.815053084, 0.616944415 ], [ 34.819611677, 0.619610912 ], [ 34.82335129, 0.619356668 ], [ 34.832215446, 0.626730062 ], [ 34.833222883, 0.634944594 ], [ 34.835940554, 0.638679561 ], [ 34.832759111, 0.646600975 ], [ 34.838170699, 0.651131259 ], [ 34.838522768, 0.655099891 ], [ 34.837145441, 0.657877561 ], [ 34.841104452, 0.660074033 ], [ 34.843166031, 0.667365015 ], [ 34.84587687, 0.669982136 ], [ 34.85171469, 0.671326962 ], [ 34.85797049, 0.675108984 ], [ 34.857993002, 0.681582589 ], [ 34.863844445, 0.685568285 ], [ 34.867331006, 0.682988561 ], [ 34.869306284, 0.684839209 ], [ 34.873279763, 0.685445163 ], [ 34.881394756, 0.68417047 ], [ 34.892784806, 0.691648839 ], [ 34.899793592, 0.686715728 ], [ 34.910011572, 0.68708007 ], [ 34.912673562, 0.692758717 ], [ 34.918138869, 0.695156894 ], [ 34.920067542, 0.700620837 ], [ 34.926424213, 0.702434132 ], [ 34.929329386, 0.711458716 ], [ 34.922456003, 0.722848269 ], [ 34.921986195, 0.726999756 ], [ 34.929750133, 0.742359826 ], [ 34.934106995, 0.740195691 ], [ 34.935603241, 0.742735983 ], [ 34.937732577, 0.743192339 ], [ 34.940150978, 0.740936442 ], [ 34.94892835, 0.753631466 ], [ 34.95223144, 0.751864494 ], [ 34.95566475, 0.754075951 ], [ 34.95657594, 0.749600782 ], [ 34.962530876, 0.754247213 ], [ 34.969074756, 0.753273892 ], [ 34.977213621, 0.757266184 ], [ 34.980984926, 0.753699281 ], [ 34.98491452, 0.755300386 ], [ 34.98803862, 0.754448536 ], [ 34.992476722, 0.747345878 ], [ 35.00049336, 0.744513511 ], [ 35.001718332, 0.746736445 ], [ 35.003732945, 0.746174329 ], [ 35.006931524, 0.74782594 ], [ 35.012304163, 0.754456402 ], [ 35.015099897, 0.751860234 ], [ 35.018289945, 0.751531805 ], [ 35.020556281, 0.744514325 ], [ 35.023741633, 0.744427647 ], [ 35.028022714, 0.745888972 ], [ 35.02704776, 0.750773664 ], [ 35.031081197, 0.750996366 ], [ 35.031924732, 0.753114057 ], [ 35.037124057, 0.749233778 ], [ 35.040016096, 0.749322123 ], [ 35.040983641, 0.75162214 ], [ 35.038819675, 0.756581911 ], [ 35.042637503, 0.758565833 ], [ 35.044460274, 0.761676065 ], [ 35.053196495, 0.764197631 ], [ 35.064318386, 0.763413977 ], [ 35.06649391, 0.767435214 ], [ 35.064758114, 0.76931461 ], [ 35.06638773, 0.772733967 ], [ 35.065061027, 0.777947784 ], [ 35.067396046, 0.780696308 ], [ 35.065950753, 0.783104694 ], [ 35.067572601, 0.784438479 ], [ 35.063436472, 0.788409697 ], [ 35.064834101, 0.790869016 ], [ 35.063907167, 0.796918148 ], [ 35.056879388, 0.802112401 ], [ 35.053838714, 0.801330887 ], [ 35.051194918, 0.803428192 ], [ 35.046508621, 0.812800292 ], [ 35.043301502, 0.815590347 ], [ 35.041308378, 0.821098915 ], [ 35.035660165, 0.822492624 ], [ 35.032663384, 0.821819326 ], [ 35.030804158, 0.823328942 ], [ 35.02773407, 0.82733512 ], [ 35.02739923, 0.830029067 ], [ 35.024640493, 0.832517976 ], [ 35.025427672, 0.837524519 ], [ 35.027833711, 0.840752419 ], [ 35.024667787, 0.853856384 ], [ 35.021596506, 0.857055593 ], [ 35.01382466, 0.861149114 ], [ 35.013058683, 0.863343799 ], [ 35.015638701, 0.869126267 ], [ 35.015495156, 0.873823171 ], [ 35.019100839, 0.881753763 ], [ 35.018852651, 0.887698068 ], [ 34.985305728, 0.880859097 ], [ 34.98791936, 0.88639183 ], [ 34.965783291, 0.879775012 ], [ 34.966759049, 0.874883376 ], [ 34.950870007, 0.871067819 ], [ 34.942449959, 0.871314405 ], [ 34.937851977, 0.860670599 ], [ 34.933603281, 0.854746072 ], [ 34.931639686, 0.854272926 ], [ 34.928971119, 0.856224574 ], [ 34.925796223, 0.855463426 ], [ 34.919506231, 0.849690642 ], [ 34.914330894, 0.848448564 ], [ 34.870614232, 0.82630057 ], [ 34.809090189, 0.807500812 ], [ 34.811311367, 0.815099879 ], [ 34.810423429, 0.827036769 ], [ 34.805287375, 0.839976617 ], [ 34.804874353, 0.845641344 ], [ 34.799448613, 0.849559375 ], [ 34.795529174, 0.858876128 ], [ 34.795603652, 0.870508274 ], [ 34.79306217, 0.873543764 ], [ 34.789482893, 0.884561611 ], [ 34.790109916, 0.886940091 ], [ 34.786682784, 0.891015443 ], [ 34.789400296, 0.895411064 ], [ 34.792425031, 0.897377029 ], [ 34.793885305, 0.902034506 ], [ 34.79881769, 0.903628304 ], [ 34.800705453, 0.906506499 ], [ 34.797639523, 0.915764074 ], [ 34.785257132, 0.925959125 ], [ 34.777697904, 0.926219924 ], [ 34.768487246, 0.923052839 ], [ 34.766743999, 0.923579774 ], [ 34.739271468, 0.940107045 ], [ 34.656329208, 1.052829878 ], [ 34.651127948, 1.056890944 ], [ 34.661765517, 1.083589713 ], [ 34.652597679, 1.084292033 ], [ 34.641552084, 1.090570012 ], [ 34.632023408, 1.093428296 ], [ 34.61632467, 1.105143167 ], [ 34.609134168, 1.111792441 ], [ 34.57975852, 1.150184714 ] ] ] } },
{ "type": "Feature", "properties": { "shapeName": "Busia", "shapeISO": "", "shapeID": "84041B84404578063732", "shapeGroup": "KEN", "shapeType": "ADM1" }, "geometry": { "type": "Polygon", "coordinates": [ [ [ 34.391261039, 0.468261175 ], [ 34.389110583, 0.47061612 ], [ 34.385962061, 0.485183146 ], [ 34.38594825, 0.494964278 ], [ 34.389989623, 0.499519413 ], [ 34.404408857, 0.501158941 ], [ 34.408259382, 0.504834944 ], [ 34.408397723, 0.507444898 ], [ 34.406132804, 0.512999734 ], [ 34.401125187, 0.517481576 ], [ 34.390688409, 0.538966267 ], [ 34.382053432, 0.544225935 ], [ 34.379279237, 0.549402741 ], [ 34.368133615, 0.562259709 ], [ 34.376731463, 0.578949311 ], [ 34.370773304, 0.588960317 ], [ 34.369780226, 0.605682781 ], [ 34.370397043, 0.607800055 ], [ 34.376091436, 0.607839387 ], [ 34.378430424, 0.613061321 ], [ 34.378613213, 0.623927081 ], [ 34.383730705, 0.633759673 ], [ 34.383306142, 0.642592678 ], [ 34.385948663, 0.643892509 ], [ 34.385863806, 0.645516251 ], [ 34.390504042, 0.646581905 ], [ 34.391397897, 0.645688971 ], [ 34.394080001, 0.649389682 ], [ 34.393028526, 0.650334423 ], [ 34.395730236, 0.649659215 ], [ 34.417566618, 0.659960324 ], [ 34.409154958, 0.681677163 ], [ 34.41543342, 0.689860351 ], [ 34.40464867, 0.72686229 ], [ 34.407743915, 0.727314495 ], [ 34.412575414, 0.724213821 ], [ 34.415222884, 0.725938747 ], [ 34.417937978, 0.724189922 ], [ 34.42032619, 0.726245672 ], [ 34.422902386, 0.725560247 ], [ 34.42717902, 0.72917553 ], [ 34.431721137, 0.726690576 ], [ 34.434557395, 0.739083922 ], [ 34.433768166, 0.744546463 ], [ 34.430289071, 0.751730723 ], [ 34.423562388, 0.758345691 ], [ 34.411846858, 0.762629853 ], [ 34.404548013, 0.7561859 ], [ 34.398842701, 0.755809587 ], [ 34.392483253, 0.760726181 ], [ 34.38280421, 0.773923081 ], [ 34.368141382, 0.772904694 ], [ 34.362584282, 0.77715943 ], [ 34.357793083, 0.777584793 ], [ 34.354320346, 0.774512027 ], [ 34.346678485, 0.774650295 ], [ 34.334413278, 0.768896684 ], [ 34.325203102, 0.768530828 ], [ 34.322185733, 0.76625649 ], [ 34.320828505, 0.76702113 ], [ 34.315151252, 0.7644982 ], [ 34.310867358, 0.753062346 ], [ 34.307579431, 0.732764324 ], [ 34.308965733, 0.72835203 ], [ 34.307006257, 0.723077284 ], [ 34.309733312, 0.715463081 ], [ 34.309410013, 0.707834147 ], [ 34.31309038, 0.701699159 ], [ 34.31245419, 0.697821441 ], [ 34.311317746, 0.696710598 ], [ 34.304910013, 0.696534147 ], [ 34.303697899, 0.69406216 ], [ 34.295879287, 0.690556271 ], [ 34.294627903, 0.689111647 ], [ 34.295294516, 0.687449962 ], [ 34.28624152, 0.682894757 ], [ 34.279885254, 0.68294454 ], [ 34.277289481, 0.679456151 ], [ 34.280779203, 0.66830465 ], [ 34.277810013, 0.662534147 ], [ 34.279706698, 0.659316622 ], [ 34.27838597, 0.656911026 ], [ 34.278797615, 0.648359845 ], [ 34.27649802, 0.642881564 ], [ 34.266870018, 0.639762319 ], [ 34.263910013, 0.640334147 ], [ 34.250029099, 0.631566076 ], [ 34.241410013, 0.634834147 ], [ 34.239786441, 0.631356105 ], [ 34.235810797, 0.628638067 ], [ 34.232658376, 0.630381845 ], [ 34.229161728, 0.628184678 ], [ 34.223412064, 0.631968489 ], [ 34.220010013, 0.632034147 ], [ 34.217298951, 0.629209799 ], [ 34.216056742, 0.624947379 ], [ 34.208900766, 0.627256361 ], [ 34.205253408, 0.624871979 ], [ 34.198207408, 0.627032217 ], [ 34.195796331, 0.624384707 ], [ 34.196406516, 0.621015672 ], [ 34.192491016, 0.621716869 ], [ 34.191617728, 0.615292227 ], [ 34.185410013, 0.612834147 ], [ 34.186922019, 0.609425627 ], [ 34.186136151, 0.607170518 ], [ 34.17633024, 0.608265907 ], [ 34.173500485, 0.60439869 ], [ 34.172264799, 0.604707962 ], [ 34.170389918, 0.602304196 ], [ 34.167210013, 0.602934147 ], [ 34.161316511, 0.597872369 ], [ 34.154506605, 0.591474881 ], [ 34.153031663, 0.587650288 ], [ 34.148210065, 0.58727284 ], [ 34.1423201, 0.583505003 ], [ 34.138936178, 0.585028232 ], [ 34.127566424, 0.55880115 ], [ 34.126399425, 0.539822654 ], [ 34.117473928, 0.523031017 ], [ 34.122814784, 0.519225155 ], [ 34.117299257, 0.510046951 ], [ 34.117821969, 0.489533369 ], [ 34.119216333, 0.484187926 ], [ 34.093310013, 0.463234147 ], [ 34.089632037, 0.458166372 ], [ 34.088879532, 0.454329938 ], [ 34.090922264, 0.444173807 ], [ 34.08911949, 0.437550104 ], [ 34.089010013, 0.427234147 ], [ 34.102210013, 0.413434147 ], [ 34.103210013, 0.404434147 ], [ 34.107310013, 0.395234147 ], [ 34.110710013, 0.378234147 ], [ 34.111110013, 0.371234147 ], [ 34.109210013, 0.365934147 ], [ 34.101210013, 0.354834147 ], [ 34.100110013, 0.347534147 ], [ 34.094410013, 0.344334147 ], [ 34.083410013, 0.334134147 ], [ 34.083710013, 0.331334147 ], [ 34.077110013, 0.327934147 ], [ 34.074510013, 0.324734147 ], [ 34.057658038, 0.324187686 ], [ 34.060029434, 0.313448025 ], [ 34.051838598, 0.308389149 ], [ 34.048791029, 0.302619845 ], [ 34.049722216, 0.297364846 ], [ 34.047702673, 0.294419281 ], [ 34.042515336, 0.293534468 ], [ 34.041538641, 0.292124149 ], [ 34.040738028, 0.289765376 ], [ 34.041705553, 0.288692546 ], [ 34.039737531, 0.286372414 ], [ 34.040646973, 0.282836372 ], [ 34.039665063, 0.282916576 ], [ 34.041554041, 0.279395666 ], [ 34.040339882, 0.276774817 ], [ 34.037128774, 0.273931076 ], [ 34.03771167, 0.273200997 ], [ 34.031310013, 0.269934147 ], [ 34.024712119, 0.269217219 ], [ 34.021206591, 0.261252403 ], [ 34.021842528, 0.256718984 ], [ 34.01536973, 0.250967158 ], [ 34.007036303, 0.237095045 ], [ 33.910410013, 0.106434147 ], [ 33.910288655, 0.102964159 ], [ 33.912450547, 0.099753432 ], [ 33.949385067, -0.02650924 ], [ 34.007289572, -0.026182816 ], [ 34.015488614, -0.027709633 ], [ 34.02954892, -0.017863826 ], [ 34.042114224, 0.000320284 ], [ 34.066224375, 0.090554975 ], [ 34.073581956, 0.10427849 ], [ 34.072186379, 0.118913815 ], [ 34.079340294, 0.122655392 ], [ 34.08409251, 0.122805397 ], [ 34.086019768, 0.12679914 ], [ 34.090445208, 0.12655438 ], [ 34.099447118, 0.136409159 ], [ 34.104959306, 0.136077799 ], [ 34.102480058, 0.129697373 ], [ 34.102946806, 0.126118515 ], [ 34.108358801, 0.131025194 ], [ 34.111836963, 0.13726016 ], [ 34.114695452, 0.149903214 ], [ 34.112811615, 0.150344309 ], [ 34.111164767, 0.16099143 ], [ 34.111991658, 0.17612784 ], [ 34.105265425, 0.186860027 ], [ 34.110368551, 0.200611687 ], [ 34.109513619, 0.205716465 ], [ 34.113624779, 0.210700177 ], [ 34.116307836, 0.219025704 ], [ 34.116825264, 0.242776551 ], [ 34.132106129, 0.251322778 ], [ 34.138441458, 0.257410111 ], [ 34.147058029, 0.269858629 ], [ 34.158609406, 0.290871789 ], [ 34.159464188, 0.300744294 ], [ 34.173565486, 0.296421904 ], [ 34.177494206, 0.290062925 ], [ 34.182254475, 0.286628703 ], [ 34.18588532, 0.276444765 ], [ 34.191468283, 0.272499781 ], [ 34.200786047, 0.269140301 ], [ 34.202763835, 0.266075606 ], [ 34.203391138, 0.261186223 ], [ 34.204893348, 0.26346896 ], [ 34.205557276, 0.286353457 ], [ 34.23599719, 0.292206028 ], [ 34.239813887, 0.296767276 ], [ 34.246966505, 0.311491567 ], [ 34.250180389, 0.313303496 ], [ 34.25543452, 0.313021887 ], [ 34.265584006, 0.308027593 ], [ 34.276620993, 0.310842326 ], [ 34.289249048, 0.307900947 ], [ 34.294875591, 0.30949186 ], [ 34.316965991, 0.308994605 ], [ 34.333885523, 0.310928789 ], [ 34.366704668, 0.303950298 ], [ 34.371950841, 0.308795325 ], [ 34.378908791, 0.313532228 ], [ 34.38271549, 0.319582499 ], [ 34.385036077, 0.335852393 ], [ 34.384581145, 0.351602296 ], [ 34.38577439, 0.354018544 ], [ 34.398907428, 0.36244068 ], [ 34.414909839, 0.367392962 ], [ 34.421969004, 0.37267055 ], [ 34.407446847, 0.386452653 ], [ 34.391546617, 0.396685316 ], [ 34.384416977, 0.398295907 ], [ 34.378200134, 0.405003581 ], [ 34.369483113, 0.405063066 ], [ 34.366262119, 0.403713761 ], [ 34.361141867, 0.40542821 ], [ 34.343409235, 0.425173767 ], [ 34.356376834, 0.436572939 ], [ 34.364370154, 0.440864392 ], [ 34.36827427, 0.45732981 ], [ 34.375468597, 0.460726155 ], [ 34.380806788, 0.458892956 ], [ 34.387347797, 0.462289663 ], [ 34.389411414, 0.461742974 ], [ 34.391261039, 0.468261175 ] ] ] } },
{ "type": "Feature", "properties": { "shapeName": "Siaya", "shapeISO": "", "shapeID": "84041B90602795386742", "shapeGroup": "KEN", "shapeType": "ADM1" }, "geometry": { "type": "Polygon", "coordinates": [ [ [ 34.371950841, 0.308795325 ], [ 34.366704668, 0.303950298 ], [ 34.333885523, 0.310928789 ], [ 34.316965991, 0.308994605 ], [ 34.294875591, 0.30949186 ], [ 34.289249048, 0.307900947 ], [ 34.276620993, 0.310842326 ], [ 34.265584006, 0.308027593 ], [ 34.25543452, 0.313021887 ], [ 34.250180389, 0.313303496 ], [ 34.246966505, 0.311491567 ], [ 34.239813887, 0.296767276 ], [ 34.23599719, 0.292206028 ], [ 34.205557276, 0.286353457 ], [ 34.204893348, 0.26346896 ], [ 34.203391138, 0.261186223 ], [ 34.202763835, 0.266075606 ], [ 34.200786047, 0.269140301 ], [ 34.191468283, 0.272499781 ], [ 34.18588532, 0.276444765 ], [ 34.182254475, 0.286628703 ], [ 34.177494206, 0.290062925 ], [ 34.173565486, 0.296421904 ], [ 34.159464188, 0.300744294 ], [ 34.158609406, 0.290871789 ], [ 34.147058029, 0.269858629 ], [ 34.138441458, 0.257410111 ], [ 34.132106129, 0.251322778 ], [ 34.116825264, 0.242776551 ], [ 34.116307836, 0.219025704 ], [ 34.113624779, 0.210700177 ], [ 34.109513619, 0.205716465 ], [ 34.110368551, 0.200611687 ], [ 34.105265425, 0.186860027 ], [ 34.111991658, 0.17612784 ], [ 34.111164767, 0.16099143 ], [ 34.112811615, 0.150344309 ], [ 34.114695452, 0.149903214 ], [ 34.111836963, 0.13726016 ], [ 34.108358801, 0.131025194 ], [ 34.102946806, 0.126118515 ], [ 34.102480058, 0.129697373 ], [ 34.104959306, 0.136077799 ], [ 34.099447118, 0.136409159 ], [ 34.090445208, 0.12655438 ], [ 34.086019768, 0.12679914 ], [ 34.08409251, 0.122805397 ], [ 34.079340294, 0.122655392 ], [ 34.072186379, 0.118913815 ], [ 34.073581956, 0.10427849 ], [ 34.066224375, 0.090554975 ], [ 34.042114224, 0.000320284 ], [ 34.02954892, -0.017863826 ], [ 34.015488614, -0.027709633 ], [ 34.007289572, -0.026182816 ], [ 33.949385067, -0.02650924 ], [ 33.983065899, -0.128803937 ], [ 33.947965899, -0.338103937 ], [ 34.240219512, -0.338379957 ], [ 34.270665899, -0.415303937 ], [ 34.278165899, -0.422803937 ], [ 34.283665899, -0.425903937 ], [ 34.293316169, -0.428365558 ], [ 34.300365899, -0.428203937 ], [ 34.313265899, -0.424603937 ], [ 34.319465899, -0.420703937 ], [ 34.421865899, -0.334803937 ], [ 34.483092932, -0.298631746 ], [ 34.431836673, -0.145042932 ], [ 34.425606173, -0.119899238 ], [ 34.415065899, -0.094003937 ], [ 34.41635913, -0.088826428 ], [ 34.416036418, -0.07858177 ], [ 34.424993515, -0.066860173 ], [ 34.430843182, -0.063579298 ], [ 34.431314656, -0.061520315 ], [ 34.445097647, -0.054477711 ], [ 34.454524642, -0.046446771 ], [ 34.461687386, -0.042585234 ], [ 34.470747016, -0.040008618 ], [ 34.485434428, -0.030707067 ], [ 34.506267545, -0.026411186 ], [ 34.52961541, -0.019240604 ], [ 34.533028252, -0.014140244 ], [ 34.541831292, -0.002652317 ], [ 34.541338989, -0.000961877 ], [ 34.533700327, 0.004844421 ], [ 34.543894619, 0.010476387 ], [ 34.54315932, 0.015377599 ], [ 34.54823777, 0.01953921 ], [ 34.550097095, 0.025675436 ], [ 34.549466055, 0.035326366 ], [ 34.552409915, 0.037610254 ], [ 34.553202228, 0.044426446 ], [ 34.556233902, 0.048260765 ], [ 34.559895744, 0.04802052 ], [ 34.557066292, 0.057261281 ], [ 34.558563335, 0.073978394 ], [ 34.55404899, 0.089109425 ], [ 34.556575384, 0.091259924 ], [ 34.554983555, 0.101301287 ], [ 34.558000315, 0.108413805 ], [ 34.55481279, 0.108646447 ], [ 34.550474791, 0.113667756 ], [ 34.544025451, 0.114451008 ], [ 34.54719793, 0.117827475 ], [ 34.552216147, 0.118311552 ], [ 34.551824525, 0.122725721 ], [ 34.554745334, 0.127603959 ], [ 34.553657029, 0.129666003 ], [ 34.548768681, 0.13229362 ], [ 34.544976848, 0.138707939 ], [ 34.534070692, 0.136529893 ], [ 34.529252349, 0.127929128 ], [ 34.52511239, 0.125193823 ], [ 34.513033509, 0.128129927 ], [ 34.511991394, 0.122023988 ], [ 34.507910005, 0.117946824 ], [ 34.50022345, 0.126095921 ], [ 34.499402677, 0.125528116 ], [ 34.500027243, 0.122669533 ], [ 34.49732443, 0.12329447 ], [ 34.496521933, 0.121719537 ], [ 34.503358545, 0.115888062 ], [ 34.50117397, 0.113239892 ], [ 34.49692872, 0.111481991 ], [ 34.494091807, 0.10187289 ], [ 34.486524159, 0.10487999 ], [ 34.478695322, 0.105164384 ], [ 34.474235293, 0.103358007 ], [ 34.474184678, 0.112913965 ], [ 34.478496115, 0.113423486 ], [ 34.478428619, 0.116132219 ], [ 34.475619163, 0.118516091 ], [ 34.464133312, 0.123053644 ], [ 34.457837149, 0.123571998 ], [ 34.456487749, 0.130588715 ], [ 34.472433622, 0.131286978 ], [ 34.482844316, 0.138758852 ], [ 34.484288302, 0.140810929 ], [ 34.481911998, 0.151538057 ], [ 34.475556812, 0.156283106 ], [ 34.467253927, 0.157696378 ], [ 34.462370825, 0.154725227 ], [ 34.453136946, 0.153707505 ], [ 34.437982845, 0.14642027 ], [ 34.433016405, 0.146005823 ], [ 34.425734538, 0.150969975 ], [ 34.424789813, 0.152108308 ], [ 34.431207547, 0.154291919 ], [ 34.434910538, 0.157194301 ], [ 34.441210364, 0.166369181 ], [ 34.437697336, 0.172558339 ], [ 34.429553825, 0.178274697 ], [ 34.429159784, 0.182770491 ], [ 34.426008931, 0.185875395 ], [ 34.430566905, 0.191378596 ], [ 34.431811781, 0.196418007 ], [ 34.435440463, 0.201513288 ], [ 34.445658813, 0.203159238 ], [ 34.451485408, 0.207352054 ], [ 34.449844283, 0.208005111 ], [ 34.446345339, 0.21599368 ], [ 34.443275667, 0.218184949 ], [ 34.428245463, 0.212650992 ], [ 34.42099551, 0.204241548 ], [ 34.410976303, 0.198929896 ], [ 34.408031638, 0.19177992 ], [ 34.403844421, 0.187403979 ], [ 34.394396337, 0.182470535 ], [ 34.384879353, 0.179916958 ], [ 34.390449154, 0.1940174 ], [ 34.390026557, 0.199952871 ], [ 34.391912413, 0.207577177 ], [ 34.390624679, 0.216630771 ], [ 34.383945784, 0.228891187 ], [ 34.397581101, 0.233634404 ], [ 34.399680219, 0.240075962 ], [ 34.397850558, 0.24367823 ], [ 34.397743293, 0.250452958 ], [ 34.400768093, 0.262335775 ], [ 34.390753735, 0.270618292 ], [ 34.38821472, 0.274965865 ], [ 34.392613675, 0.28020976 ], [ 34.396234434, 0.282219066 ], [ 34.39450751, 0.288744363 ], [ 34.383016168, 0.299282589 ], [ 34.379508962, 0.305854898 ], [ 34.371950841, 0.308795325 ] ] ] } },
{ "type": "Feature", "properties": { "shapeName": "Kisumu", "shapeISO": "", "shapeID": "84041B39834413495081", "shapeGroup": "KEN", "shapeType": "ADM1" }, "geometry": { "type": "Polygon", "coordinates": [ [ [ 34.746215599, -0.021219282 ], [ 34.741226036, -0.021756706 ], [ 34.739707816, -0.023329211 ], [ 34.731681354, -0.010067778 ], [ 34.725818613, -0.003605662 ], [ 34.715632702, -0.007692004 ], [ 34.709664748, -0.018697111 ], [ 34.695752267, -0.017725463 ], [ 34.688774706, -0.023656366 ], [ 34.687576267, -0.023288591 ], [ 34.692377027, -0.01654193 ], [ 34.693258667, -0.013040305 ], [ 34.688474892, -0.00897251 ], [ 34.671346401, -0.013436354 ], [ 34.639987603, -0.000648299 ], [ 34.637394831, 0.001857038 ], [ 34.633044132, 0.002132788 ], [ 34.62761202, 0.004861502 ], [ 34.613137944, 0.002023085 ], [ 34.613529331, 0.004816325 ], [ 34.608359656, 0.005366251 ], [ 34.602476497, 0.013343714 ], [ 34.588979642, 0.002511892 ], [ 34.591717242, -0.005087206 ], [ 34.589998614, -0.006776796 ], [ 34.586109723, -0.020546639 ], [ 34.582990915, -0.024279774 ], [ 34.583037222, -0.031297725 ], [ 34.57666499, -0.035654473 ], [ 34.5703018, -0.036317764 ], [ 34.565249747, -0.039850272 ], [ 34.56402658, -0.03847132 ], [ 34.560827979, -0.033672504 ], [ 34.56158934, -0.031023275 ], [ 34.560534916, -0.029320765 ], [ 34.563857679, -0.026357086 ], [ 34.564010722, -0.023200275 ], [ 34.561116006, -0.020512099 ], [ 34.564078872, -0.01804115 ], [ 34.563041498, -0.017353421 ], [ 34.554994405, -0.017275526 ], [ 34.551301539, -0.020966774 ], [ 34.54767665, -0.021849524 ], [ 34.541792791, -0.017582198 ], [ 34.537940166, -0.017414464 ], [ 34.533028252, -0.014140244 ], [ 34.52961541, -0.019240604 ], [ 34.506267545, -0.026411186 ], [ 34.485434428, -0.030707067 ], [ 34.470747016, -0.040008618 ], [ 34.461687386, -0.042585234 ], [ 34.454524642, -0.046446771 ], [ 34.445097647, -0.054477711 ], [ 34.431314656, -0.061520315 ], [ 34.430843182, -0.063579298 ], [ 34.424993515, -0.066860173 ], [ 34.416036418, -0.07858177 ], [ 34.41635913, -0.088826428 ], [ 34.415065899, -0.094003937 ], [ 34.425606173, -0.119899238 ], [ 34.431836673, -0.145042932 ], [ 34.483092932, -0.298631746 ], [ 34.530365293, -0.270634804 ], [ 34.70500946, -0.256758064 ], [ 34.755262461, -0.289846526 ], [ 34.755868784, -0.294533657 ], [ 34.758288303, -0.296921675 ], [ 34.757420284, -0.303962776 ], [ 34.760495322, -0.311791871 ], [ 34.762767029, -0.310138392 ], [ 34.765500574, -0.311162766 ], [ 34.768233144, -0.308646128 ], [ 34.775412279, -0.315698561 ], [ 34.779286149, -0.315640129 ], [ 34.78133106, -0.320247538 ], [ 34.784510943, -0.320517445 ], [ 34.790220533, -0.329678493 ], [ 34.785118532, -0.330009277 ], [ 34.783178778, -0.331582931 ], [ 34.785721766, -0.336404918 ], [ 34.785624906, -0.340065106 ], [ 34.788223002, -0.341329924 ], [ 34.792001805, -0.339646376 ], [ 34.793352637, -0.342178561 ], [ 34.790611137, -0.346023421 ], [ 34.79627979, -0.348488883 ], [ 34.799132831, -0.352531064 ], [ 34.807000536, -0.352699034 ], [ 34.810740702, -0.34982712 ], [ 34.810800985, -0.354378163 ], [ 34.81794397, -0.363126785 ], [ 34.820381148, -0.368843107 ], [ 34.822534563, -0.369513783 ], [ 34.821736125, -0.376949954 ], [ 34.824853297, -0.379668564 ], [ 34.825217993, -0.381697119 ], [ 34.824623112, -0.383590327 ], [ 34.82241078, -0.384525916 ], [ 34.824806267, -0.386205904 ], [ 34.833262622, -0.386371514 ], [ 34.839043874, -0.390797085 ], [ 34.859481812, -0.390537404 ], [ 34.858568998, -0.392757921 ], [ 34.862769338, -0.395207883 ], [ 34.866731006, -0.392384057 ], [ 34.877348871, -0.395620384 ], [ 34.878986629, -0.393911394 ], [ 34.885191743, -0.394175416 ], [ 34.888316078, -0.399095571 ], [ 34.894636888, -0.391793141 ], [ 34.89716678, -0.39247886 ], [ 34.900819605, -0.389412464 ], [ 34.914445073, -0.383798625 ], [ 34.916156956, -0.38722682 ], [ 34.915124061, -0.393346955 ], [ 34.913517331, -0.394340314 ], [ 34.914022064, -0.401251244 ], [ 34.921512448, -0.401981687 ], [ 34.92521979, -0.400304771 ], [ 34.926975205, -0.40167535 ], [ 34.929185486, -0.400808172 ], [ 34.930344236, -0.410031577 ], [ 34.935964029, -0.409146834 ], [ 34.939142516, -0.411379201 ], [ 34.945147581, -0.411906234 ], [ 34.950330274, -0.414271028 ], [ 34.957433779, -0.412960699 ], [ 34.961198893, -0.413723733 ], [ 34.964429215, -0.412190141 ], [ 34.964439291, -0.410029678 ], [ 34.96747627, -0.411399102 ], [ 34.974865275, -0.408124025 ], [ 34.98129973, -0.412482612 ], [ 34.983623813, -0.411274462 ], [ 34.986016083, -0.412038641 ], [ 34.989223032, -0.406777075 ], [ 34.993264013, -0.406175532 ], [ 34.99723362, -0.403591389 ], [ 35.00278397, -0.403321489 ], [ 35.004456153, -0.398804164 ], [ 35.00714822, -0.396835089 ], [ 35.007058745, -0.393705373 ], [ 35.010586251, -0.389253398 ], [ 35.006698608, -0.373370856 ], [ 35.004644789, -0.35573416 ], [ 35.005935669, -0.334851228 ], [ 35.009180589, -0.329497292 ], [ 35.024396696, -0.321441211 ], [ 35.046899534, -0.300599673 ], [ 35.049493304, -0.29641173 ], [ 35.051039271, -0.292146523 ], [ 35.052270165, -0.274959379 ], [ 35.05510538, -0.267807673 ], [ 35.05740317, -0.23529005 ], [ 35.063562663, -0.215565413 ], [ 35.071933746, -0.207246482 ], [ 35.103001484, -0.199720165 ], [ 35.127958298, -0.153779983 ], [ 35.133847824, -0.153807432 ], [ 35.138028922, -0.160819815 ], [ 35.140462875, -0.159384385 ], [ 35.145329211, -0.160149811 ], [ 35.156921555, -0.164011331 ], [ 35.164647103, -0.160290222 ], [ 35.167858124, -0.160316659 ], [ 35.166795095, -0.163527836 ], [ 35.170362473, -0.160968386 ], [ 35.182201251, -0.163132771 ], [ 35.185723896, -0.161244502 ], [ 35.18462499, -0.158574109 ], [ 35.186309497, -0.157627211 ], [ 35.190903746, -0.160803745 ], [ 35.197609075, -0.160770021 ], [ 35.203844377, -0.164153206 ], [ 35.204049773, -0.166985812 ], [ 35.215504646, -0.173450552 ], [ 35.215821839, -0.178691894 ], [ 35.21705561, -0.178866894 ], [ 35.217768192, -0.185773609 ], [ 35.219157618, -0.187127395 ], [ 35.219136361, -0.191771445 ], [ 35.22697701, -0.19483318 ], [ 35.230841775, -0.192799839 ], [ 35.232451038, -0.193278071 ], [ 35.235650107, -0.195021877 ], [ 35.237032559, -0.199275192 ], [ 35.240835939, -0.19851235 ], [ 35.242690086, -0.202146306 ], [ 35.245924667, -0.201541394 ], [ 35.248962651, -0.206828184 ], [ 35.247612953, -0.209059486 ], [ 35.254250844, -0.216997564 ], [ 35.263002396, -0.221722305 ], [ 35.260894775, -0.227851435 ], [ 35.262624363, -0.230643834 ], [ 35.269597578, -0.235482631 ], [ 35.280244314, -0.235843389 ], [ 35.286103783, -0.234599133 ], [ 35.292905807, -0.23482719 ], [ 35.298449974, -0.23700943 ], [ 35.299592972, -0.236207295 ], [ 35.302738569, -0.238694899 ], [ 35.306712455, -0.238624019 ], [ 35.313622156, -0.24708239 ], [ 35.320511178, -0.246229905 ], [ 35.324947366, -0.250556625 ], [ 35.321997366, -0.247106625 ], [ 35.324833455, -0.244050349 ], [ 35.341600165, -0.237915158 ], [ 35.343108023, -0.235568123 ], [ 35.336346859, -0.206436401 ], [ 35.331090538, -0.190417747 ], [ 35.330694828, -0.174708375 ], [ 35.296097084, -0.17408715 ], [ 35.278437042, -0.144112918 ], [ 35.272544729, -0.150538295 ], [ 35.270515442, -0.150020346 ], [ 35.253608757, -0.118323678 ], [ 35.234895582, -0.117921394 ], [ 35.22630214, -0.106924863 ], [ 35.226493835, -0.103708789 ], [ 35.226795197, -0.064920463 ], [ 35.220916748, -0.038056351 ], [ 35.221090953, -0.033987457 ], [ 35.218212128, -0.035129593 ], [ 35.216058095, -0.034196925 ], [ 35.215004921, -0.030668123 ], [ 35.210233053, -0.029783762 ], [ 35.206498146, -0.026242318 ], [ 35.202635447, -0.026864951 ], [ 35.199962616, -0.024342722 ], [ 35.195106506, -0.024689706 ], [ 35.19438076, -0.023601123 ], [ 35.187700272, -0.02670632 ], [ 35.182496071, -0.026747962 ], [ 35.181411743, -0.025008972 ], [ 35.181086222, -0.02685702 ], [ 35.179258728, -0.027653342 ], [ 35.177302467, -0.025730749 ], [ 35.173387527, -0.026337545 ], [ 35.166384888, -0.029832926 ], [ 35.161286163, -0.028350707 ], [ 35.161716461, -0.030049459 ], [ 35.158307393, -0.035010622 ], [ 35.155227661, -0.034130238 ], [ 35.151128769, -0.036319353 ], [ 35.150867462, -0.034439569 ], [ 35.147132874, -0.031241836 ], [ 35.142990112, -0.029728226 ], [ 35.102160136, -0.002150102 ], [ 35.100553513, -0.005529117 ], [ 35.102825165, -0.010543843 ], [ 35.101493835, -0.013363496 ], [ 35.103068352, -0.020989654 ], [ 35.101230621, -0.024889999 ], [ 35.096174717, -0.028023945 ], [ 35.092845917, -0.041942798 ], [ 35.089184761, -0.04348747 ], [ 35.086917877, -0.047241066 ], [ 35.083814621, -0.047022947 ], [ 35.082456589, -0.049626464 ], [ 35.074457169, -0.052755453 ], [ 35.06526947, -0.064634922 ], [ 35.061756134, -0.056544762 ], [ 35.059416453, -0.056743058 ], [ 35.060447693, -0.053832166 ], [ 35.059181213, -0.051806087 ], [ 35.007148743, -0.051738229 ], [ 35.00771904, -0.027479644 ], [ 34.988525391, -0.017143762 ], [ 34.988437653, -0.021592846 ], [ 34.978286743, -0.022150539 ], [ 34.964073181, -0.030280354 ], [ 34.956978798, -0.024107406 ], [ 34.952500915, -0.024780658 ], [ 34.954425812, -0.028328616 ], [ 34.933971405, -0.033702448 ], [ 34.923263952, -0.034154158 ], [ 34.919475676, -0.030865542 ], [ 34.921466482, -0.024431658 ], [ 34.920167708, -0.024015585 ], [ 34.908962721, -0.026049632 ], [ 34.891196912, -0.022753469 ], [ 34.880480666, -0.024328141 ], [ 34.827598629, -0.025760922 ], [ 34.808982987, -0.019834917 ], [ 34.806488176, -0.015917718 ], [ 34.806618501, -0.014471351 ], [ 34.809966602, -0.012441061 ], [ 34.808825348, -0.009254449 ], [ 34.809714079, -0.00432378 ], [ 34.830679846, 0.025650061 ], [ 34.818953822, 0.023160239 ], [ 34.816486947, 0.018728691 ], [ 34.809962699, 0.012603416 ], [ 34.80160022, 0.008860343 ], [ 34.786188078, -0.005472772 ], [ 34.780656802, -0.016271563 ], [ 34.77486196, -0.014123352 ], [ 34.770609101, -0.015571765 ], [ 34.764177323, -0.014587921 ], [ 34.761385598, -0.020839408 ], [ 34.750974875, -0.031777145 ], [ 34.746215599, -0.021219282 ] ] ] } },
{ "type": "Feature", "properties": { "shapeName": "Homa Bay", "shapeISO": "", "shapeID": "84041B84281011595703", "shapeGroup": "KEN", "shapeType": "ADM1" }, "geometry": { "type": "Polygon", "coordinates": [ [ [ 35.010586251, -0.389253398 ], [ 35.007058745, -0.393705373 ], [ 35.00714822, -0.396835089 ], [ 35.004456153, -0.398804164 ], [ 35.00278397, -0.403321489 ], [ 34.99723362, -0.403591389 ], [ 34.993264013, -0.406175532 ], [ 34.989223032, -0.406777075 ], [ 34.986016083, -0.412038641 ], [ 34.983623813, -0.411274462 ], [ 34.98129973, -0.412482612 ], [ 34.974865275, -0.408124025 ], [ 34.96747627, -0.411399102 ], [ 34.964439291, -0.410029678 ], [ 34.964429215, -0.412190141 ], [ 34.961198893, -0.413723733 ], [ 34.957433779, -0.412960699 ], [ 34.950330274, -0.414271028 ], [ 34.945147581, -0.411906234 ], [ 34.939142516, -0.411379201 ], [ 34.935964029, -0.409146834 ], [ 34.930344236, -0.410031577 ], [ 34.929185486, -0.400808172 ], [ 34.926975205, -0.40167535 ], [ 34.92521979, -0.400304771 ], [ 34.921512448, -0.401981687 ], [ 34.914022064, -0.401251244 ], [ 34.913517331, -0.394340314 ], [ 34.915124061, -0.393346955 ], [ 34.916156956, -0.38722682 ], [ 34.914445073, -0.383798625 ], [ 34.900819605, -0.389412464 ], [ 34.89716678, -0.39247886 ], [ 34.894636888, -0.391793141 ], [ 34.888316078, -0.399095571 ], [ 34.885191743, -0.394175416 ], [ 34.878986629, -0.393911394 ], [ 34.877348871, -0.395620384 ], [ 34.866731006, -0.392384057 ], [ 34.862769338, -0.395207883 ], [ 34.858568998, -0.392757921 ], [ 34.859481812, -0.390537404 ], [ 34.839043874, -0.390797085 ], [ 34.833262622, -0.386371514 ], [ 34.824806267, -0.386205904 ], [ 34.82241078, -0.384525916 ], [ 34.824623112, -0.383590327 ], [ 34.825217993, -0.381697119 ], [ 34.824853297, -0.379668564 ], [ 34.821736125, -0.376949954 ], [ 34.822534563, -0.369513783 ], [ 34.820381148, -0.368843107 ], [ 34.81794397, -0.363126785 ], [ 34.810800985, -0.354378163 ], [ 34.810740702, -0.34982712 ], [ 34.807000536, -0.352699034 ], [ 34.799132831, -0.352531064 ], [ 34.79627979, -0.348488883 ], [ 34.790611137, -0.346023421 ], [ 34.793352637, -0.342178561 ], [ 34.792001805, -0.339646376 ], [ 34.788223002, -0.341329924 ], [ 34.785624906, -0.340065106 ], [ 34.785721766, -0.336404918 ], [ 34.783178778, -0.331582931 ], [ 34.785118532, -0.330009277 ], [ 34.790220533, -0.329678493 ], [ 34.784510943, -0.320517445 ], [ 34.78133106, -0.320247538 ], [ 34.779286149, -0.315640129 ], [ 34.775412279, -0.315698561 ], [ 34.768233144, -0.308646128 ], [ 34.765500574, -0.311162766 ], [ 34.762767029, -0.310138392 ], [ 34.760495322, -0.311791871 ], [ 34.757420284, -0.303962776 ], [ 34.758288303, -0.296921675 ], [ 34.755868784, -0.294533657 ], [ 34.755262461, -0.289846526 ], [ 34.70500946, -0.256758064 ], [ 34.530365293, -0.270634804 ], [ 34.483092932, -0.298631746 ], [ 34.421865899, -0.334803937 ], [ 34.319465899, -0.420703937 ], [ 34.313265899, -0.424603937 ], [ 34.300365899, -0.428203937 ], [ 34.293316169, -0.428365558 ], [ 34.283665899, -0.425903937 ], [ 34.278165899, -0.422803937 ], [ 34.270665899, -0.415303937 ], [ 34.240219512, -0.338379957 ], [ 33.947965899, -0.338103937 ], [ 33.924365899, -0.465903937 ], [ 33.920065899, -0.552103937 ], [ 33.917065899, -0.567803937 ], [ 33.925865899, -0.804803937 ], [ 34.079565899, -0.805203937 ], [ 34.084265899, -0.787503937 ], [ 34.087565899, -0.784603937 ], [ 34.112265899, -0.781503937 ], [ 34.119165899, -0.777703937 ], [ 34.137124912, -0.777534738 ], [ 34.144265899, -0.776003937 ], [ 34.152665899, -0.766703937 ], [ 34.169165899, -0.762703937 ], [ 34.189765899, -0.746103937 ], [ 34.199365899, -0.742403937 ], [ 34.201459956, -0.744459212 ], [ 34.204365899, -0.752803937 ], [ 34.210385899, -0.759643937 ], [ 34.213365899, -0.767203937 ], [ 34.232775495, -0.781987381 ], [ 34.236275966, -0.79039689 ], [ 34.242165899, -0.799303937 ], [ 34.248494328, -0.807772515 ], [ 34.252565899, -0.810703937 ], [ 34.254365899, -0.819303937 ], [ 34.268765899, -0.823803937 ], [ 34.285465899, -0.825203937 ], [ 34.299965899, -0.839003937 ], [ 34.310665899, -0.855303937 ], [ 34.320565899, -0.865103937 ], [ 34.324635942, -0.866245544 ], [ 34.336565899, -0.862103937 ], [ 34.338165899, -0.856953937 ], [ 34.341465899, -0.854903937 ], [ 34.368665899, -0.851503937 ], [ 34.372065899, -0.845853937 ], [ 34.378965899, -0.844203937 ], [ 34.381465899, -0.846003937 ], [ 34.389477003, -0.831910695 ], [ 34.392665899, -0.829903937 ], [ 34.393465899, -0.827703937 ], [ 34.388265899, -0.822103937 ], [ 34.387365899, -0.815903937 ], [ 34.397065899, -0.818403937 ], [ 34.428065899, -0.834803937 ], [ 34.463812245, -0.86213851 ], [ 34.464965899, -0.834403937 ], [ 34.473765899, -0.814303937 ], [ 34.482065899, -0.799703937 ], [ 34.485465899, -0.786803937 ], [ 34.508265899, -0.764503937 ], [ 34.518165899, -0.756603937 ], [ 34.526665899, -0.744403937 ], [ 34.531965899, -0.740303937 ], [ 34.536296156, -0.728308552 ], [ 34.531715899, -0.725103937 ], [ 34.534265899, -0.722503937 ], [ 34.534265899, -0.702203937 ], [ 34.536665899, -0.700703937 ], [ 34.540165899, -0.692603937 ], [ 34.550065899, -0.682603937 ], [ 34.552865899, -0.675303937 ], [ 34.559165899, -0.671803937 ], [ 34.556049149, -0.664071449 ], [ 34.558315899, -0.664853937 ], [ 34.564465899, -0.663603937 ], [ 34.566115899, -0.661703937 ], [ 34.579265899, -0.659003937 ], [ 34.581205716, -0.657676041 ], [ 34.582965899, -0.651603937 ], [ 34.588865899, -0.649403937 ], [ 34.599466972, -0.64949943 ], [ 34.605365899, -0.651203937 ], [ 34.609065899, -0.649503937 ], [ 34.625629309, -0.654327428 ], [ 34.634668333, -0.660586087 ], [ 34.637165899, -0.658403937 ], [ 34.643115899, -0.632103937 ], [ 34.649392513, -0.624423969 ], [ 34.650927495, -0.620762242 ], [ 34.650565899, -0.615303937 ], [ 34.658565899, -0.603003937 ], [ 34.660265899, -0.603203937 ], [ 34.659365899, -0.601453937 ], [ 34.660965899, -0.602703937 ], [ 34.685165899, -0.600703937 ], [ 34.696285684, -0.588853431 ], [ 34.70080843, -0.576183586 ], [ 34.710415465, -0.565924761 ], [ 34.711165899, -0.558303937 ], [ 34.712865899, -0.557103937 ], [ 34.723665899, -0.559003937 ], [ 34.729065899, -0.555703937 ], [ 34.737916073, -0.55783689 ], [ 34.748628942, -0.557299785 ], [ 34.752765899, -0.555303937 ], [ 34.759065899, -0.549003937 ], [ 34.761383979, -0.542577228 ], [ 34.769015899, -0.532153937 ], [ 34.780765899, -0.533103937 ], [ 34.788671021, -0.531117839 ], [ 34.792065899, -0.527003937 ], [ 34.799665899, -0.525803937 ], [ 34.817519651, -0.517763941 ], [ 34.852265899, -0.508903937 ], [ 34.855775529, -0.503561529 ], [ 34.858968888, -0.502440139 ], [ 34.881165899, -0.485803937 ], [ 34.905665899, -0.480203937 ], [ 34.931165899, -0.468603937 ], [ 34.940265899, -0.463003937 ], [ 34.966965899, -0.440503937 ], [ 34.999165899, -0.427403937 ], [ 35.019859516, -0.409650857 ], [ 35.021238686, -0.403807903 ], [ 35.017865899, -0.400503937 ], [ 35.017681632, -0.395755281 ], [ 35.010586251, -0.389253398 ] ] ] } },
{ "type": "Feature", "properties": { "shapeName": "Migori", "shapeISO": "", "shapeID": "84041B55366160165314", "shapeGroup": "KEN", "shapeType": "ADM1" }, "geometry": { "type": "Polygon", "coordinates": [ [ [ 34.641465899, -0.966453937 ], [ 34.632665899, -0.963103937 ], [ 34.626765899, -0.953003937 ], [ 34.622565899, -0.941803937 ], [ 34.623310524, -0.922017748 ], [ 34.616865899, -0.896603937 ], [ 34.616965899, -0.892403937 ], [ 34.614465899, -0.888303937 ], [ 34.614465899, -0.880803937 ], [ 34.616942704, -0.871867373 ], [ 34.610465899, -0.855503937 ], [ 34.610465899, -0.840903937 ], [ 34.614865899, -0.839403937 ], [ 34.620765899, -0.840303937 ], [ 34.625065899, -0.827603937 ], [ 34.624665899, -0.824603937 ], [ 34.622565899, -0.822403937 ], [ 34.622665899, -0.790303937 ], [ 34.624265899, -0.784503937 ], [ 34.625865899, -0.754903937 ], [ 34.628065899, -0.751903937 ], [ 34.628165899, -0.745603937 ], [ 34.630165899, -0.738903937 ], [ 34.628365899, -0.734903937 ], [ 34.628465899, -0.728803937 ], [ 34.643030191, -0.704044514 ], [ 34.640215899, -0.700553937 ], [ 34.634668333, -0.660586087 ], [ 34.625629309, -0.654327428 ], [ 34.609065899, -0.649503937 ], [ 34.605365899, -0.651203937 ], [ 34.599466972, -0.64949943 ], [ 34.588865899, -0.649403937 ], [ 34.582965899, -0.651603937 ], [ 34.581205716, -0.657676041 ], [ 34.579265899, -0.659003937 ], [ 34.566115899, -0.661703937 ], [ 34.564465899, -0.663603937 ], [ 34.558315899, -0.664853937 ], [ 34.556049149, -0.664071449 ], [ 34.559165899, -0.671803937 ], [ 34.552865899, -0.675303937 ], [ 34.550065899, -0.682603937 ], [ 34.540165899, -0.692603937 ], [ 34.536665899, -0.700703937 ], [ 34.534265899, -0.702203937 ], [ 34.534265899, -0.722503937 ], [ 34.531715899, -0.725103937 ], [ 34.536296156, -0.728308552 ], [ 34.531965899, -0.740303937 ], [ 34.526665899, -0.744403937 ], [ 34.518165899, -0.756603937 ], [ 34.508265899, -0.764503937 ], [ 34.485465899, -0.786803937 ], [ 34.482065899, -0.799703937 ], [ 34.473765899, -0.814303937 ], [ 34.464965899, -0.834403937 ], [ 34.463812245, -0.86213851 ], [ 34.428065899, -0.834803937 ], [ 34.397065899, -0.818403937 ], [ 34.387365899, -0.815903937 ], [ 34.388265899, -0.822103937 ], [ 34.393465899, -0.827703937 ], [ 34.392665899, -0.829903937 ], [ 34.389477003, -0.831910695 ], [ 34.381465899, -0.846003937 ], [ 34.378965899, -0.844203937 ], [ 34.372065899, -0.845853937 ], [ 34.368665899, -0.851503937 ], [ 34.341465899, -0.854903937 ], [ 34.338165899, -0.856953937 ], [ 34.336565899, -0.862103937 ], [ 34.324635942, -0.866245544 ], [ 34.320565899, -0.865103937 ], [ 34.310665899, -0.855303937 ], [ 34.299965899, -0.839003937 ], [ 34.285465899, -0.825203937 ], [ 34.268765899, -0.823803937 ], [ 34.254365899, -0.819303937 ], [ 34.252565899, -0.810703937 ], [ 34.248494328, -0.807772515 ], [ 34.242165899, -0.799303937 ], [ 34.236275966, -0.79039689 ], [ 34.232775495, -0.781987381 ], [ 34.213365899, -0.767203937 ], [ 34.210385899, -0.759643937 ], [ 34.204365899, -0.752803937 ], [ 34.201459956, -0.744459212 ], [ 34.199365899, -0.742403937 ], [ 34.189765899, -0.746103937 ], [ 34.169165899, -0.762703937 ], [ 34.152665899, -0.766703937 ], [ 34.144265899, -0.776003937 ], [ 34.137124912, -0.777534738 ], [ 34.119165899, -0.777703937 ], [ 34.112265899, -0.781503937 ], [ 34.087565899, -0.784603937 ], [ 34.084265899, -0.787503937 ], [ 34.079565899, -0.805203937 ], [ 33.925865899, -0.804803937 ], [ 33.933965899, -1.000103937 ], [ 34.016965899, -1.000303937 ], [ 34.026865899, -1.010003937 ], [ 34.027765899, -1.030003937 ], [ 34.029665899, -1.035303937 ], [ 34.033365899, -1.040203937 ], [ 34.040365899, -1.043703937 ], [ 34.045965899, -1.043303937 ], [ 34.078965899, -1.019403937 ], [ 34.080965899, -1.019803937 ], [ 34.175565899, -1.071703937 ], [ 34.273965899, -1.128703937 ], [ 34.446165899, -1.226103937 ], [ 34.457265899, -1.231203937 ], [ 34.467765899, -1.238403937 ], [ 34.515265899, -1.263103937 ], [ 34.554365899, -1.287503937 ], [ 34.582565899, -1.301803937 ], [ 34.600665899, -1.313503937 ], [ 34.640265899, -1.334503937 ], [ 34.730535144, -1.386716242 ], [ 34.703725734, -1.278020061 ], [ 34.698278553, -1.263752477 ], [ 34.698714334, -1.26119661 ], [ 34.687065899, -1.211003937 ], [ 34.685565899, -1.209603937 ], [ 34.678065899, -1.211303937 ], [ 34.673565899, -1.209703937 ], [ 34.670865899, -1.197203937 ], [ 34.666065899, -1.195103937 ], [ 34.661465899, -1.188703937 ], [ 34.653685078, -1.185663418 ], [ 34.653965899, -1.176603937 ], [ 34.646865899, -1.169103937 ], [ 34.64307646, -1.167526025 ], [ 34.639865899, -1.163103937 ], [ 34.632894378, -1.160791527 ], [ 34.624899389, -1.154681071 ], [ 34.628476544, -1.15101885 ], [ 34.633392097, -1.138239097 ], [ 34.63032947, -1.128665858 ], [ 34.630723269, -1.124770499 ], [ 34.623084063, -1.114759955 ], [ 34.623331963, -1.108304953 ], [ 34.619565899, -1.094803937 ], [ 34.615227242, -1.090117005 ], [ 34.615989261, -1.083308916 ], [ 34.618961823, -1.077504435 ], [ 34.601768533, -1.059186866 ], [ 34.592965899, -1.041803937 ], [ 34.590065899, -1.016203937 ], [ 34.641465899, -0.966453937 ] ] ] } },
{ "type": "Feature", "properties": { "shapeName": "Kisii", "shapeISO": "", "shapeID": "84041B39825939755141", "shapeGroup": "KEN", "shapeType": "ADM1" }, "geometry": { "type": "Polygon", "coordinates": [ [ [ 35.01282502, -0.887919668 ], [ 34.943365899, -0.771203937 ], [ 34.939265899, -0.769603937 ], [ 34.934215899, -0.764653937 ], [ 34.928965899, -0.764603937 ], [ 34.923365899, -0.760103937 ], [ 34.918775899, -0.758496703 ], [ 34.911172079, -0.758114049 ], [ 34.907965899, -0.759303937 ], [ 34.903465899, -0.750703937 ], [ 34.898693844, -0.746806015 ], [ 34.887610156, -0.743674794 ], [ 34.885367568, -0.740857399 ], [ 34.869109337, -0.733112717 ], [ 34.841958679, -0.714486172 ], [ 34.835015007, -0.706367429 ], [ 34.824265899, -0.702553937 ], [ 34.822965899, -0.701003937 ], [ 34.822464709, -0.694860005 ], [ 34.820381349, -0.691979454 ], [ 34.808565899, -0.685803937 ], [ 34.800739804, -0.688084645 ], [ 34.795386857, -0.687678202 ], [ 34.792918649, -0.685668998 ], [ 34.793065899, -0.682003937 ], [ 34.788965899, -0.675803937 ], [ 34.786465899, -0.674603937 ], [ 34.784365899, -0.677903937 ], [ 34.778615899, -0.674053937 ], [ 34.788992725, -0.672110356 ], [ 34.791565899, -0.665253937 ], [ 34.797065899, -0.663703937 ], [ 34.811865899, -0.663403937 ], [ 34.809465899, -0.660403937 ], [ 34.809665899, -0.656503937 ], [ 34.810710546, -0.642823041 ], [ 34.813550899, -0.635498937 ], [ 34.820489882, -0.624425599 ], [ 34.830373522, -0.614542352 ], [ 34.835865899, -0.601803937 ], [ 34.842402021, -0.595997724 ], [ 34.854265899, -0.597103937 ], [ 34.859559288, -0.602278064 ], [ 34.867465899, -0.606603937 ], [ 34.874771771, -0.605992727 ], [ 34.886765899, -0.611903937 ], [ 34.889872092, -0.608010083 ], [ 34.889891382, -0.60243786 ], [ 34.882465899, -0.592003937 ], [ 34.879628346, -0.59036987 ], [ 34.881065899, -0.585803937 ], [ 34.872865899, -0.572753937 ], [ 34.878465899, -0.556103937 ], [ 34.876363742, -0.554204124 ], [ 34.875865899, -0.544703937 ], [ 34.870865899, -0.534103937 ], [ 34.869065899, -0.517103937 ], [ 34.869849569, -0.505115038 ], [ 34.863865899, -0.501603937 ], [ 34.858968888, -0.502440139 ], [ 34.855775529, -0.503561529 ], [ 34.852265899, -0.508903937 ], [ 34.817519651, -0.517763941 ], [ 34.799665899, -0.525803937 ], [ 34.792065899, -0.527003937 ], [ 34.788671021, -0.531117839 ], [ 34.780765899, -0.533103937 ], [ 34.769015899, -0.532153937 ], [ 34.761383979, -0.542577228 ], [ 34.759065899, -0.549003937 ], [ 34.752765899, -0.555303937 ], [ 34.748628942, -0.557299785 ], [ 34.737916073, -0.55783689 ], [ 34.729065899, -0.555703937 ], [ 34.723665899, -0.559003937 ], [ 34.712865899, -0.557103937 ], [ 34.711165899, -0.558303937 ], [ 34.710415465, -0.565924761 ], [ 34.70080843, -0.576183586 ], [ 34.696285684, -0.588853431 ], [ 34.685165899, -0.600703937 ], [ 34.660965899, -0.602703937 ], [ 34.659365899, -0.601453937 ], [ 34.660265899, -0.603203937 ], [ 34.658565899, -0.603003937 ], [ 34.650565899, -0.615303937 ], [ 34.650927495, -0.620762242 ], [ 34.649392513, -0.624423969 ], [ 34.643115899, -0.632103937 ], [ 34.637165899, -0.658403937 ], [ 34.634668333, -0.660586087 ], [ 34.640215899, -0.700553937 ], [ 34.643030191, -0.704044514 ], [ 34.628465899, -0.728803937 ], [ 34.628365899, -0.734903937 ], [ 34.630165899, -0.738903937 ], [ 34.628165899, -0.745603937 ], [ 34.628065899, -0.751903937 ], [ 34.625865899, -0.754903937 ], [ 34.624265899, -0.784503937 ], [ 34.622665899, -0.790303937 ], [ 34.622565899, -0.822403937 ], [ 34.624665899, -0.824603937 ], [ 34.625065899, -0.827603937 ], [ 34.620765899, -0.840303937 ], [ 34.614865899, -0.839403937 ], [ 34.610465899, -0.840903937 ], [ 34.610465899, -0.855503937 ], [ 34.616942704, -0.871867373 ], [ 34.614465899, -0.880803937 ], [ 34.614465899, -0.888303937 ], [ 34.616965899, -0.892403937 ], [ 34.616865899, -0.896603937 ], [ 34.623310524, -0.922017748 ], [ 34.622565899, -0.941803937 ], [ 34.626765899, -0.953003937 ], [ 34.632665899, -0.963103937 ], [ 34.641465899, -0.966453937 ], [ 34.648965899, -0.963303937 ], [ 34.663365899, -0.970503937 ], [ 34.668065899, -0.970903937 ], [ 34.670565899, -0.969703937 ], [ 34.678765899, -0.971003937 ], [ 34.697665899, -0.966603937 ], [ 34.714765899, -0.960603937 ], [ 34.715465899, -0.961703937 ], [ 34.741765899, -0.955903937 ], [ 34.917165899, -0.910703937 ], [ 35.01282502, -0.887919668 ] ] ] } },
{ "type": "Feature", "properties": { "shapeName": "Nyamira", "shapeISO": "", "shapeID": "84041B97594390238659", "shapeGroup": "KEN", "shapeType": "ADM1" }, "geometry": { "type": "Polygon", "coordinates": [ [ [ 35.019859516, -0.409650857 ], [ 34.999165899, -0.427403937 ], [ 34.966965899, -0.440503937 ], [ 34.940265899, -0.463003937 ], [ 34.931165899, -0.468603937 ], [ 34.905665899, -0.480203937 ], [ 34.881165899, -0.485803937 ], [ 34.858968888, -0.502440139 ], [ 34.863865899, -0.501603937 ], [ 34.869849569, -0.505115038 ], [ 34.869065899, -0.517103937 ], [ 34.870865899, -0.534103937 ], [ 34.875865899, -0.544703937 ], [ 34.876363742, -0.554204124 ], [ 34.878465899, -0.556103937 ], [ 34.872865899, -0.572753937 ], [ 34.881065899, -0.585803937 ], [ 34.879628346, -0.59036987 ], [ 34.882465899, -0.592003937 ], [ 34.889891382, -0.60243786 ], [ 34.889872092, -0.608010083 ], [ 34.886765899, -0.611903937 ], [ 34.874771771, -0.605992727 ], [ 34.867465899, -0.606603937 ], [ 34.859559288, -0.602278064 ], [ 34.854265899, -0.597103937 ], [ 34.842402021, -0.595997724 ], [ 34.835865899, -0.601803937 ], [ 34.830373522, -0.614542352 ], [ 34.820489882, -0.624425599 ], [ 34.813550899, -0.635498937 ], [ 34.810710546, -0.642823041 ], [ 34.809665899, -0.656503937 ], [ 34.809465899, -0.660403937 ], [ 34.811865899, -0.663403937 ], [ 34.797065899, -0.663703937 ], [ 34.791565899, -0.665253937 ], [ 34.788992725, -0.672110356 ], [ 34.778615899, -0.674053937 ], [ 34.784365899, -0.677903937 ], [ 34.786465899, -0.674603937 ], [ 34.788965899, -0.675803937 ], [ 34.793065899, -0.682003937 ], [ 34.792918649, -0.685668998 ], [ 34.795386857, -0.687678202 ], [ 34.800739804, -0.688084645 ], [ 34.808565899, -0.685803937 ], [ 34.820381349, -0.691979454 ], [ 34.822464709, -0.694860005 ], [ 34.822965899, -0.701003937 ], [ 34.824265899, -0.702553937 ], [ 34.835015007, -0.706367429 ], [ 34.841958679, -0.714486172 ], [ 34.869109337, -0.733112717 ], [ 34.885367568, -0.740857399 ], [ 34.887610156, -0.743674794 ], [ 34.898693844, -0.746806015 ], [ 34.903465899, -0.750703937 ], [ 34.907965899, -0.759303937 ], [ 34.911172079, -0.758114049 ], [ 34.918775899, -0.758496703 ], [ 34.923365899, -0.760103937 ], [ 34.928965899, -0.764603937 ], [ 34.934215899, -0.764653937 ], [ 34.939265899, -0.769603937 ], [ 34.943365899, -0.771203937 ], [ 35.01282502, -0.887919668 ], [ 35.013599648, -0.885262635 ], [ 35.012074828, -0.879565649 ], [ 35.017947488, -0.871026819 ], [ 35.020370483, -0.869432986 ], [ 35.023857117, -0.874156237 ], [ 35.025379181, -0.872793138 ], [ 35.025158099, -0.858798151 ], [ 35.021405754, -0.847364295 ], [ 35.024579842, -0.845524554 ], [ 35.031669649, -0.844601903 ], [ 35.044364929, -0.852508307 ], [ 35.091285339, -0.800883363 ], [ 35.047894623, -0.706537989 ], [ 35.050178751, -0.700583729 ], [ 35.060010203, -0.694704387 ], [ 35.06809765, -0.69407172 ], [ 35.072194043, -0.690792208 ], [ 35.069216511, -0.682547949 ], [ 35.062683934, -0.675314101 ], [ 35.063044445, -0.669866121 ], [ 35.057429707, -0.663461341 ], [ 35.055115131, -0.656017782 ], [ 35.056761431, -0.648511937 ], [ 35.055841578, -0.643008656 ], [ 35.058666813, -0.635893389 ], [ 35.062924622, -0.63274253 ], [ 35.064207338, -0.62927337 ], [ 35.061994268, -0.623522806 ], [ 35.058331632, -0.619605281 ], [ 35.057165142, -0.616331928 ], [ 35.062431632, -0.606355281 ], [ 35.061631632, -0.601155281 ], [ 35.056531632, -0.594955281 ], [ 35.051881632, -0.585105281 ], [ 35.048231632, -0.569705281 ], [ 35.050731632, -0.563255281 ], [ 35.049959684, -0.554679516 ], [ 35.051407368, -0.552953834 ], [ 35.050026625, -0.547322846 ], [ 35.052431632, -0.543305281 ], [ 35.049481632, -0.536105281 ], [ 35.052031632, -0.534705281 ], [ 35.052631632, -0.532155281 ], [ 35.050531632, -0.525405281 ], [ 35.047981632, -0.522705281 ], [ 35.056597366, -0.505406625 ], [ 35.052447366, -0.498106625 ], [ 35.049179203, -0.496611875 ], [ 35.043931632, -0.498305281 ], [ 35.032873766, -0.496155281 ], [ 35.034031632, -0.482655281 ], [ 35.039365899, -0.482303937 ], [ 35.040731632, -0.477755281 ], [ 35.042631632, -0.464055281 ], [ 35.042140348, -0.455811876 ], [ 35.045890432, -0.452184661 ], [ 35.044381632, -0.448955281 ], [ 35.044865899, -0.443603937 ], [ 35.038465899, -0.435903937 ], [ 35.038407651, -0.428534466 ], [ 35.033604094, -0.419901766 ], [ 35.026517566, -0.41272378 ], [ 35.020831632, -0.412055281 ], [ 35.019859516, -0.409650857 ] ] ] } },
{ "type": "Feature", "properties": { "shapeName": "Nairobi", "shapeISO": "", "shapeID": "84041B21327310696623", "shapeGroup": "KEN", "shapeType": "ADM1" }, "geometry": { "type": "Polygon", "coordinates": [ [ [ 37.10175972, -1.259075367 ], [ 37.086242676, -1.246274471 ], [ 37.094875336, -1.24239552 ], [ 37.088153839, -1.231168031 ], [ 37.080287933, -1.234879971 ], [ 37.062713623, -1.202702761 ], [ 37.057302475, -1.206525147 ], [ 37.053693772, -1.204123378 ], [ 37.037765503, -1.210351467 ], [ 37.033361435, -1.213707745 ], [ 37.030155182, -1.218444824 ], [ 37.023010254, -1.221586645 ], [ 37.022004263, -1.224625611 ], [ 37.016997337, -1.224934707 ], [ 37.013439178, -1.227621913 ], [ 37.012741089, -1.232515454 ], [ 37.010801316, -1.234003841 ], [ 37.003758749, -1.233890136 ], [ 36.994981766, -1.230136335 ], [ 36.991249085, -1.22261548 ], [ 36.986743927, -1.221169909 ], [ 36.977689743, -1.222271561 ], [ 36.969490051, -1.226661324 ], [ 36.961166382, -1.225231409 ], [ 36.957050324, -1.227012872 ], [ 36.953136444, -1.22423923 ], [ 36.948986053, -1.224645138 ], [ 36.93762207, -1.219165087 ], [ 36.931175232, -1.219945987 ], [ 36.920698166, -1.214248955 ], [ 36.915520668, -1.2101022 ], [ 36.912433624, -1.205048084 ], [ 36.941638402, -1.173297831 ], [ 36.938949585, -1.170129418 ], [ 36.933401108, -1.167380094 ], [ 36.927003861, -1.166500538 ], [ 36.919075012, -1.159868121 ], [ 36.897469521, -1.158210039 ], [ 36.893552781, -1.166848779 ], [ 36.888002396, -1.171354115 ], [ 36.894306183, -1.180607279 ], [ 36.896029473, -1.183985978 ], [ 36.895008087, -1.185492992 ], [ 36.898418427, -1.190366328 ], [ 36.890508652, -1.190699935 ], [ 36.885782242, -1.193479418 ], [ 36.873626709, -1.193813801 ], [ 36.863210678, -1.18792057 ], [ 36.859498978, -1.200572073 ], [ 36.855772018, -1.19924581 ], [ 36.851091385, -1.200508684 ], [ 36.849246979, -1.211320758 ], [ 36.839141846, -1.207007408 ], [ 36.837226868, -1.208368301 ], [ 36.834114075, -1.207768559 ], [ 36.830254873, -1.203808983 ], [ 36.834037018, -1.212483024 ], [ 36.790906906, -1.18904984 ], [ 36.784128825, -1.202017665 ], [ 36.789644877, -1.206404169 ], [ 36.783758799, -1.212538799 ], [ 36.778297424, -1.224342108 ], [ 36.771602631, -1.220980406 ], [ 36.769893647, -1.223865866 ], [ 36.756502152, -1.216778457 ], [ 36.746696472, -1.234678984 ], [ 36.728656769, -1.232403993 ], [ 36.72728157, -1.243224859 ], [ 36.725040436, -1.245201647 ], [ 36.725519181, -1.248294115 ], [ 36.718535614, -1.260810757 ], [ 36.715856553, -1.258417546 ], [ 36.702598572, -1.255783916 ], [ 36.700675965, -1.25982058 ], [ 36.696365356, -1.257601023 ], [ 36.693941752, -1.257903854 ], [ 36.69493103, -1.259395083 ], [ 36.693347295, -1.261641492 ], [ 36.69657135, -1.265996337 ], [ 36.693180909, -1.266334661 ], [ 36.694359462, -1.268185218 ], [ 36.690097809, -1.269434929 ], [ 36.691026688, -1.27339685 ], [ 36.687660853, -1.272497912 ], [ 36.689291001, -1.279256343 ], [ 36.686336517, -1.282303929 ], [ 36.680805206, -1.296204864 ], [ 36.678290939, -1.297938621 ], [ 36.67430687, -1.304752827 ], [ 36.670215607, -1.30358243 ], [ 36.665987015, -1.312167942 ], [ 36.663475037, -1.317285061 ], [ 36.672790527, -1.321908236 ], [ 36.669067383, -1.323598862 ], [ 36.674861908, -1.327842593 ], [ 36.678886414, -1.32598269 ], [ 36.682552338, -1.334948897 ], [ 36.684883118, -1.33483243 ], [ 36.68938446, -1.347097874 ], [ 36.692802429, -1.350649357 ], [ 36.702194214, -1.349484921 ], [ 36.726093292, -1.370908022 ], [ 36.741531372, -1.37943542 ], [ 36.744155884, -1.378611922 ], [ 36.748861313, -1.382234126 ], [ 36.760215759, -1.382227302 ], [ 36.764326096, -1.383438766 ], [ 36.767538071, -1.386281684 ], [ 36.772603989, -1.386505425 ], [ 36.780152639, -1.384123961 ], [ 36.782686234, -1.386766851 ], [ 36.786632538, -1.384912252 ], [ 36.789867401, -1.385347873 ], [ 36.793727875, -1.382948756 ], [ 36.795351029, -1.383574188 ], [ 36.795721054, -1.385767967 ], [ 36.800449372, -1.385114491 ], [ 36.802839279, -1.386337399 ], [ 36.804901123, -1.384366632 ], [ 36.805580139, -1.386844486 ], [ 36.808461189, -1.385712236 ], [ 36.809138934, -1.383354703 ], [ 36.811749776, -1.384073456 ], [ 36.814682007, -1.379863798 ], [ 36.819103241, -1.378920197 ], [ 36.822763443, -1.38329345 ], [ 36.827949524, -1.385287225 ], [ 36.836475372, -1.386293689 ], [ 36.836843491, -1.384680092 ], [ 36.839361191, -1.385894418 ], [ 36.843465805, -1.384384692 ], [ 36.844770432, -1.388962984 ], [ 36.849552155, -1.394140303 ], [ 36.857257843, -1.396626353 ], [ 36.863632202, -1.401655972 ], [ 36.869678497, -1.401229322 ], [ 36.870605469, -1.405020058 ], [ 36.881708145, -1.403688312 ], [ 36.894877116, -1.40919594 ], [ 36.894374847, -1.411015868 ], [ 36.890182495, -1.410511971 ], [ 36.889862061, -1.412252307 ], [ 36.931358337, -1.430459023 ], [ 36.942565918, -1.43052121 ], [ 36.950065613, -1.43555069 ], [ 36.955572129, -1.434898078 ], [ 36.957519531, -1.439851999 ], [ 36.960784912, -1.442147811 ], [ 36.962081909, -1.436426878 ], [ 36.959518433, -1.435135484 ], [ 36.95483017, -1.426156282 ], [ 36.947891236, -1.421497643 ], [ 36.945392609, -1.407474041 ], [ 36.942568461, -1.402077159 ], [ 36.936281204, -1.396738142 ], [ 36.931269646, -1.396082133 ], [ 36.927745819, -1.391873797 ], [ 36.922718048, -1.392016649 ], [ 36.921047211, -1.384527922 ], [ 36.914539337, -1.372324705 ], [ 36.905645371, -1.361825227 ], [ 36.933921814, -1.336382747 ], [ 36.960414886, -1.346018195 ], [ 36.965770721, -1.351785779 ], [ 36.983566284, -1.31245327 ], [ 36.973838806, -1.287217379 ], [ 36.994808197, -1.27906394 ], [ 37.001937866, -1.298352003 ], [ 37.025959015, -1.289510131 ], [ 37.075730324, -1.301037639 ], [ 37.075481415, -1.298165719 ], [ 37.072386424, -1.297228535 ], [ 37.072402954, -1.292694628 ], [ 37.075934728, -1.288769126 ], [ 37.076442719, -1.282840132 ], [ 37.077998162, -1.281250775 ], [ 37.082567215, -1.282370567 ], [ 37.083864213, -1.277674674 ], [ 37.087387085, -1.274792134 ], [ 37.096752803, -1.271054983 ], [ 37.100805283, -1.272654871 ], [ 37.10367012, -1.263019919 ], [ 37.10175972, -1.259075367 ] ] ] } }
]
}
